"datetime","julian_day","broodyr_day","month","year","BY","flow_cms","max_daily_temp_C","median_daily_temp_C","emigration_period"
36526,1,185,1,2000,1999,198.784265940002,9.5,NA,"y"
36527,2,186,1,2000,1999,199.067434410002,9.5,NA,"y"
36528,3,187,1,2000,1999,196.518918180002,9,NA,"y"
36529,4,188,1,2000,1999,193.970401950002,9.5,NA,"y"
36530,5,189,1,2000,1999,193.120896540002,9.5,NA,"y"
36531,6,190,1,2000,1999,189.722874900002,9.5,NA,"y"
36532,7,191,1,2000,1999,186.324853260002,9.5,NA,"y"
36533,8,192,1,2000,1999,182.077326210002,9.5,NA,"y"
36534,9,193,1,2000,1999,178.112967630002,9.5,NA,"y"
36535,10,194,1,2000,1999,178.112967630002,10,NA,"y"
36536,11,195,1,2000,1999,179.811978450002,11,NA,"y"
36537,12,196,1,2000,1999,186.891190200002,10.5,NA,"y"
36538,13,197,1,2000,1999,226.534776000002,10.5,NA,"y"
36539,14,198,1,2000,1999,230.499134580002,10.5,NA,"y"
36540,15,199,1,2000,1999,226.534776000002,11,NA,"y"
36541,16,200,1,2000,1999,291.663524100003,11.5,NA,"y"
36542,17,201,1,2000,1999,424.752705000004,11.5,NA,"y"
36543,18,202,1,2000,1999,410.594281500004,10.5,NA,"y"
36544,19,203,1,2000,1999,351.128902800003,10.5,NA,"y"
36545,20,204,1,2000,1999,379.445749800003,11,NA,"y"
36546,21,205,1,2000,1999,540.851777700005,11.5,NA,"y"
36547,22,206,1,2000,1999,495.544822500004,11,NA,"y"
36548,23,207,1,2000,1999,410.594281500004,10.5,NA,"y"
36549,24,208,1,2000,1999,416.257650900004,10.5,NA,"y"
36550,25,209,1,2000,1999,588.990417600005,10.5,NA,"y"
36551,26,210,1,2000,1999,668.277589200006,11,NA,"y"
36552,27,211,1,2000,1999,659.782535100006,11,NA,"y"
36553,28,212,1,2000,1999,625.802318700006,11,NA,"y"
36554,29,213,1,2000,1999,574.831994100005,10.5,NA,"y"
36555,30,214,1,2000,1999,577.663678800005,10,NA,"y"
36556,31,215,1,2000,1999,659.782535100006,10,NA,"y"
36557,32,216,2,2000,1999,716.416229100006,10,NA,"n"
36558,33,217,2,2000,1999,696.594436200006,10,NA,"n"
36559,34,218,2,2000,1999,668.277589200006,10,NA,"n"
36560,35,219,2,2000,1999,634.297372800006,10.5,NA,"n"
36561,36,220,2,2000,1999,642.792426900006,10.5,NA,"n"
36562,37,221,2,2000,1999,642.792426900006,10.5,NA,"n"
36563,38,222,2,2000,1999,668.277589200006,10.5,NA,"n"
36564,39,223,2,2000,1999,622.970634000006,10.5,NA,"n"
36565,40,224,2,2000,1999,557.841885900005,10.5,NA,"n"
36566,41,225,2,2000,1999,526.693354200005,10.5,NA,"n"
36567,42,226,2,2000,1999,603.148841100005,11,NA,"n"
36568,43,227,2,2000,1999,719.247913800006,10.5,NA,"n"
36569,44,228,2,2000,1999,770.218238400007,10,NA,"n"
36570,45,229,2,2000,1999,790.040031300007,10,NA,"n"
36571,46,230,2,2000,1999,821.188563000007,11,NA,"n"
36572,47,231,2,2000,1999,826.851932400007,11,NA,"n"
36573,48,232,2,2000,1999,812.693508900007,10,NA,"n"
36574,49,233,2,2000,1999,801.366770100007,10,NA,"n"
36575,50,234,2,2000,1999,792.871716000007,10.5,NA,"n"
36576,51,235,2,2000,1999,784.376661900007,10,NA,"n"
36577,52,236,2,2000,1999,778.713292500007,10.5,NA,"n"
36578,53,237,2,2000,1999,781.544977200007,10.5,NA,"n"
36579,54,238,2,2000,1999,787.208346600007,10.5,NA,"n"
36580,55,239,2,2000,1999,812.693508900007,10,NA,"n"
36581,56,240,2,2000,1999,812.693508900007,10,NA,"n"
36582,57,241,2,2000,1999,798.535085400007,9.5,NA,"n"
36583,58,242,2,2000,1999,798.535085400007,10,NA,"n"
36584,59,243,2,2000,1999,815.525193600007,10.5,NA,"n"
36585,60,244,2,2000,1999,821.188563000007,10.5,NA,"n"
36586,61,245,3,2000,1999,815.525193600007,10.5,NA,"n"
36587,62,246,3,2000,1999,815.525193600007,10,NA,"n"
36588,63,247,3,2000,1999,812.693508900007,10,NA,"n"
36589,64,248,3,2000,1999,807.030139500007,10.5,NA,"n"
36590,65,249,3,2000,1999,807.030139500007,10.5,NA,"n"
36591,66,250,3,2000,1999,818.356878300007,10,NA,"n"
36592,67,251,3,2000,1999,826.851932400007,10,NA,"n"
36593,68,252,3,2000,1999,812.693508900007,10,NA,"n"
36594,69,253,3,2000,1999,804.198454800007,10,NA,"n"
36595,70,254,3,2000,1999,807.030139500007,10,NA,"n"
36596,71,255,3,2000,1999,807.030139500007,10.5,NA,"n"
36597,72,256,3,2000,1999,795.703400700007,11,NA,"n"
36598,73,257,3,2000,1999,778.713292500007,11.5,NA,"n"
36599,74,258,3,2000,1999,761.723184300007,12,NA,"n"
36600,75,259,3,2000,1999,747.564760800007,12.5,NA,"n"
36601,76,260,3,2000,1999,730.574652600007,12.5,NA,"n"
36602,77,261,3,2000,1999,699.426120900006,12.5,NA,"n"
36603,78,262,3,2000,1999,668.277589200006,12.5,NA,"n"
36604,79,263,3,2000,1999,634.297372800006,13,NA,"n"
36605,80,264,3,2000,1999,583.327048200005,13,NA,"n"
36606,81,265,3,2000,1999,560.673570600005,12.5,NA,"n"
36607,82,266,3,2000,1999,538.020093000005,13,NA,"n"
36608,83,267,3,2000,1999,512.534930700005,13.5,NA,"n"
36609,84,268,3,2000,1999,481.386399000004,14,NA,"n"
36610,85,269,3,2000,1999,453.069552000004,14.5,NA,"n"
36611,86,270,3,2000,1999,427.584389700004,15,NA,"n"
36612,87,271,3,2000,1999,410.594281500004,15,NA,"n"
36613,88,272,3,2000,1999,396.435858000004,15,NA,"n"
36614,89,273,3,2000,1999,387.940803900003,15,NA,"n"
36615,90,274,3,2000,1999,376.614065100003,15,NA,"n"
36616,91,275,3,2000,1999,359.623956900003,15,NA,"n"
36617,92,276,4,2000,1999,348.297218100003,15,NA,"n"
36618,93,277,4,2000,1999,331.307109900003,16,NA,"n"
36619,94,278,4,2000,1999,319.980371100003,17,NA,"n"
36620,95,279,4,2000,1999,311.485317000003,17.5,NA,"n"
36621,96,280,4,2000,1999,305.821947600003,17.5,NA,"n"
36622,97,281,4,2000,1999,302.990262900003,17.5,NA,"n"
36623,98,282,4,2000,1999,297.326893500003,18,NA,"n"
36624,99,283,4,2000,1999,288.831839400003,17.5,NA,"n"
36625,100,284,4,2000,1999,282.885301530003,17.5,NA,"n"
36626,101,285,4,2000,1999,297.326893500003,17.5,NA,"n"
36627,102,286,4,2000,1999,314.317001700003,17.5,NA,"n"
36628,103,287,4,2000,1999,317.148686400003,17.5,NA,"n"
36629,104,288,4,2000,1999,317.148686400003,17.5,NA,"n"
36630,105,289,4,2000,1999,319.980371100003,17.5,NA,"n"
36631,106,290,4,2000,1999,336.970479300003,17,NA,"n"
36632,107,291,4,2000,1999,331.307109900003,16,NA,"n"
36633,108,292,4,2000,1999,328.475425200003,15.5,NA,"n"
36634,109,293,4,2000,1999,393.604173300004,14.5,NA,"n"
36635,110,294,4,2000,1999,535.188408300005,13.5,NA,"n"
36636,111,295,4,2000,1999,521.029984800005,14.5,NA,"n"
36637,112,296,4,2000,1999,461.564606100004,16,NA,"n"
36638,113,297,4,2000,1999,416.257650900004,16.5,NA,"n"
36639,114,298,4,2000,1999,390.772488600003,17,NA,"n"
36640,115,299,4,2000,1999,376.614065100003,17.5,NA,"n"
36641,116,300,4,2000,1999,356.792272200003,17.5,NA,"n"
36642,117,301,4,2000,1999,336.970479300003,17.5,NA,"n"
36643,118,302,4,2000,1999,311.485317000003,17.5,NA,"n"
36644,119,303,4,2000,1999,291.663524100003,17,NA,"n"
36645,120,304,4,2000,1999,279.770448360002,17,NA,"n"
36646,121,305,4,2000,1999,279.487279890002,17,NA,"n"
36647,122,306,5,2000,1999,286.000154700003,17.5,NA,"n"
36648,123,307,5,2000,1999,280.336785300002,18,NA,"n"
36649,124,308,5,2000,1999,286.000154700003,18.5,NA,"n"
36650,125,309,5,2000,1999,305.821947600003,18.5,NA,"n"
36651,126,310,5,2000,1999,305.821947600003,18,NA,"n"
36652,127,311,5,2000,1999,302.990262900003,17.5,NA,"n"
36653,128,312,5,2000,1999,314.317001700003,16,NA,"n"
36654,129,313,5,2000,1999,317.148686400003,15,NA,"n"
36655,130,314,5,2000,1999,317.148686400003,16,NA,"n"
36656,131,315,5,2000,1999,308.653632300003,16.5,NA,"n"
36657,132,316,5,2000,1999,277.221932130002,17,NA,"n"
36658,133,317,5,2000,1999,254.002117590002,17,NA,"n"
36659,134,318,5,2000,1999,231.631808460002,16.5,NA,"n"
36660,135,319,5,2000,1999,218.039721900002,16.5,NA,"n"
36661,136,320,5,2000,1999,223.136754360002,15.5,NA,"n"
36662,137,321,5,2000,1999,231.631808460002,15,NA,"n"
36663,138,322,5,2000,1999,274.673415900002,15.5,NA,"n"
36664,139,323,5,2000,1999,280.336785300002,17,NA,"n"
36665,140,324,5,2000,1999,255.701128410002,19,NA,"n"
36666,141,325,5,2000,1999,250.320927480002,20.5,NA,"n"
36667,142,326,5,2000,1999,275.806089780002,21,NA,"n"
36668,143,327,5,2000,1999,302.990262900003,21,NA,"n"
36669,144,328,5,2000,1999,305.821947600003,21,NA,"n"
36670,145,329,5,2000,1999,300.158578200003,21,NA,"n"
36671,146,330,5,2000,1999,291.663524100003,21,NA,"n"
36672,147,331,5,2000,1999,300.158578200003,20.5,NA,"n"
36673,148,332,5,2000,1999,274.390247430002,20.5,NA,"n"
36674,149,333,5,2000,1999,267.877372620002,21,NA,"n"
36675,150,334,5,2000,1999,270.425888850002,21,NA,"n"
36676,151,335,5,2000,1999,270.425888850002,20,NA,"n"
36677,152,336,5,2000,1999,263.346677100002,19,NA,"n"
36678,153,337,6,2000,1999,260.514992400002,18.5,NA,"n"
36679,154,338,6,2000,1999,253.718949120002,19,NA,"n"
36680,155,339,6,2000,1999,238.144683270002,20,NA,"n"
36681,156,340,6,2000,1999,228.516955290002,20.5,NA,"n"
36682,157,341,6,2000,1999,225.402102120002,20,NA,"n"
36683,158,342,6,2000,1999,218.889227310002,20,NA,"n"
36684,159,343,6,2000,1999,206.146646160002,20,NA,"n"
36685,160,344,6,2000,1999,209.544667800002,19.5,NA,"n"
36686,161,345,6,2000,1999,218.039721900002,19.5,NA,"n"
36687,162,346,6,2000,1999,223.703091300002,19,NA,"n"
36688,163,347,6,2000,1999,226.534776000002,19,NA,"n"
36689,164,348,6,2000,1999,226.534776000002,19.5,NA,"n"
36690,165,349,6,2000,1999,227.384281410002,20.5,NA,"n"
36691,166,350,6,2000,1999,254.285286060002,21,NA,"n"
36692,167,351,6,2000,1999,268.726878030002,21,NA,"n"
36693,168,352,6,2000,1999,265.045687920002,21.5,NA,"n"
36694,169,353,6,2000,1999,256.267465350002,21,NA,"n"
36695,170,354,6,2000,1999,242.392210320002,21,NA,"n"
36696,171,355,6,2000,1999,235.029830100002,20.5,NA,"n"
36697,172,356,6,2000,1999,227.950618350002,21,NA,"n"
36698,173,357,6,2000,1999,221.720912010002,21.5,NA,"n"
36699,174,358,6,2000,1999,228.516955290002,21,NA,"n"
36700,175,359,6,2000,1999,225.685270590002,21,NA,"n"
36701,176,360,6,2000,1999,217.756553430002,21,NA,"n"
36702,177,361,6,2000,1999,218.322890370002,21,NA,"n"
36703,178,362,6,2000,1999,224.552596710002,21,NA,"n"
36704,179,363,6,2000,1999,230.215966110002,21.5,NA,"n"
36705,180,364,6,2000,1999,232.198145400002,21.5,NA,"n"
36706,181,365,6,2000,1999,238.144683270002,21.5,NA,"n"
36707,182,366,6,2000,1999,242.958547260002,21.5,NA,"n"
36708,183,1,7,2000,2000,248.055579720002,21,NA,"n"
36709,184,2,7,2000,2000,246.356568900002,20.5,NA,"n"
36710,185,3,7,2000,2000,246.356568900002,20,NA,"n"
36711,186,4,7,2000,2000,252.869443710002,19.5,NA,"n"
36712,187,5,7,2000,2000,257.116970760002,19.5,NA,"n"
36713,188,6,7,2000,2000,273.540742020002,19,NA,"n"
36714,189,7,7,2000,2000,276.655595190002,18.5,NA,"n"
36715,190,8,7,2000,2000,275.522921310002,19,NA,"n"
36716,191,9,7,2000,2000,277.505100600002,19.5,NA,"n"
36717,192,10,7,2000,2000,279.204111420003,19.5,NA,"n"
36718,193,11,7,2000,2000,281.469459180003,20,NA,"n"
36719,194,12,7,2000,2000,281.469459180003,20.5,NA,"n"
36720,195,13,7,2000,2000,277.788269070002,20.5,NA,"n"
36721,196,14,7,2000,2000,274.107078960002,20.5,NA,"n"
36722,197,15,7,2000,2000,279.487279890002,20,NA,"n"
36723,198,16,7,2000,2000,276.938763660002,20,NA,"n"
36724,199,17,7,2000,2000,275.806089780002,19.5,NA,"n"
36725,200,18,7,2000,2000,282.318964590003,19.5,NA,"n"
36726,201,19,7,2000,2000,281.186290710003,20,NA,"n"
36727,202,20,7,2000,2000,278.354606010002,20.5,NA,"n"
36728,203,21,7,2000,2000,277.505100600002,20.5,NA,"n"
36729,204,22,7,2000,2000,275.806089780002,20.5,NA,"n"
36730,205,23,7,2000,2000,274.673415900002,21,NA,"n"
36731,206,24,7,2000,2000,273.540742020002,21,NA,"n"
36732,207,25,7,2000,2000,275.239752840002,20.5,NA,"n"
36733,208,26,7,2000,2000,274.390247430002,20,NA,"n"
36734,209,27,7,2000,2000,273.540742020002,20,NA,"n"
36735,210,28,7,2000,2000,279.770448360002,20,NA,"n"
36736,211,29,7,2000,2000,288.831839400003,20.5,NA,"n"
36737,212,30,7,2000,2000,286.000154700003,20.5,NA,"n"
36738,213,31,7,2000,2000,282.602133060003,20,NA,"n"
36739,214,32,8,2000,2000,278.637774480002,20,NA,"y"
36740,215,33,8,2000,2000,273.823910490002,20.5,NA,"y"
36741,216,34,8,2000,2000,275.806089780002,21,NA,"y"
36742,217,35,8,2000,2000,276.089258250002,20.5,NA,"y"
36743,218,36,8,2000,2000,274.956584370002,20.5,NA,"y"
36744,219,37,8,2000,2000,262.214003220002,20.5,NA,"y"
36745,220,38,8,2000,2000,254.002117590002,20.5,NA,"y"
36746,221,39,8,2000,2000,253.152612180002,20.5,NA,"y"
36747,222,40,8,2000,2000,254.285286060002,20.5,NA,"y"
36748,223,41,8,2000,2000,242.109041850002,20,NA,"y"
36749,224,42,8,2000,2000,222.570417420002,20.5,NA,"y"
36750,225,43,8,2000,2000,219.172395780002,21,NA,"y"
36751,226,44,8,2000,2000,221.720912010002,21,NA,"y"
36752,227,45,8,2000,2000,221.437743540002,20.5,NA,"y"
36753,228,46,8,2000,2000,219.738732720002,20.5,NA,"y"
36754,229,47,8,2000,2000,217.190216490002,20.5,NA,"y"
36755,230,48,8,2000,2000,212.942689440002,20.5,NA,"y"
36756,231,49,8,2000,2000,204.447635340002,20.5,NA,"y"
36757,232,50,8,2000,2000,198.217929000002,20.5,NA,"y"
36758,233,51,8,2000,2000,187.457527140002,20.5,NA,"y"
36759,234,52,8,2000,2000,183.493168560002,20.5,NA,"y"
36760,235,53,8,2000,2000,181.510989270002,20.5,NA,"y"
36761,236,54,8,2000,2000,183.210000090002,20.5,NA,"y"
36762,237,55,8,2000,2000,186.608021730002,20.5,NA,"y"
36763,238,56,8,2000,2000,179.811978450002,20.5,NA,"y"
36764,239,57,8,2000,2000,180.095146920002,20.5,NA,"y"
36765,240,58,8,2000,2000,184.342673970002,20.5,NA,"y"
36766,241,59,8,2000,2000,188.023864080002,20.5,NA,"y"
36767,242,60,8,2000,2000,197.368423590002,20.5,NA,"y"
36768,243,61,8,2000,2000,203.598129930002,19.5,NA,"y"
36769,244,62,8,2000,2000,210.111004740002,18.5,NA,"y"
36770,245,63,9,2000,2000,208.128825450002,18,NA,"y"
36771,246,64,9,2000,2000,203.031792990002,18,NA,"y"
36772,247,65,9,2000,2000,208.411993920002,18,NA,"y"
36773,248,66,9,2000,2000,210.677341680002,18,NA,"y"
36774,249,67,9,2000,2000,209.261499330002,18.5,NA,"y"
36775,250,68,9,2000,2000,208.411993920002,19,NA,"y"
36776,251,69,9,2000,2000,208.411993920002,19.5,NA,"y"
36777,252,70,9,2000,2000,204.447635340002,20,NA,"y"
36778,253,71,9,2000,2000,199.067434410002,20,NA,"y"
36779,254,72,9,2000,2000,196.235749710002,20.5,NA,"y"
36780,255,73,9,2000,2000,193.120896540002,20.5,NA,"y"
36781,256,74,9,2000,2000,193.404065010002,20.5,NA,"y"
36782,257,75,9,2000,2000,191.988222660002,20.5,NA,"y"
36783,258,76,9,2000,2000,187.457527140002,20.5,NA,"y"
36784,259,77,9,2000,2000,186.891190200002,20,NA,"y"
36785,260,78,9,2000,2000,193.970401950002,20,NA,"y"
36786,261,79,9,2000,2000,208.128825450002,20,NA,"y"
36787,262,80,9,2000,2000,201.899119110002,20.5,NA,"y"
36788,263,81,9,2000,2000,202.182287580002,20.5,NA,"y"
36789,264,82,9,2000,2000,210.677341680002,21,NA,"y"
36790,265,83,9,2000,2000,219.455564250002,21,NA,"y"
36791,266,84,9,2000,2000,227.384281410002,20.5,NA,"y"
36792,267,85,9,2000,2000,227.950618350002,19,NA,"y"
36793,268,86,9,2000,2000,218.039721900002,18.5,NA,"y"
36794,269,87,9,2000,2000,213.792194850002,18,NA,"y"
36795,270,88,9,2000,2000,212.942689440002,17.5,NA,"y"
36796,271,89,9,2000,2000,210.960510150002,18,NA,"y"
36797,272,90,9,2000,2000,199.916939820002,18,NA,"y"
36798,273,91,9,2000,2000,185.758516320002,18.5,NA,"y"
36799,274,92,9,2000,2000,177.263462220002,19,NA,"y"
36800,275,93,10,2000,2000,176.413956810002,19.5,NA,"y"
36801,276,94,10,2000,2000,175.564451400002,19.5,NA,"y"
36802,277,95,10,2000,2000,174.148609050002,19.5,NA,"y"
36803,278,96,10,2000,2000,173.015935170002,19.5,NA,"y"
36804,279,97,10,2000,2000,167.918902710002,19,NA,"y"
36805,280,98,10,2000,2000,163.388207190001,19,NA,"y"
36806,281,99,10,2000,2000,156.875332380001,18.5,NA,"y"
36807,282,100,10,2000,2000,152.061468390001,18,NA,"y"
36808,283,101,10,2000,2000,150.928794510001,18,NA,"y"
36809,284,102,10,2000,2000,149.512952160001,17,NA,"y"
36810,285,103,10,2000,2000,161.972364840001,16,NA,"y"
36811,286,104,10,2000,2000,173.015935170002,15.5,NA,"y"
36812,287,105,10,2000,2000,176.130788340002,15.5,NA,"y"
36813,288,106,10,2000,2000,173.582272110002,16,NA,"y"
36814,289,107,10,2000,2000,170.750587410002,16.5,NA,"y"
36815,290,108,10,2000,2000,169.617913530002,16.5,NA,"y"
36816,291,109,10,2000,2000,173.015935170002,16.5,NA,"y"
36817,292,110,10,2000,2000,171.600092820002,16.5,NA,"y"
36818,293,111,10,2000,2000,166.503060360001,16.5,NA,"y"
36819,294,112,10,2000,2000,159.423848610001,16.5,NA,"y"
36820,295,113,10,2000,2000,157.441669320001,16,NA,"y"
36821,296,114,10,2000,2000,150.645626040001,15,NA,"y"
36822,297,115,10,2000,2000,141.301066530001,13.5,NA,"y"
36823,298,116,10,2000,2000,135.354528660001,14,NA,"y"
36824,299,117,10,2000,2000,133.372349370001,14,NA,"y"
36825,300,118,10,2000,2000,135.354528660001,14,NA,"y"
36826,301,119,10,2000,2000,144.132751230001,14,NA,"y"
36827,302,120,10,2000,2000,155.742658500001,14,NA,"y"
36828,303,121,10,2000,2000,160.839690960001,13.5,NA,"y"
36829,304,122,10,2000,2000,186.324853260002,13.5,NA,"y"
36830,305,123,10,2000,2000,194.536738890002,13,NA,"y"
36831,306,124,11,2000,2000,189.156537960002,13,NA,"y"
36832,307,125,11,2000,2000,182.360494680002,13.5,NA,"y"
36833,308,126,11,2000,2000,172.732766700002,14,NA,"y"
36834,309,127,11,2000,2000,163.388207190001,14.5,NA,"y"
36835,310,128,11,2000,2000,158.574343200001,14.5,NA,"y"
36836,311,129,11,2000,2000,155.742658500001,14.5,NA,"y"
36837,312,130,11,2000,2000,151.778299920001,14,NA,"y"
36838,313,131,11,2000,2000,147.813941340001,13.5,NA,"y"
36839,314,132,11,2000,2000,150.079289100001,13,NA,"y"
36840,315,133,11,2000,2000,155.459490030001,13,NA,"y"
36841,316,134,11,2000,2000,153.477310740001,12.5,NA,"y"
36842,317,135,11,2000,2000,153.194142270001,12,NA,"y"
36843,318,136,11,2000,2000,154.893153090001,11.5,NA,"y"
36844,319,137,11,2000,2000,157.441669320001,10.5,NA,"y"
36845,320,138,11,2000,2000,159.990185550001,10,NA,"y"
36846,321,139,11,2000,2000,164.237712600001,10,NA,"y"
36847,322,140,11,2000,2000,162.255533310001,10,NA,"y"
36848,323,141,11,2000,2000,160.273354020001,10,NA,"y"
36849,324,142,11,2000,2000,165.087218010001,10.5,NA,"y"
36850,325,143,11,2000,2000,167.069397300001,10.5,NA,"y"
36851,326,144,11,2000,2000,166.786228830001,10.5,NA,"y"
36852,327,145,11,2000,2000,168.485239650002,10.5,NA,"y"
36853,328,146,11,2000,2000,168.768408120002,10.5,NA,"y"
36854,329,147,11,2000,2000,168.768408120002,10.5,NA,"y"
36855,330,148,11,2000,2000,169.051576590002,10.5,NA,"y"
36856,331,149,11,2000,2000,170.467418940002,10.5,NA,"y"
36857,332,150,11,2000,2000,169.617913530002,11,NA,"y"
36858,333,151,11,2000,2000,169.901082000002,11,NA,"y"
36859,334,152,11,2000,2000,173.582272110002,11.5,NA,"y"
36860,335,153,11,2000,2000,177.829799160002,11.5,NA,"y"
36861,336,154,12,2000,2000,190.572380310002,11.5,NA,"y"
36862,337,155,12,2000,2000,197.934760530002,11.5,NA,"y"
36863,338,156,12,2000,2000,192.837728070002,11,NA,"y"
36864,339,157,12,2000,2000,186.324853260002,11,NA,"y"
36865,340,158,12,2000,2000,182.360494680002,11,NA,"y"
36866,341,159,12,2000,2000,181.794157740002,10.5,NA,"y"
36867,342,160,12,2000,2000,179.245641510002,10.5,NA,"y"
36868,343,161,12,2000,2000,176.413956810002,11,NA,"y"
36869,344,162,12,2000,2000,174.148609050002,11,NA,"y"
36870,345,163,12,2000,2000,171.600092820002,11.5,NA,"y"
36871,346,164,12,2000,2000,173.582272110002,11.5,NA,"y"
36872,347,165,12,2000,2000,175.281282930002,11.5,NA,"y"
36873,348,166,12,2000,2000,176.130788340002,11.5,NA,"y"
36874,349,167,12,2000,2000,181.794157740002,11,NA,"y"
36875,350,168,12,2000,2000,194.536738890002,11,NA,"y"
36876,351,169,12,2000,2000,228.233786820002,11,NA,"y"
36877,352,170,12,2000,2000,221.154575070002,11,NA,"y"
36878,353,171,12,2000,2000,197.368423590002,10.5,NA,"y"
36879,354,172,12,2000,2000,185.475347850002,10,NA,"y"
36880,355,173,12,2000,2000,180.095146920002,10,NA,"y"
36881,356,174,12,2000,2000,177.263462220002,10,NA,"y"
36882,357,175,12,2000,2000,176.413956810002,10,NA,"y"
36883,358,176,12,2000,2000,178.396136100002,10,NA,"y"
36884,359,177,12,2000,2000,178.396136100002,10,NA,"y"
36885,360,178,12,2000,2000,176.697125280002,10,NA,"y"
36886,361,179,12,2000,2000,174.431777520002,9.5,NA,"y"
36887,362,180,12,2000,2000,175.847619870002,9,NA,"y"
36888,363,181,12,2000,2000,174.431777520002,9,NA,"y"
36889,364,182,12,2000,2000,175.564451400002,9,NA,"y"
36890,365,183,12,2000,2000,175.281282930002,9,NA,"y"
36891,366,184,12,2000,2000,173.582272110002,9,NA,"y"
36892,1,185,1,2001,2000,173.865440580002,9,NA,"y"
36893,2,186,1,2001,2000,173.299103640002,9,NA,"y"
36894,3,187,1,2001,2000,172.732766700002,9,NA,"y"
36895,4,188,1,2001,2000,173.865440580002,9,NA,"y"
36896,5,189,1,2001,2000,172.449598230002,9.5,NA,"y"
36897,6,190,1,2001,2000,169.901082000002,9.5,NA,"y"
36898,7,191,1,2001,2000,167.069397300001,9.5,NA,"y"
36899,8,192,1,2001,2000,167.352565770001,9,NA,"y"
36900,9,193,1,2001,2000,179.811978450002,9,NA,"y"
36901,10,194,1,2001,2000,202.465456050002,9,NA,"y"
36902,11,195,1,2001,2000,222.570417420002,8.5,NA,"y"
36903,12,196,1,2001,2000,385.109119200003,9,NA,"y"
36904,13,197,1,2001,2000,385.109119200003,8.5,NA,"y"
36905,14,198,1,2001,2000,311.485317000003,8.5,NA,"y"
36906,15,199,1,2001,2000,267.877372620002,8.5,NA,"y"
36907,16,200,1,2001,2000,248.338748190002,8,NA,"y"
36908,17,201,1,2001,2000,233.047650810002,7.5,NA,"y"
36909,18,202,1,2001,2000,222.287248950002,7.5,NA,"y"
36910,19,203,1,2001,2000,214.358531790002,8,NA,"y"
36911,20,204,1,2001,2000,208.411993920002,8,NA,"y"
36912,21,205,1,2001,2000,203.314961460002,8,NA,"y"
36913,22,206,1,2001,2000,200.483276760002,8.5,NA,"y"
36914,23,207,1,2001,2000,200.766445230002,9,NA,"y"
36915,24,208,1,2001,2000,205.863477690002,9.5,NA,"y"
36916,25,209,1,2001,2000,279.770448360002,9,NA,"y"
36917,26,210,1,2001,2000,444.574497900004,9,NA,"y"
36918,27,211,1,2001,2000,586.158732900005,7.5,NA,"y"
36919,28,212,1,2001,2000,498.376507200004,7,NA,"y"
36920,29,213,1,2001,2000,373.782380400003,8,NA,"y"
36921,30,214,1,2001,2000,308.653632300003,8,NA,"y"
36922,31,215,1,2001,2000,274.390247430002,8,NA,"y"
36923,32,216,2,2001,2000,250.320927480002,8,NA,"n"
36924,33,217,2,2001,2000,235.312998570002,8.5,NA,"n"
36925,34,218,2,2001,2000,225.118933650002,9,NA,"n"
36926,35,219,2,2001,2000,216.340711080002,10.5,NA,"n"
36927,36,220,2,2001,2000,209.544667800002,11,NA,"n"
36928,37,221,2,2001,2000,203.031792990002,11.5,NA,"n"
36929,38,222,2,2001,2000,201.049613700002,11,NA,"n"
36930,39,223,2,2001,2000,197.651592060002,10,NA,"n"
36931,40,224,2,2001,2000,194.253570420002,9,NA,"n"
36932,41,225,2,2001,2000,196.235749710002,8.5,NA,"n"
36933,42,226,2,2001,2000,247.206074310002,8.5,NA,"n"
36934,43,227,2,2001,2000,359.623956900003,8,NA,"n"
36935,44,228,2,2001,2000,393.604173300004,7.5,NA,"n"
36936,45,229,2,2001,2000,368.119011000003,8,NA,"n"
36937,46,230,2,2001,2000,308.653632300003,8.5,NA,"n"
36938,47,231,2,2001,2000,266.461530270002,9.5,NA,"n"
36939,48,232,2,2001,2000,245.223895020002,9.5,NA,"n"
36940,49,233,2,2001,2000,234.746661630002,9.5,NA,"n"
36941,50,234,2,2001,2000,261.081329340002,10,NA,"n"
36942,51,235,2,2001,2000,319.980371100003,10,NA,"n"
36943,52,236,2,2001,2000,461.564606100004,10,NA,"n"
36944,53,237,2,2001,2000,563.505255300005,10,NA,"n"
36945,54,238,2,2001,2000,588.990417600005,10.5,NA,"n"
36946,55,239,2,2001,2000,625.802318700006,10,NA,"n"
36947,56,240,2,2001,2000,543.683462400005,9.5,NA,"n"
36948,57,241,2,2001,2000,696.594436200006,9.5,NA,"n"
36949,58,242,2,2001,2000,682.436012700006,10,NA,"n"
36950,59,243,2,2001,2000,543.683462400005,10.5,NA,"n"
36951,60,244,3,2001,2000,433.247759100004,11,NA,"n"
36952,61,245,3,2001,2000,373.782380400003,10.5,NA,"n"
36953,62,246,3,2001,2000,348.297218100003,10.5,NA,"n"
36954,63,247,3,2001,2000,368.119011000003,10,NA,"n"
36955,64,248,3,2001,2000,504.039876600005,10,NA,"n"
36956,65,249,3,2001,2000,775.881607800007,10,NA,"n"
36957,66,250,3,2001,2000,764.554869000007,11,NA,"n"
36958,67,251,3,2001,2000,699.426120900006,12,NA,"n"
36959,68,252,3,2001,2000,625.802318700006,12.5,NA,"n"
36960,69,253,3,2001,2000,540.851777700005,12.5,NA,"n"
36961,70,254,3,2001,2000,470.059660200004,12.5,NA,"n"
36962,71,255,3,2001,2000,447.406182600004,13,NA,"n"
36963,72,256,3,2001,2000,424.752705000004,13,NA,"n"
36964,73,257,3,2001,2000,399.267542700004,14,NA,"n"
36965,74,258,3,2001,2000,376.614065100003,13.5,NA,"n"
36966,75,259,3,2001,2000,359.623956900003,13.5,NA,"n"
36967,76,260,3,2001,2000,339.802164000003,13.5,NA,"n"
36968,77,261,3,2001,2000,328.475425200003,14,NA,"n"
36969,78,262,3,2001,2000,319.980371100003,15,NA,"n"
36970,79,263,3,2001,2000,314.317001700003,16,NA,"n"
36971,80,264,3,2001,2000,308.653632300003,16.5,NA,"n"
36972,81,265,3,2001,2000,308.653632300003,16.7,NA,"n"
36973,82,266,3,2001,2000,302.990262900003,17,NA,"n"
36974,83,267,3,2001,2000,297.326893500003,17,NA,"n"
36975,84,268,3,2001,2000,291.663524100003,16.5,NA,"n"
36976,85,269,3,2001,2000,297.326893500003,16,NA,"n"
36977,86,270,3,2001,2000,308.653632300003,16,NA,"n"
36978,87,271,3,2001,2000,291.663524100003,16,NA,"n"
36979,88,272,3,2001,2000,276.372426720002,16.5,NA,"n"
36980,89,273,3,2001,2000,267.594204150002,17,NA,"n"
36981,90,274,3,2001,2000,257.966476170002,17,NA,"n"
36982,91,275,4,2001,2000,248.905085130002,17.7,NA,"n"
36983,92,276,4,2001,2000,242.675378790002,17.4,NA,"n"
36984,93,277,4,2001,2000,231.631808460002,17,NA,"n"
36985,94,278,4,2001,2000,225.402102120002,16,NA,"n"
36986,95,279,4,2001,2000,233.897156220002,15.5,NA,"n"
36987,96,280,4,2001,2000,239.843694090002,15,NA,"n"
36988,97,281,4,2001,2000,242.109041850002,13.5,NA,"n"
36989,98,282,4,2001,2000,251.736769830002,13,NA,"n"
36990,99,283,4,2001,2000,263.346677100002,13,NA,"n"
36991,100,284,4,2001,2000,253.435780650002,13,NA,"n"
36992,101,285,4,2001,2000,238.711020210002,14,NA,"n"
36993,102,286,4,2001,2000,230.499134580002,14.5,NA,"n"
36994,103,287,4,2001,2000,224.552596710002,15,NA,"n"
36995,104,288,4,2001,2000,218.322890370002,15,NA,"n"
36996,105,289,4,2001,2000,211.243678620002,15.5,NA,"n"
36997,106,290,4,2001,2000,201.899119110002,16.5,NA,"n"
36998,107,291,4,2001,2000,189.439706430002,17,NA,"n"
36999,108,292,4,2001,2000,178.679304570002,17,NA,"n"
37000,109,293,4,2001,2000,165.370386480001,17,NA,"n"
37001,110,294,4,2001,2000,164.520881070001,16,NA,"n"
37002,111,295,4,2001,2000,179.528809980002,15,NA,"n"
37003,112,296,4,2001,2000,197.085255120002,15.3,NA,"n"
37004,113,297,4,2001,2000,201.332782170002,16.5,NA,"n"
37005,114,298,4,2001,2000,194.253570420002,17.5,NA,"n"
37006,115,299,4,2001,2000,182.360494680002,19.5,NA,"n"
37007,116,300,4,2001,2000,181.794157740002,20,NA,"n"
37008,117,301,4,2001,2000,181.794157740002,19.5,NA,"n"
37009,118,302,4,2001,2000,176.980293750002,19.5,NA,"n"
37010,119,303,4,2001,2000,171.316924350002,19,NA,"n"
37011,120,304,4,2001,2000,159.707017080001,19,NA,"n"
37012,121,305,5,2001,2000,152.910973800001,19,NA,"n"
37013,122,306,5,2001,2000,148.663446750001,18.5,NA,"n"
37014,123,307,5,2001,2000,159.423848610001,17,NA,"n"
37015,124,308,5,2001,2000,155.459490030001,17,NA,"n"
37016,125,309,5,2001,2000,139.885224180001,18,NA,"n"
37017,126,310,5,2001,2000,133.938686310001,18.5,NA,"n"
37018,127,311,5,2001,2000,135.071360190001,19,NA,"n"
37019,128,312,5,2001,2000,140.168392650001,20,NA,"n"
37020,129,313,5,2001,2000,141.584235000001,20.5,NA,"n"
37021,130,314,5,2001,2000,138.186213360001,20.5,NA,"n"
37022,131,315,5,2001,2000,142.716908880001,20.5,NA,"n"
37023,132,316,5,2001,2000,151.778299920001,20.5,NA,"n"
37024,133,317,5,2001,2000,156.025826970001,20,NA,"n"
37025,134,318,5,2001,2000,156.592163910001,19.5,NA,"n"
37026,135,319,5,2001,2000,156.025826970001,19,NA,"n"
37027,136,320,5,2001,2000,162.255533310001,19,NA,"n"
37028,137,321,5,2001,2000,179.811978450002,19,NA,"n"
37029,138,322,5,2001,2000,187.740695610002,19,NA,"n"
37030,139,323,5,2001,2000,194.819907360002,19.5,NA,"n"
37031,140,324,5,2001,2000,200.766445230002,20,NA,"n"
37032,141,325,5,2001,2000,197.934760530002,21,NA,"n"
37033,142,326,5,2001,2000,192.837728070002,21,NA,"n"
37034,143,327,5,2001,2000,187.457527140002,21.5,NA,"n"
37035,144,328,5,2001,2000,180.944652330002,21.5,NA,"n"
37036,145,329,5,2001,2000,175.847619870002,21.5,NA,"n"
37037,146,330,5,2001,2000,165.653554950001,21.5,NA,"n"
37038,147,331,5,2001,2000,166.786228830001,21,NA,"n"
37039,148,332,5,2001,2000,182.643663150002,20.5,NA,"n"
37040,149,333,5,2001,2000,193.687233480002,20,NA,"n"
37041,150,334,5,2001,2000,194.253570420002,20,NA,"n"
37042,151,335,5,2001,2000,193.687233480002,20.5,NA,"n"
37043,152,336,6,2001,2000,192.837728070002,21,NA,"n"
37044,153,337,6,2001,2000,194.253570420002,21,NA,"n"
37045,154,338,6,2001,2000,190.572380310002,20.5,NA,"n"
37046,155,339,6,2001,2000,189.156537960002,20,NA,"n"
37047,156,340,6,2001,2000,184.909010910002,19.5,NA,"n"
37048,157,341,6,2001,2000,184.909010910002,19.5,NA,"n"
37049,158,342,6,2001,2000,197.651592060002,20,NA,"n"
37050,159,343,6,2001,2000,216.623879550002,20.5,NA,"n"
37051,160,344,6,2001,2000,223.419922830002,20.5,NA,"n"
37052,161,345,6,2001,2000,227.667449880002,20,NA,"n"
37053,162,346,6,2001,2000,239.560525620002,20,NA,"n"
37054,163,347,6,2001,2000,246.356568900002,19.5,NA,"n"
37055,164,348,6,2001,2000,246.356568900002,19,NA,"n"
37056,165,349,6,2001,2000,242.675378790002,19,NA,"n"
37057,166,350,6,2001,2000,240.693199500002,19.5,NA,"n"
37058,167,351,6,2001,2000,248.338748190002,20,NA,"n"
37059,168,352,6,2001,2000,246.922905840002,20,NA,"n"
37060,169,353,6,2001,2000,251.453601360002,20.5,NA,"n"
37061,170,354,6,2001,2000,252.303106770002,20,NA,"n"
37062,171,355,6,2001,2000,248.055579720002,20.5,NA,"n"
37063,172,356,6,2001,2000,243.241715730002,20.5,NA,"n"
37064,173,357,6,2001,2000,240.976367970002,21,NA,"n"
37065,174,358,6,2001,2000,250.320927480002,21,NA,"n"
37066,175,359,6,2001,2000,248.905085130002,20.5,NA,"n"
37067,176,360,6,2001,2000,236.728840920002,19,NA,"n"
37068,177,361,6,2001,2000,240.126862560002,18,NA,"n"
37069,178,362,6,2001,2000,248.905085130002,17.5,NA,"n"
37070,179,363,6,2001,2000,262.497171690002,17,NA,"n"
37071,180,364,6,2001,2000,278.354606010002,17.5,NA,"n"
37072,181,365,6,2001,2000,283.168470000003,18.5,NA,"n"
37073,182,1,7,2001,2001,278.071437540002,20.5,NA,"n"
37074,183,2,7,2001,2001,275.239752840002,21,NA,"n"
37075,184,3,7,2001,2001,269.859551910002,21,NA,"n"
37076,185,4,7,2001,2001,261.081329340002,20,NA,"n"
37077,186,5,7,2001,2001,258.815981580002,19.5,NA,"n"
37078,187,6,7,2001,2001,261.930834750002,19.5,NA,"n"
37079,188,7,7,2001,2001,266.744698740002,20,NA,"n"
37080,189,8,7,2001,2001,278.354606010002,20,NA,"n"
37081,190,9,7,2001,2001,280.903122240003,20,NA,"n"
37082,191,10,7,2001,2001,282.318964590003,20,NA,"n"
37083,192,11,7,2001,2001,273.823910490002,20,NA,"n"
37084,193,12,7,2001,2001,273.540742020002,20,NA,"n"
37085,194,13,7,2001,2001,278.354606010002,20.5,NA,"n"
37086,195,14,7,2001,2001,277.505100600002,20.5,NA,"n"
37087,196,15,7,2001,2001,276.938763660002,20,NA,"n"
37088,197,16,7,2001,2001,278.354606010002,20,NA,"n"
37089,198,17,7,2001,2001,278.354606010002,19.5,NA,"n"
37090,199,18,7,2001,2001,277.505100600002,20,NA,"n"
37091,200,19,7,2001,2001,279.770448360002,20,NA,"n"
37092,201,20,7,2001,2001,279.770448360002,20,NA,"n"
37093,202,21,7,2001,2001,278.354606010002,19.5,NA,"n"
37094,203,22,7,2001,2001,277.505100600002,20,NA,"n"
37095,204,23,7,2001,2001,278.354606010002,20,NA,"n"
37096,205,24,7,2001,2001,279.204111420003,20.5,NA,"n"
37097,206,25,7,2001,2001,280.053616830003,21,NA,"n"
37098,207,26,7,2001,2001,281.186290710003,21,NA,"n"
37099,208,27,7,2001,2001,286.000154700003,20.5,NA,"n"
37100,209,28,7,2001,2001,288.831839400003,20,NA,"n"
37101,210,29,7,2001,2001,286.000154700003,20,NA,"n"
37102,211,30,7,2001,2001,283.168470000003,20,NA,"n"
37103,212,31,7,2001,2001,264.196182510002,20,NA,"n"
37104,213,32,8,2001,2001,255.417959940002,20.5,NA,"y"
37105,214,33,8,2001,2001,252.019938300002,20.5,NA,"y"
37106,215,34,8,2001,2001,241.542704910002,20.5,NA,"y"
37107,216,35,8,2001,2001,229.932797640002,20.5,NA,"y"
37108,217,36,8,2001,2001,220.871406600002,21,NA,"y"
37109,218,37,8,2001,2001,220.871406600002,21,NA,"y"
37110,219,38,8,2001,2001,221.720912010002,21,NA,"y"
37111,220,39,8,2001,2001,219.738732720002,21.5,NA,"y"
37112,221,40,8,2001,2001,218.322890370002,21,NA,"y"
37113,222,41,8,2001,2001,217.190216490002,21,NA,"y"
37114,223,42,8,2001,2001,217.756553430002,20.5,NA,"y"
37115,224,43,8,2001,2001,216.057542610002,20.5,NA,"y"
37116,225,44,8,2001,2001,210.111004740002,20,NA,"y"
37117,226,45,8,2001,2001,206.712983100002,20,NA,"y"
37118,227,46,8,2001,2001,208.411993920002,20,NA,"y"
37119,228,47,8,2001,2001,210.111004740002,20,NA,"y"
37120,229,48,8,2001,2001,199.916939820002,20,NA,"y"
37121,230,49,8,2001,2001,194.253570420002,20,NA,"y"
37122,231,50,8,2001,2001,194.253570420002,20,NA,"y"
37123,232,51,8,2001,2001,184.909010910002,20,NA,"y"
37124,233,52,8,2001,2001,183.493168560002,19.5,NA,"y"
37125,234,53,8,2001,2001,184.059505500002,19.5,NA,"y"
37126,235,54,8,2001,2001,173.015935170002,19.5,NA,"y"
37127,236,55,8,2001,2001,171.033755880002,20,NA,"y"
37128,237,56,8,2001,2001,171.600092820002,20.5,NA,"y"
37129,238,57,8,2001,2001,178.112967630002,21,NA,"y"
37130,239,58,8,2001,2001,189.156537960002,21,NA,"y"
37131,240,59,8,2001,2001,195.952581240002,21,NA,"y"
37132,241,60,8,2001,2001,200.766445230002,21,NA,"y"
37133,242,61,8,2001,2001,188.590201020002,21,NA,"y"
37134,243,62,8,2001,2001,184.342673970002,20.5,NA,"y"
37135,244,63,9,2001,2001,192.271391130002,21,NA,"y"
37136,245,64,9,2001,2001,196.518918180002,21,NA,"y"
37137,246,65,9,2001,2001,200.483276760002,21,NA,"y"
37138,247,66,9,2001,2001,207.562488510002,20.5,NA,"y"
37139,248,67,9,2001,2001,208.695162390002,20.5,NA,"y"
37140,249,68,9,2001,2001,206.429814630002,20,NA,"y"
37141,250,69,9,2001,2001,209.261499330002,19.5,NA,"y"
37142,251,70,9,2001,2001,213.792194850002,19,NA,"y"
37143,252,71,9,2001,2001,207.845656980002,19,NA,"y"
37144,253,72,9,2001,2001,206.146646160002,19,NA,"y"
37145,254,73,9,2001,2001,211.243678620002,19,NA,"y"
37146,255,74,9,2001,2001,207.845656980002,18.5,NA,"y"
37147,256,75,9,2001,2001,202.465456050002,18,NA,"y"
37148,257,76,9,2001,2001,203.881298400002,19,NA,"y"
37149,258,77,9,2001,2001,209.261499330002,19.5,NA,"y"
37150,259,78,9,2001,2001,212.659520970002,19.5,NA,"y"
37151,260,79,9,2001,2001,223.419922830002,19.5,NA,"y"
37152,261,80,9,2001,2001,220.588238130002,19.5,NA,"y"
37153,262,81,9,2001,2001,214.641700260002,20,NA,"y"
37154,263,82,9,2001,2001,216.057542610002,20,NA,"y"
37155,264,83,9,2001,2001,221.154575070002,20,NA,"y"
37156,265,84,9,2001,2001,220.305069660002,19.5,NA,"y"
37157,266,85,9,2001,2001,219.172395780002,19.5,NA,"y"
37158,267,86,9,2001,2001,220.588238130002,19,NA,"y"
37159,268,87,9,2001,2001,223.419922830002,18.5,NA,"y"
37160,269,88,9,2001,2001,226.817944470002,18,NA,"y"
37161,270,89,9,2001,2001,228.800123760002,18.5,NA,"y"
37162,271,90,9,2001,2001,224.552596710002,18.5,NA,"y"
37163,272,91,9,2001,2001,214.641700260002,18.5,NA,"y"
37164,273,92,9,2001,2001,207.279320040002,18.5,NA,"y"
37165,274,93,10,2001,2001,202.465456050002,19,NA,"y"
37166,275,94,10,2001,2001,199.067434410002,19.5,NA,"y"
37167,276,95,10,2001,2001,193.404065010002,19.5,NA,"y"
37168,277,96,10,2001,2001,188.023864080002,19.5,NA,"y"
37169,278,97,10,2001,2001,183.776337030002,19,NA,"y"
37170,279,98,10,2001,2001,180.095146920002,18.5,NA,"y"
37171,280,99,10,2001,2001,168.768408120002,18.5,NA,"y"
37172,281,100,10,2001,2001,153.477310740001,18.5,NA,"y"
37173,282,101,10,2001,2001,143.000077350001,18,NA,"y"
37174,283,102,10,2001,2001,137.053539480001,17.5,NA,"y"
37175,284,103,10,2001,2001,132.239675490001,17.5,NA,"y"
37176,285,104,10,2001,2001,126.576306090001,17,NA,"y"
37177,286,105,10,2001,2001,121.479273630001,17,NA,"y"
37178,287,106,10,2001,2001,116.099072700001,17.5,NA,"y"
37179,288,107,10,2001,2001,115.249567290001,17.5,NA,"y"
37180,289,108,10,2001,2001,116.099072700001,17.5,NA,"y"
37181,290,109,10,2001,2001,114.966398820001,17.5,NA,"y"
37182,291,110,10,2001,2001,111.002040240001,17.5,NA,"y"
37183,292,111,10,2001,2001,108.736692480001,17.5,NA,"y"
37184,293,112,10,2001,2001,107.887187070001,17.5,NA,"y"
37185,294,113,10,2001,2001,106.471344720001,17,NA,"y"
37186,295,114,10,2001,2001,108.736692480001,17,NA,"y"
37187,296,115,10,2001,2001,114.400061880001,16.5,NA,"y"
37188,297,116,10,2001,2001,115.249567290001,16,NA,"y"
37189,298,117,10,2001,2001,113.833724940001,16,NA,"y"
37190,299,118,10,2001,2001,112.701051060001,15.5,NA,"y"
37191,300,119,10,2001,2001,111.851545650001,15.5,NA,"y"
37192,301,120,10,2001,2001,116.099072700001,15.5,NA,"y"
37193,302,121,10,2001,2001,115.532735760001,15.5,NA,"y"
37194,303,122,10,2001,2001,117.798083520001,15.5,NA,"y"
37195,304,123,10,2001,2001,128.841653850001,15.5,NA,"y"
37196,305,124,11,2001,2001,138.186213360001,15.5,NA,"y"
37197,306,125,11,2001,2001,143.566414290001,15.5,NA,"y"
37198,307,126,11,2001,2001,139.602055710001,16,NA,"y"
37199,308,127,11,2001,2001,137.336707950001,16,NA,"y"
37200,309,128,11,2001,2001,134.505023250001,15.5,NA,"y"
37201,310,129,11,2001,2001,131.390170080001,15.5,NA,"y"
37202,311,130,11,2001,2001,132.806012430001,15,NA,"y"
37203,312,131,11,2001,2001,132.239675490001,15,NA,"y"
37204,313,132,11,2001,2001,129.124822320001,14.5,NA,"y"
37205,314,133,11,2001,2001,127.992148440001,14,NA,"y"
37206,315,134,11,2001,2001,133.372349370001,14.5,NA,"y"
37207,316,135,11,2001,2001,142.716908880001,14.5,NA,"y"
37208,317,136,11,2001,2001,161.689196370001,14.5,NA,"y"
37209,318,137,11,2001,2001,201.332782170002,14.5,NA,"y"
37210,319,138,11,2001,2001,199.067434410002,14.5,NA,"y"
37211,320,139,11,2001,2001,184.342673970002,15,NA,"y"
37212,321,140,11,2001,2001,175.564451400002,15,NA,"y"
37213,322,141,11,2001,2001,168.768408120002,15,NA,"y"
37214,323,142,11,2001,2001,162.255533310001,14.5,NA,"y"
37215,324,143,11,2001,2001,156.308995440001,14.5,NA,"y"
37216,325,144,11,2001,2001,154.043647680001,14,NA,"y"
37217,326,145,11,2001,2001,158.291174730001,14,NA,"y"
37218,327,146,11,2001,2001,226.817944470002,14,NA,"y"
37219,328,147,11,2001,2001,286.000154700003,13,NA,"y"
37220,329,148,11,2001,2001,348.297218100003,12.5,NA,"y"
37221,330,149,11,2001,2001,455.901236700004,11,NA,"y"
37222,331,150,11,2001,2001,331.307109900003,10,NA,"y"
37223,332,151,11,2001,2001,255.417959940002,9.5,NA,"y"
37224,333,152,11,2001,2001,228.800123760002,9.5,NA,"y"
37225,334,153,11,2001,2001,319.980371100003,9.5,NA,"y"
37226,335,154,12,2001,2001,430.416074400004,9,NA,"y"
37227,336,155,12,2001,2001,447.406182600004,9.5,NA,"y"
37228,337,156,12,2001,2001,688.099382100006,9.5,NA,"y"
37229,338,157,12,2001,2001,654.119165700006,9.5,NA,"y"
37230,339,158,12,2001,2001,509.703246000005,9.5,NA,"y"
37231,340,159,12,2001,2001,393.604173300004,9.5,NA,"y"
37232,341,160,12,2001,2001,458.732921400004,10,NA,"y"
37233,342,161,12,2001,2001,489.881453100004,10,NA,"y"
37234,343,162,12,2001,2001,393.604173300004,10.5,NA,"y"
37235,344,163,12,2001,2001,348.297218100003,10,NA,"y"
37236,345,164,12,2001,2001,351.128902800003,9.5,NA,"y"
37237,346,165,12,2001,2001,311.485317000003,9,NA,"y"
37238,347,166,12,2001,2001,286.000154700003,9,NA,"y"
37239,348,167,12,2001,2001,270.425888850002,9,NA,"y"
37240,349,168,12,2001,2001,424.752705000004,9,NA,"y"
37241,350,169,12,2001,2001,509.703246000005,8.5,NA,"y"
37242,351,170,12,2001,2001,399.267542700004,8,NA,"y"
37243,352,171,12,2001,2001,382.277434500003,9,NA,"y"
37244,353,172,12,2001,2001,453.069552000004,9,NA,"y"
37245,354,173,12,2001,2001,436.079443800004,9.5,NA,"y"
37246,355,174,12,2001,2001,560.673570600005,9.5,NA,"y"
37247,356,175,12,2001,2001,699.426120900006,9,NA,"y"
37248,357,176,12,2001,2001,673.940958600006,9.5,NA,"y"
37249,358,177,12,2001,2001,696.594436200006,9.5,NA,"y"
37250,359,178,12,2001,2001,648.455796300006,9,NA,"y"
37251,360,179,12,2001,2001,555.010201200005,9,NA,"y"
37252,361,180,12,2001,2001,487.049768400004,9,NA,"y"
37253,362,181,12,2001,2001,427.584389700004,9,NA,"y"
37254,363,182,12,2001,2001,399.267542700004,9.5,NA,"y"
37255,364,183,12,2001,2001,549.346831800005,10,NA,"y"
37256,365,184,12,2001,2001,654.119165700006,10.5,NA,"y"
37257,1,185,1,2002,2001,736.238022000007,11,NA,"y"
37258,2,186,1,2002,2001,733.406337300006,11,NA,"y"
37259,3,187,1,2002,2001,792.871716000007,11.5,NA,"y"
37260,4,188,1,2002,2001,826.851932400007,11.5,NA,"y"
37261,5,189,1,2002,2001,801.366770100007,10.5,NA,"y"
37262,6,190,1,2002,2001,764.554869000007,10,NA,"y"
37263,7,191,1,2002,2001,770.218238400007,10,NA,"y"
37264,8,192,1,2002,2001,773.049923100007,10,NA,"y"
37265,9,193,1,2002,2001,753.228130200007,11,NA,"y"
37266,10,194,1,2002,2001,736.238022000007,10.5,NA,"y"
37267,11,195,1,2002,2001,705.089490300006,10.5,NA,"y"
37268,12,196,1,2002,2001,673.940958600006,10,NA,"y"
37269,13,197,1,2002,2001,634.297372800006,10,NA,"y"
37270,14,198,1,2002,2001,577.663678800005,10,NA,"y"
37271,15,199,1,2002,2001,526.693354200005,10,NA,"y"
37272,16,200,1,2002,2001,487.049768400004,9,NA,"y"
37273,17,201,1,2002,2001,455.901236700004,8.5,NA,"y"
37274,18,202,1,2002,2001,430.416074400004,9,NA,"y"
37275,19,203,1,2002,2001,407.762596800004,8.5,NA,"y"
37276,20,204,1,2002,2001,387.940803900003,8.5,NA,"y"
37277,21,205,1,2002,2001,370.950695700003,8.5,NA,"y"
37278,22,206,1,2002,2001,356.792272200003,8.5,NA,"y"
37279,23,207,1,2002,2001,348.297218100003,8.5,NA,"y"
37280,24,208,1,2002,2001,336.970479300003,8,NA,"y"
37281,25,209,1,2002,2001,322.812055800003,8,NA,"y"
37282,26,210,1,2002,2001,311.485317000003,8.5,NA,"y"
37283,27,211,1,2002,2001,302.990262900003,8.5,NA,"y"
37284,28,212,1,2002,2001,311.485317000003,8.5,NA,"y"
37285,29,213,1,2002,2001,308.653632300003,8,NA,"y"
37286,30,214,1,2002,2001,297.326893500003,7.5,NA,"y"
37287,31,215,1,2002,2001,288.831839400003,7.5,NA,"y"
37288,32,216,2,2002,2001,282.885301530003,8,NA,"n"
37289,33,217,2,2002,2001,276.089258250002,8,NA,"n"
37290,34,218,2,2002,2001,268.726878030002,8.5,NA,"n"
37291,35,219,2,2002,2001,261.930834750002,9,NA,"n"
37292,36,220,2,2002,2001,258.815981580002,9.5,NA,"n"
37293,37,221,2,2002,2001,253.152612180002,9.5,NA,"n"
37294,38,222,2,2002,2001,248.338748190002,9.5,NA,"n"
37295,39,223,2,2002,2001,246.073400430002,10,NA,"n"
37296,40,224,2,2002,2001,254.285286060002,10,NA,"n"
37297,41,225,2,2002,2001,273.540742020002,10,NA,"n"
37298,42,226,2,2002,2001,263.346677100002,10,NA,"n"
37299,43,227,2,2002,2001,254.002117590002,10.5,NA,"n"
37300,44,228,2,2002,2001,246.639737370002,10.5,NA,"n"
37301,45,229,2,2002,2001,241.542704910002,11.5,NA,"n"
37302,46,230,2,2002,2001,238.427851740002,11.5,NA,"n"
37303,47,231,2,2002,2001,237.012009390002,11.5,NA,"n"
37304,48,232,2,2002,2001,239.560525620002,11.5,NA,"n"
37305,49,233,2,2002,2001,240.410031030002,11.5,NA,"n"
37306,50,234,2,2002,2001,241.542704910002,11.5,NA,"n"
37307,51,235,2,2002,2001,243.524884200002,11.5,NA,"n"
37308,52,236,2,2002,2001,481.386399000004,11.5,NA,"n"
37309,53,237,2,2002,2001,631.465688100006,11,NA,"n"
37310,54,238,2,2002,2001,515.366615400005,12,NA,"n"
37311,55,239,2,2002,2001,421.921020300004,12.5,NA,"n"
37312,56,240,2,2002,2001,379.445749800003,12.5,NA,"n"
37313,57,241,2,2002,2001,348.297218100003,12.5,NA,"n"
37314,58,242,2,2002,2001,322.812055800003,13,NA,"n"
37315,59,243,2,2002,2001,302.990262900003,13,NA,"n"
37316,60,244,3,2002,2001,317.148686400003,12.5,NA,"n"
37317,61,245,3,2002,2001,319.980371100003,11.5,NA,"n"
37318,62,246,3,2002,2001,311.485317000003,11.5,NA,"n"
37319,63,247,3,2002,2001,302.990262900003,11.5,NA,"n"
37320,64,248,3,2002,2001,297.326893500003,12,NA,"n"
37321,65,249,3,2002,2001,294.495208800003,12,NA,"n"
37322,66,250,3,2002,2001,297.326893500003,12,NA,"n"
37323,67,251,3,2002,2001,325.643740500003,12,NA,"n"
37324,68,252,3,2002,2001,362.455641600003,11,NA,"n"
37325,69,253,3,2002,2001,351.128902800003,11,NA,"n"
37326,70,254,3,2002,2001,382.277434500003,10.5,NA,"n"
37327,71,255,3,2002,2001,424.752705000004,11,NA,"n"
37328,72,256,3,2002,2001,390.772488600003,12,NA,"n"
37329,73,257,3,2002,2001,362.455641600003,12.5,NA,"n"
37330,74,258,3,2002,2001,342.633848700003,12,NA,"n"
37331,75,259,3,2002,2001,325.643740500003,11.5,NA,"n"
37332,76,260,3,2002,2001,311.485317000003,11.5,NA,"n"
37333,77,261,3,2002,2001,297.326893500003,11.5,NA,"n"
37334,78,262,3,2002,2001,283.168470000003,11.5,NA,"n"
37335,79,263,3,2002,2001,272.408068140002,12,NA,"n"
37336,80,264,3,2002,2001,259.948655460002,13,NA,"n"
37337,81,265,3,2002,2001,254.002117590002,13,NA,"n"
37338,82,266,3,2002,2001,251.170432890002,13,NA,"n"
37339,83,267,3,2002,2001,255.417959940002,14,NA,"n"
37340,84,268,3,2002,2001,297.326893500003,13.5,NA,"n"
37341,85,269,3,2002,2001,300.158578200003,14,NA,"n"
37342,86,270,3,2002,2001,274.956584370002,14.5,NA,"n"
37343,87,271,3,2002,2001,253.152612180002,15.5,NA,"n"
37344,88,272,3,2002,2001,240.410031030002,16,NA,"n"
37345,89,273,3,2002,2001,233.330819280002,16.5,NA,"n"
37346,90,274,3,2002,2001,230.499134580002,17.5,NA,"n"
37347,91,275,4,2002,2001,229.083292230002,18,NA,"n"
37348,92,276,4,2002,2001,226.251607530002,18.5,NA,"n"
37349,93,277,4,2002,2001,220.305069660002,19,NA,"n"
37350,94,278,4,2002,2001,217.190216490002,18.5,NA,"n"
37351,95,279,4,2002,2001,215.208037200002,18,NA,"n"
37352,96,280,4,2002,2001,217.756553430002,18,NA,"n"
37353,97,281,4,2002,2001,217.473384960002,18,NA,"n"
37354,98,282,4,2002,2001,212.376352500002,18,NA,"n"
37355,99,283,4,2002,2001,201.899119110002,17.5,NA,"n"
37356,100,284,4,2002,2001,193.404065010002,17.5,NA,"n"
37357,101,285,4,2002,2001,188.023864080002,17.5,NA,"n"
37358,102,286,4,2002,2001,187.740695610002,18,NA,"n"
37359,103,287,4,2002,2001,179.528809980002,18.5,NA,"n"
37360,104,288,4,2002,2001,171.600092820002,19.5,NA,"n"
37361,105,289,4,2002,2001,167.635734240001,19.5,NA,"n"
37362,106,290,4,2002,2001,167.918902710002,19,NA,"n"
37363,107,291,4,2002,2001,169.051576590002,17,NA,"n"
37364,108,292,4,2002,2001,162.255533310001,16,NA,"n"
37365,109,293,4,2002,2001,154.043647680001,15.5,NA,"n"
37366,110,294,4,2002,2001,139.318887240001,15.5,NA,"n"
37367,111,295,4,2002,2001,132.239675490001,16.5,NA,"n"
37368,112,296,4,2002,2001,126.009969150001,17.5,NA,"n"
37369,113,297,4,2002,2001,117.514915050001,18.5,NA,"n"
37370,114,298,4,2002,2001,113.550556470001,18.5,NA,"n"
37371,115,299,4,2002,2001,119.497094340001,19,NA,"n"
37372,116,300,4,2002,2001,116.665409640001,18.5,NA,"n"
37373,117,301,4,2002,2001,119.497094340001,17.5,NA,"n"
37374,118,302,4,2002,2001,126.859474560001,16.5,NA,"n"
37375,119,303,4,2002,2001,145.265425110001,16.5,NA,"n"
37376,120,304,4,2002,2001,149.796120630001,15,NA,"n"
37377,121,305,5,2002,2001,148.380278280001,15.5,NA,"n"
37378,122,306,5,2002,2001,148.946615220001,16,NA,"n"
37379,123,307,5,2002,2001,150.362457570001,16.5,NA,"n"
37380,124,308,5,2002,2001,143.283245820001,17,NA,"n"
37381,125,309,5,2002,2001,136.770371010001,18,NA,"n"
37382,126,310,5,2002,2001,142.716908880001,18.5,NA,"n"
37383,127,311,5,2002,2001,146.964435930001,18.5,NA,"n"
37384,128,312,5,2002,2001,146.681267460001,18,NA,"n"
37385,129,313,5,2002,2001,141.301066530001,17.5,NA,"n"
37386,130,314,5,2002,2001,140.168392650001,17,NA,"n"
37387,131,315,5,2002,2001,134.505023250001,17.5,NA,"n"
37388,132,316,5,2002,2001,134.505023250001,18,NA,"n"
37389,133,317,5,2002,2001,144.699088170001,18,NA,"n"
37390,134,318,5,2002,2001,148.663446750001,18.5,NA,"n"
37391,135,319,5,2002,2001,150.928794510001,19,NA,"n"
37392,136,320,5,2002,2001,154.893153090001,19.5,NA,"n"
37393,137,321,5,2002,2001,183.776337030002,19.5,NA,"n"
37394,138,322,5,2002,2001,186.324853260002,19,NA,"n"
37395,139,323,5,2002,2001,189.156537960002,19,NA,"n"
37396,140,324,5,2002,2001,207.562488510002,18,NA,"n"
37397,141,325,5,2002,2001,237.012009390002,16,NA,"n"
37398,142,326,5,2002,2001,263.346677100002,16.5,NA,"n"
37399,143,327,5,2002,2001,267.027867210002,17.5,NA,"n"
37400,144,328,5,2002,2001,260.514992400002,18.5,NA,"n"
37401,145,329,5,2002,2001,249.188253600002,19.5,NA,"n"
37402,146,330,5,2002,2001,237.578346330002,20,NA,"n"
37403,147,331,5,2002,2001,228.516955290002,20,NA,"n"
37404,148,332,5,2002,2001,232.481313870002,20,NA,"n"
37405,149,333,5,2002,2001,223.419922830002,20,NA,"n"
37406,150,334,5,2002,2001,213.792194850002,20.5,NA,"n"
37407,151,335,5,2002,2001,208.978330860002,21.5,NA,"n"
37408,152,336,6,2002,2001,203.314961460002,21.5,NA,"n"
37409,153,337,6,2002,2001,197.085255120002,21,NA,"n"
37410,154,338,6,2002,2001,195.103075830002,20.5,NA,"n"
37411,155,339,6,2002,2001,191.988222660002,20.5,NA,"n"
37412,156,340,6,2002,2001,188.590201020002,21,NA,"n"
37413,157,341,6,2002,2001,185.758516320002,21.5,NA,"n"
37414,158,342,6,2002,2001,176.413956810002,21.5,NA,"n"
37415,159,343,6,2002,2001,169.901082000002,21,NA,"n"
37416,160,344,6,2002,2001,173.865440580002,19.5,NA,"n"
37417,161,345,6,2002,2001,173.299103640002,18,NA,"n"
37418,162,346,6,2002,2001,175.564451400002,19,NA,"n"
37419,163,347,6,2002,2001,168.485239650002,20,NA,"n"
37420,164,348,6,2002,2001,165.370386480001,20.5,NA,"n"
37421,165,349,6,2002,2001,165.936723420001,20.5,NA,"n"
37422,166,350,6,2002,2001,176.980293750002,20.5,NA,"n"
37423,167,351,6,2002,2001,195.386244300002,20.5,NA,"n"
37424,168,352,6,2002,2001,206.996151570002,20.5,NA,"n"
37425,169,353,6,2002,2001,211.526847090002,21,NA,"n"
37426,170,354,6,2002,2001,216.623879550002,21,NA,"n"
37427,171,355,6,2002,2001,223.136754360002,20.5,NA,"n"
37428,172,356,6,2002,2001,221.437743540002,20.5,NA,"n"
37429,173,357,6,2002,2001,221.437743540002,20,NA,"n"
37430,174,358,6,2002,2001,223.986259770002,20.5,NA,"n"
37431,175,359,6,2002,2001,236.162503980002,20.5,NA,"n"
37432,176,360,6,2002,2001,240.976367970002,20.5,NA,"n"
37433,177,361,6,2002,2001,242.958547260002,20.5,NA,"n"
37434,178,362,6,2002,2001,247.489242780002,20.5,NA,"n"
37435,179,363,6,2002,2001,248.338748190002,20.5,NA,"n"
37436,180,364,6,2002,2001,246.356568900002,20.5,NA,"n"
37437,181,365,6,2002,2001,242.392210320002,21,NA,"n"
37438,182,1,7,2002,2002,235.312998570002,21.5,NA,"n"
37439,183,2,7,2002,2002,244.374389610002,21,NA,"n"
37440,184,3,7,2002,2002,241.259536440002,21,NA,"n"
37441,185,4,7,2002,2002,229.083292230002,21,NA,"n"
37442,186,5,7,2002,2002,220.871406600002,21,NA,"n"
37443,187,6,7,2002,2002,223.703091300002,21,NA,"n"
37444,188,7,7,2002,2002,223.419922830002,21,NA,"n"
37445,189,8,7,2002,2002,223.986259770002,21,NA,"n"
37446,190,9,7,2002,2002,223.703091300002,21,NA,"n"
37447,191,10,7,2002,2002,229.932797640002,21,NA,"n"
37448,192,11,7,2002,2002,233.047650810002,21.5,NA,"n"
37449,193,12,7,2002,2002,231.631808460002,21.5,NA,"n"
37450,194,13,7,2002,2002,233.047650810002,21.5,NA,"n"
37451,195,14,7,2002,2002,241.542704910002,21.5,NA,"n"
37452,196,15,7,2002,2002,247.206074310002,21,NA,"n"
37453,197,16,7,2002,2002,250.604095950002,21,NA,"n"
37454,198,17,7,2002,2002,257.400139230002,21,NA,"n"
37455,199,18,7,2002,2002,258.532813110002,20.5,NA,"n"
37456,200,19,7,2002,2002,252.303106770002,21,NA,"n"
37457,201,20,7,2002,2002,253.152612180002,21,NA,"n"
37458,202,21,7,2002,2002,258.815981580002,21,NA,"n"
37459,203,22,7,2002,2002,259.948655460002,21,NA,"n"
37460,204,23,7,2002,2002,266.744698740002,21,NA,"n"
37461,205,24,7,2002,2002,267.027867210002,21,NA,"n"
37462,206,25,7,2002,2002,267.594204150002,21,NA,"n"
37463,207,26,7,2002,2002,267.877372620002,21,NA,"n"
37464,208,27,7,2002,2002,268.160541090002,21,NA,"n"
37465,209,28,7,2002,2002,261.081329340002,21,NA,"n"
37466,210,29,7,2002,2002,258.815981580002,21,NA,"n"
37467,211,30,7,2002,2002,263.063508630002,21,NA,"n"
37468,212,31,7,2002,2002,260.798160870002,21,NA,"n"
37469,213,32,8,2002,2002,249.188253600002,21.5,NA,"y"
37470,214,33,8,2002,2002,238.994188680002,21.5,NA,"y"
37471,215,34,8,2002,2002,238.144683270002,21.5,NA,"y"
37472,216,35,8,2002,2002,237.578346330002,21,NA,"y"
37473,217,36,8,2002,2002,242.392210320002,20.5,NA,"y"
37474,218,37,8,2002,2002,248.905085130002,20,NA,"y"
37475,219,38,8,2002,2002,251.453601360002,19.5,NA,"y"
37476,220,39,8,2002,2002,247.489242780002,20,NA,"y"
37477,221,40,8,2002,2002,240.976367970002,20.5,NA,"y"
37478,222,41,8,2002,2002,228.800123760002,21,NA,"y"
37479,223,42,8,2002,2002,218.039721900002,21.5,NA,"y"
37480,224,43,8,2002,2002,216.907048020002,22,NA,"y"
37481,225,44,8,2002,2002,219.172395780002,21.5,NA,"y"
37482,226,45,8,2002,2002,218.322890370002,22,NA,"y"
37483,227,46,8,2002,2002,218.606058840002,21.5,NA,"y"
37484,228,47,8,2002,2002,220.871406600002,21.5,NA,"y"
37485,229,48,8,2002,2002,219.738732720002,21.5,NA,"y"
37486,230,49,8,2002,2002,221.720912010002,21,NA,"y"
37487,231,50,8,2002,2002,218.039721900002,21,NA,"y"
37488,232,51,8,2002,2002,220.588238130002,20.5,NA,"y"
37489,233,52,8,2002,2002,224.269428240002,20.5,NA,"y"
37490,234,53,8,2002,2002,213.792194850002,20,NA,"y"
37491,235,54,8,2002,2002,200.483276760002,20,NA,"y"
37492,236,55,8,2002,2002,189.722874900002,20.5,NA,"y"
37493,237,56,8,2002,2002,175.281282930002,21,NA,"y"
37494,238,57,8,2002,2002,164.237712600001,21.5,NA,"y"
37495,239,58,8,2002,2002,167.069397300001,22,NA,"y"
37496,240,59,8,2002,2002,170.750587410002,22,NA,"y"
37497,241,60,8,2002,2002,187.457527140002,22,NA,"y"
37498,242,61,8,2002,2002,197.934760530002,21.5,NA,"y"
37499,243,62,8,2002,2002,187.174358670002,22,NA,"y"
37500,244,63,9,2002,2002,173.299103640002,22,NA,"y"
37501,245,64,9,2002,2002,166.503060360001,22.5,NA,"y"
37502,246,65,9,2002,2002,167.635734240001,22,NA,"y"
37503,247,66,9,2002,2002,165.370386480001,22,NA,"y"
37504,248,67,9,2002,2002,167.069397300001,21,NA,"y"
37505,249,68,9,2002,2002,167.352565770001,20.5,NA,"y"
37506,250,69,9,2002,2002,170.467418940002,20,NA,"y"
37507,251,70,9,2002,2002,184.342673970002,20,NA,"y"
37508,252,71,9,2002,2002,190.289211840002,19.5,NA,"y"
37509,253,72,9,2002,2002,193.120896540002,19.5,NA,"y"
37510,254,73,9,2002,2002,195.669412770002,19.5,NA,"y"
37511,255,74,9,2002,2002,193.687233480002,20,NA,"y"
37512,256,75,9,2002,2002,193.120896540002,20,NA,"y"
37513,257,76,9,2002,2002,190.289211840002,20,NA,"y"
37514,258,77,9,2002,2002,191.988222660002,20,NA,"y"
37515,259,78,9,2002,2002,203.314961460002,19.5,NA,"y"
37516,260,79,9,2002,2002,216.340711080002,19,NA,"y"
37517,261,80,9,2002,2002,213.509026380002,19,NA,"y"
37518,262,81,9,2002,2002,209.261499330002,19,NA,"y"
37519,263,82,9,2002,2002,207.562488510002,19.5,NA,"y"
37520,264,83,9,2002,2002,203.598129930002,19.5,NA,"y"
37521,265,84,9,2002,2002,200.200108290002,20,NA,"y"
37522,266,85,9,2002,2002,198.784265940002,20,NA,"y"
37523,267,86,9,2002,2002,199.350602880002,19.5,NA,"y"
37524,268,87,9,2002,2002,199.916939820002,19.5,NA,"y"
37525,269,88,9,2002,2002,195.952581240002,19,NA,"y"
37526,270,89,9,2002,2002,192.837728070002,18.5,NA,"y"
37527,271,90,9,2002,2002,191.138717250002,18.5,NA,"y"
37528,272,91,9,2002,2002,190.006043370002,18,NA,"y"
37529,273,92,9,2002,2002,186.891190200002,18,NA,"y"
37530,274,93,10,2002,2002,184.342673970002,17.5,NA,"y"
37531,275,94,10,2002,2002,180.944652330002,16.5,NA,"y"
37532,276,95,10,2002,2002,180.095146920002,16,NA,"y"
37533,277,96,10,2002,2002,171.883261290002,16.5,NA,"y"
37534,278,97,10,2002,2002,160.273354020001,17,NA,"y"
37535,279,98,10,2002,2002,152.344636860001,18,NA,"y"
37536,280,99,10,2002,2002,145.831762050001,19,NA,"y"
37537,281,100,10,2002,2002,142.716908880001,19,NA,"y"
37538,282,101,10,2002,2002,140.734729590001,19,NA,"y"
37539,283,102,10,2002,2002,136.204034070001,19,NA,"y"
37540,284,103,10,2002,2002,133.372349370001,18.5,NA,"y"
37541,285,104,10,2002,2002,132.239675490001,18,NA,"y"
37542,286,105,10,2002,2002,132.806012430001,17,NA,"y"
37543,287,106,10,2002,2002,141.584235000001,17,NA,"y"
37544,288,107,10,2002,2002,147.247604400001,16.5,NA,"y"
37545,289,108,10,2002,2002,146.681267460001,16.5,NA,"y"
37546,290,109,10,2002,2002,145.265425110001,16,NA,"y"
37547,291,110,10,2002,2002,143.000077350001,16,NA,"y"
37548,292,111,10,2002,2002,147.247604400001,16,NA,"y"
37549,293,112,10,2002,2002,151.211962980001,16,NA,"y"
37550,294,113,10,2002,2002,152.344636860001,16,NA,"y"
37551,295,114,10,2002,2002,149.512952160001,16,NA,"y"
37552,296,115,10,2002,2002,144.415919700001,15.5,NA,"y"
37553,297,116,10,2002,2002,145.265425110001,15,NA,"y"
37554,298,117,10,2002,2002,146.398098990001,15,NA,"y"
37555,299,118,10,2002,2002,148.663446750001,15,NA,"y"
37556,300,119,10,2002,2002,148.946615220001,15,NA,"y"
37557,301,120,10,2002,2002,147.813941340001,15,NA,"y"
37558,302,121,10,2002,2002,146.681267460001,15,NA,"y"
37559,303,122,10,2002,2002,148.097109810001,14.5,NA,"y"
37560,304,123,10,2002,2002,149.229783690001,14,NA,"y"
37561,305,124,11,2002,2002,151.495131450001,13,NA,"y"
37562,306,125,11,2002,2002,150.928794510001,12,NA,"y"
37563,307,126,11,2002,2002,152.344636860001,12,NA,"y"
37564,308,127,11,2002,2002,154.326816150001,12,NA,"y"
37565,309,128,11,2002,2002,159.990185550001,12.5,NA,"y"
37566,310,129,11,2002,2002,172.449598230002,12.5,NA,"y"
37567,311,130,11,2002,2002,173.865440580002,12.5,NA,"y"
37568,312,131,11,2002,2002,180.661483860002,13,NA,"y"
37569,313,132,11,2002,2002,190.006043370002,13.5,NA,"y"
37570,314,133,11,2002,2002,202.748624520002,13,NA,"y"
37571,315,134,11,2002,2002,206.712983100002,13.5,NA,"y"
37572,316,135,11,2002,2002,208.411993920002,13.5,NA,"y"
37573,317,136,11,2002,2002,204.447635340002,13.5,NA,"y"
37574,318,137,11,2002,2002,194.536738890002,13.5,NA,"y"
37575,319,138,11,2002,2002,186.324853260002,13,NA,"y"
37576,320,139,11,2002,2002,176.980293750002,13,NA,"y"
37577,321,140,11,2002,2002,169.051576590002,12.5,NA,"y"
37578,322,141,11,2002,2002,162.538701780001,12.5,NA,"y"
37579,323,142,11,2002,2002,155.742658500001,12,NA,"y"
37580,324,143,11,2002,2002,151.495131450001,12.5,NA,"y"
37581,325,144,11,2002,2002,146.681267460001,12.5,NA,"y"
37582,326,145,11,2002,2002,141.301066530001,13,NA,"y"
37583,327,146,11,2002,2002,133.372349370001,12.5,NA,"y"
37584,328,147,11,2002,2002,128.558485380001,12.5,NA,"y"
37585,329,148,11,2002,2002,125.443632210001,12.5,NA,"y"
37586,330,149,11,2002,2002,122.611947510001,11.5,NA,"y"
37587,331,150,11,2002,2002,121.762442100001,11,NA,"y"
37588,332,151,11,2002,2002,121.196105160001,11,NA,"y"
37589,333,152,11,2002,2002,120.063431280001,11,NA,"y"
37590,334,153,11,2002,2002,124.877295270001,11,NA,"y"
37591,335,154,12,2002,2002,131.107001610001,11,NA,"y"
37592,336,155,12,2002,2002,131.956507020001,11,NA,"y"
37593,337,156,12,2002,2002,133.655517840001,10.5,NA,"y"
37594,338,157,12,2002,2002,137.903044890001,11,NA,"y"
37595,339,158,12,2002,2002,141.584235000001,11,NA,"y"
37596,340,159,12,2002,2002,143.283245820001,11,NA,"y"
37597,341,160,12,2002,2002,144.982256640001,11,NA,"y"
37598,342,161,12,2002,2002,145.265425110001,11,NA,"y"
37599,343,162,12,2002,2002,149.229783690001,10.5,NA,"y"
37600,344,163,12,2002,2002,150.645626040001,10.5,NA,"y"
37601,345,164,12,2002,2002,153.477310740001,10.5,NA,"y"
37602,346,165,12,2002,2002,157.441669320001,11,NA,"y"
37603,347,166,12,2002,2002,163.388207190001,10.5,NA,"y"
37604,348,167,12,2002,2002,190.006043370002,11,NA,"y"
37605,349,168,12,2002,2002,543.683462400005,11,NA,"y"
37606,350,169,12,2002,2002,767.386553700007,11,NA,"y"
37607,351,170,12,2002,2002,812.693508900007,10.5,NA,"y"
37608,352,171,12,2002,2002,807.030139500007,10,NA,"y"
37609,353,172,12,2002,2002,724.911283200006,9.5,NA,"y"
37610,354,173,12,2002,2002,639.960742200006,9,NA,"y"
37611,355,174,12,2002,2002,741.901391400007,8.5,NA,"y"
37612,356,175,12,2002,2002,792.871716000007,8,NA,"y"
37613,357,176,12,2002,2002,744.733076100007,8,NA,"y"
37614,358,177,12,2002,2002,628.634003400006,8,NA,"y"
37615,359,178,12,2002,2002,498.376507200004,8,NA,"y"
37616,360,179,12,2002,2002,410.594281500004,8,NA,"y"
37617,361,180,12,2002,2002,402.099227400004,8.5,NA,"y"
37618,362,181,12,2002,2002,679.604328000006,9,NA,"y"
37619,363,182,12,2002,2002,801.366770100007,10,NA,"y"
37620,364,183,12,2002,2002,832.515301800007,9.5,NA,"y"
37621,365,184,12,2002,2002,809.861824200007,9,NA,"y"
37622,1,185,1,2003,2002,843.842040600008,9,NA,"y"
37623,2,186,1,2003,2002,863.663833500008,9,NA,"y"
37624,3,187,1,2003,2002,824.020247700007,9,NA,"y"
37625,4,188,1,2003,2002,790.040031300007,9.5,NA,"y"
37626,5,189,1,2003,2002,750.396445500007,10,NA,"y"
37627,6,190,1,2003,2002,702.257805600006,10,NA,"y"
37628,7,191,1,2003,2002,671.109273900006,10,NA,"y"
37629,8,192,1,2003,2002,631.465688100006,10,NA,"y"
37630,9,193,1,2003,2002,574.831994100005,10,NA,"y"
37631,10,194,1,2003,2002,523.861669500005,9.5,NA,"y"
37632,11,195,1,2003,2002,560.673570600005,10,NA,"y"
37633,12,196,1,2003,2002,750.396445500007,10,NA,"y"
37634,13,197,1,2003,2002,741.901391400007,10.5,NA,"y"
37635,14,198,1,2003,2002,809.861824200007,11,NA,"y"
37636,15,199,1,2003,2002,835.346986500007,11,NA,"y"
37637,16,200,1,2003,2002,841.010355900008,10.5,NA,"y"
37638,17,201,1,2003,2002,809.861824200007,10.5,NA,"y"
37639,18,202,1,2003,2002,781.544977200007,10,NA,"y"
37640,19,203,1,2003,2002,764.554869000007,10,NA,"y"
37641,20,204,1,2003,2002,747.564760800007,10,NA,"y"
37642,21,205,1,2003,2002,724.911283200006,10,NA,"y"
37643,22,206,1,2003,2002,710.752859700006,10,NA,"y"
37644,23,207,1,2003,2002,727.742967900007,10,NA,"y"
37645,24,208,1,2003,2002,773.049923100007,10.5,NA,"y"
37646,25,209,1,2003,2002,770.218238400007,10.5,NA,"y"
37647,26,210,1,2003,2002,758.891499600007,11,NA,"y"
37648,27,211,1,2003,2002,753.228130200007,11,NA,"y"
37649,28,212,1,2003,2002,747.564760800007,11,NA,"y"
37650,29,213,1,2003,2002,744.733076100007,11,NA,"y"
37651,30,214,1,2003,2002,730.574652600007,10.5,NA,"y"
37652,31,215,1,2003,2002,705.089490300006,10.5,NA,"y"
37653,32,216,2,2003,2002,679.604328000006,11,NA,"n"
37654,33,217,2,2003,2002,659.782535100006,11,NA,"n"
37655,34,218,2,2003,2002,622.970634000006,10.5,NA,"n"
37656,35,219,2,2003,2002,566.336940000005,10.5,NA,"n"
37657,36,220,2,2003,2002,509.703246000005,10,NA,"n"
37658,37,221,2,2003,2002,461.564606100004,9.5,NA,"n"
37659,38,222,2,2003,2002,427.584389700004,9.5,NA,"n"
37660,39,223,2,2003,2002,399.267542700004,9.5,NA,"n"
37661,40,224,2,2003,2002,379.445749800003,9.5,NA,"n"
37662,41,225,2,2003,2002,365.287326300003,9.5,NA,"n"
37663,42,226,2,2003,2002,353.960587500003,9.5,NA,"n"
37664,43,227,2,2003,2002,359.623956900003,10,NA,"n"
37665,44,228,2,2003,2002,430.416074400004,10,NA,"n"
37666,45,229,2,2003,2002,470.059660200004,10.5,NA,"n"
37667,46,230,2,2003,2002,504.039876600005,11,NA,"n"
37668,47,231,2,2003,2002,523.861669500005,11.5,NA,"n"
37669,48,232,2,2003,2002,707.921175000006,11,NA,"n"
37670,49,233,2,2003,2002,705.089490300006,10.5,NA,"n"
37671,50,234,2,2003,2002,620.138949300005,10.5,NA,"n"
37672,51,235,2,2003,2002,574.831994100005,10.5,NA,"n"
37673,52,236,2,2003,2002,603.148841100005,10.5,NA,"n"
37674,53,237,2,2003,2002,574.831994100005,11,NA,"n"
37675,54,238,2,2003,2002,546.515147100005,11,NA,"n"
37676,55,239,2,2003,2002,509.703246000005,11.5,NA,"n"
37677,56,240,2,2003,2002,484.218083700004,11.5,NA,"n"
37678,57,241,2,2003,2002,467.227975500004,11.5,NA,"n"
37679,58,242,2,2003,2002,438.911128500004,11.5,NA,"n"
37680,59,243,2,2003,2002,407.762596800004,11.5,NA,"n"
37681,60,244,3,2003,2002,373.782380400003,11.5,NA,"n"
37682,61,245,3,2003,2002,345.465533400003,11.5,NA,"n"
37683,62,246,3,2003,2002,325.643740500003,11.5,NA,"n"
37684,63,247,3,2003,2002,314.317001700003,11.5,NA,"n"
37685,64,248,3,2003,2002,302.990262900003,12,NA,"n"
37686,65,249,3,2003,2002,294.495208800003,12,NA,"n"
37687,66,250,3,2003,2002,286.000154700003,12.5,NA,"n"
37688,67,251,3,2003,2002,277.221932130002,13,NA,"n"
37689,68,252,3,2003,2002,267.027867210002,13.5,NA,"n"
37690,69,253,3,2003,2002,255.984296880002,14,NA,"n"
37691,70,254,3,2003,2002,250.320927480002,14.5,NA,"n"
37692,71,255,3,2003,2002,248.338748190002,14.5,NA,"n"
37693,72,256,3,2003,2002,247.206074310002,14.5,NA,"n"
37694,73,257,3,2003,2002,247.772411250002,14.5,NA,"n"
37695,74,258,3,2003,2002,280.053616830003,14.5,NA,"n"
37696,75,259,3,2003,2002,639.960742200006,14,NA,"n"
37697,76,260,3,2003,2002,733.406337300006,12.5,NA,"n"
37698,77,261,3,2003,2002,642.792426900006,12.5,NA,"n"
37699,78,262,3,2003,2002,512.534930700005,12.5,NA,"n"
37700,79,263,3,2003,2002,433.247759100004,13,NA,"n"
37701,80,264,3,2003,2002,396.435858000004,14,NA,"n"
37702,81,265,3,2003,2002,379.445749800003,14.5,NA,"n"
37703,82,266,3,2003,2002,356.792272200003,14.5,NA,"n"
37704,83,267,3,2003,2002,370.950695700003,14.5,NA,"n"
37705,84,268,3,2003,2002,390.772488600003,14.5,NA,"n"
37706,85,269,3,2003,2002,353.960587500003,15.5,NA,"n"
37707,86,270,3,2003,2002,376.614065100003,15,NA,"n"
37708,87,271,3,2003,2002,447.406182600004,14.5,NA,"n"
37709,88,272,3,2003,2002,390.772488600003,14.5,NA,"n"
37710,89,273,3,2003,2002,351.128902800003,15.5,NA,"n"
37711,90,274,3,2003,2002,325.643740500003,16.5,NA,"n"
37712,91,275,4,2003,2002,308.653632300003,16,NA,"n"
37713,92,276,4,2003,2002,300.158578200003,16,NA,"n"
37714,93,277,4,2003,2002,322.812055800003,15,NA,"n"
37715,94,278,4,2003,2002,311.485317000003,13.5,NA,"n"
37716,95,279,4,2003,2002,297.326893500003,13.5,NA,"n"
37717,96,280,4,2003,2002,302.990262900003,13.5,NA,"n"
37718,97,281,4,2003,2002,283.168470000003,14.5,NA,"n"
37719,98,282,4,2003,2002,266.461530270002,15,NA,"n"
37720,99,283,4,2003,2002,252.303106770002,16,NA,"n"
37721,100,284,4,2003,2002,245.790231960002,16.5,NA,"n"
37722,101,285,4,2003,2002,239.277357150002,17,NA,"n"
37723,102,286,4,2003,2002,230.782303050002,16.5,NA,"n"
37724,103,287,4,2003,2002,237.861514800002,15.5,NA,"n"
37725,104,288,4,2003,2002,339.802164000003,14,NA,"n"
37726,105,289,4,2003,2002,413.425966200004,13,NA,"n"
37727,106,290,4,2003,2002,385.109119200003,13.5,NA,"n"
37728,107,291,4,2003,2002,348.297218100003,14,NA,"n"
37729,108,292,4,2003,2002,339.802164000003,14.5,NA,"n"
37730,109,293,4,2003,2002,334.138794600003,15.5,NA,"n"
37731,110,294,4,2003,2002,319.980371100003,15.5,NA,"n"
37732,111,295,4,2003,2002,317.148686400003,16,NA,"n"
37733,112,296,4,2003,2002,311.485317000003,15.5,NA,"n"
37734,113,297,4,2003,2002,314.317001700003,15,NA,"n"
37735,114,298,4,2003,2002,331.307109900003,15,NA,"n"
37736,115,299,4,2003,2002,433.247759100004,14.5,NA,"n"
37737,116,300,4,2003,2002,665.445904500006,13,NA,"n"
37738,117,301,4,2003,2002,699.426120900006,12.5,NA,"n"
37739,118,302,4,2003,2002,673.940958600006,13,NA,"n"
37740,119,303,4,2003,2002,676.772643300006,13,NA,"n"
37741,120,304,4,2003,2002,724.911283200006,12.5,NA,"n"
37742,121,305,5,2003,2002,792.871716000007,12.5,NA,"n"
37743,122,306,5,2003,2002,801.366770100007,13,NA,"n"
37744,123,307,5,2003,2002,792.871716000007,13,NA,"n"
37745,124,308,5,2003,2002,798.535085400007,13,NA,"n"
37746,125,309,5,2003,2002,818.356878300007,13.5,NA,"n"
37747,126,310,5,2003,2002,812.693508900007,13.5,NA,"n"
37748,127,311,5,2003,2002,790.040031300007,13.5,NA,"n"
37749,128,312,5,2003,2002,761.723184300007,13.5,NA,"n"
37750,129,313,5,2003,2002,739.069706700007,14,NA,"n"
37751,130,314,5,2003,2002,707.921175000006,14,NA,"n"
37752,131,315,5,2003,2002,665.445904500006,15,NA,"n"
37753,132,316,5,2003,2002,588.990417600005,16,NA,"n"
37754,133,317,5,2003,2002,498.376507200004,17,NA,"n"
37755,134,318,5,2003,2002,450.237867300004,18,NA,"n"
37756,135,319,5,2003,2002,455.901236700004,18,NA,"n"
37757,136,320,5,2003,2002,464.396290800004,17.5,NA,"n"
37758,137,321,5,2003,2002,472.891344900004,17.5,NA,"n"
37759,138,322,5,2003,2002,470.059660200004,16.5,NA,"n"
37760,139,323,5,2003,2002,455.901236700004,15.5,NA,"n"
37761,140,324,5,2003,2002,427.584389700004,16,NA,"n"
37762,141,325,5,2003,2002,404.930912100004,17,NA,"n"
37763,142,326,5,2003,2002,390.772488600003,18.5,NA,"n"
37764,143,327,5,2003,2002,385.109119200003,19,NA,"n"
37765,144,328,5,2003,2002,385.109119200003,19,NA,"n"
37766,145,329,5,2003,2002,385.109119200003,18.5,NA,"n"
37767,146,330,5,2003,2002,365.287326300003,18.5,NA,"n"
37768,147,331,5,2003,2002,353.960587500003,19,NA,"n"
37769,148,332,5,2003,2002,362.455641600003,19,NA,"n"
37770,149,333,5,2003,2002,362.455641600003,19.5,NA,"n"
37771,150,334,5,2003,2002,359.623956900003,19,NA,"n"
37772,151,335,5,2003,2002,356.792272200003,18.5,NA,"n"
37773,152,336,6,2003,2002,348.297218100003,19,NA,"n"
37774,153,337,6,2003,2002,325.643740500003,20,NA,"n"
37775,154,338,6,2003,2002,314.317001700003,20.5,NA,"n"
37776,155,339,6,2003,2002,317.148686400003,20.5,NA,"n"
37777,156,340,6,2003,2002,317.148686400003,21,NA,"n"
37778,157,341,6,2003,2002,317.148686400003,21.5,NA,"n"
37779,158,342,6,2003,2002,317.148686400003,21,NA,"n"
37780,159,343,6,2003,2002,317.148686400003,21.5,NA,"n"
37781,160,344,6,2003,2002,317.148686400003,21,NA,"n"
37782,161,345,6,2003,2002,319.980371100003,20.5,NA,"n"
37783,162,346,6,2003,2002,314.317001700003,20.5,NA,"n"
37784,163,347,6,2003,2002,308.653632300003,19.5,NA,"n"
37785,164,348,6,2003,2002,317.148686400003,19.5,NA,"n"
37786,165,349,6,2003,2002,319.980371100003,20.5,NA,"n"
37787,166,350,6,2003,2002,322.812055800003,19.5,NA,"n"
37788,167,351,6,2003,2002,319.980371100003,20,NA,"n"
37789,168,352,6,2003,2002,317.148686400003,20,NA,"n"
37790,169,353,6,2003,2002,311.485317000003,20,NA,"n"
37791,170,354,6,2003,2002,302.990262900003,20,NA,"n"
37792,171,355,6,2003,2002,300.158578200003,20,NA,"n"
37793,172,356,6,2003,2002,288.831839400003,20,NA,"n"
37794,173,357,6,2003,2002,272.408068140002,20,NA,"n"
37795,174,358,6,2003,2002,258.249644640002,20.5,NA,"n"
37796,175,359,6,2003,2002,247.772411250002,NA,NA,"n"
37797,176,360,6,2003,2002,232.198145400002,21,NA,"n"
37798,177,361,6,2003,2002,219.172395780002,21,NA,"n"
37799,178,362,6,2003,2002,210.677341680002,21.5,NA,"n"
37800,179,363,6,2003,2002,203.881298400002,22,NA,"n"
37801,180,364,6,2003,2002,198.217929000002,22,NA,"n"
37802,181,365,6,2003,2002,205.297140750002,21.5,NA,"n"
37803,182,1,7,2003,2003,217.190216490002,21,NA,"n"
37804,183,2,7,2003,2003,206.429814630002,21,NA,"n"
37805,184,3,7,2003,2003,196.802086650002,20.5,NA,"n"
37806,185,4,7,2003,2003,181.510989270002,21,NA,"n"
37807,186,5,7,2003,2003,182.360494680002,21.5,NA,"n"
37808,187,6,7,2003,2003,189.439706430002,21.5,NA,"n"
37809,188,7,7,2003,2003,192.837728070002,21,NA,"n"
37810,189,8,7,2003,2003,199.067434410002,21.5,NA,"n"
37811,190,9,7,2003,2003,201.899119110002,21.5,NA,"n"
37812,191,10,7,2003,2003,207.845656980002,21.5,NA,"n"
37813,192,11,7,2003,2003,226.817944470002,21.5,NA,"n"
37814,193,12,7,2003,2003,242.109041850002,21,NA,"n"
37815,194,13,7,2003,2003,251.736769830002,20.5,NA,"n"
37816,195,14,7,2003,2003,255.134791470002,20.5,NA,"n"
37817,196,15,7,2003,2003,258.815981580002,20.5,NA,"n"
37818,197,16,7,2003,2003,254.568454530002,20.5,NA,"n"
37819,198,17,7,2003,2003,253.718949120002,21,NA,"n"
37820,199,18,7,2003,2003,251.170432890002,21,NA,"n"
37821,200,19,7,2003,2003,252.869443710002,21,NA,"n"
37822,201,20,7,2003,2003,255.134791470002,21,NA,"n"
37823,202,21,7,2003,2003,249.754590540002,21.5,NA,"n"
37824,203,22,7,2003,2003,258.249644640002,21.5,NA,"n"
37825,204,23,7,2003,2003,256.833802290002,20.5,NA,"n"
37826,205,24,7,2003,2003,255.984296880002,21,NA,"n"
37827,206,25,7,2003,2003,255.134791470002,20.5,NA,"n"
37828,207,26,7,2003,2003,256.267465350002,20.5,NA,"n"
37829,208,27,7,2003,2003,256.833802290002,20.5,NA,"n"
37830,209,28,7,2003,2003,270.142720380002,20.5,NA,"n"
37831,210,29,7,2003,2003,275.806089780002,20.5,NA,"n"
37832,211,30,7,2003,2003,277.505100600002,20,NA,"n"
37833,212,31,7,2003,2003,273.257573550002,20,NA,"n"
37834,213,32,8,2003,2003,273.540742020002,20,NA,"y"
37835,214,33,8,2003,2003,276.655595190002,19.5,NA,"y"
37836,215,34,8,2003,2003,279.770448360002,19,NA,"y"
37837,216,35,8,2003,2003,279.487279890002,19,NA,"y"
37838,217,36,8,2003,2003,282.602133060003,19.5,NA,"y"
37839,218,37,8,2003,2003,282.318964590003,19.5,NA,"y"
37840,219,38,8,2003,2003,276.938763660002,20,NA,"y"
37841,220,39,8,2003,2003,273.823910490002,20,NA,"y"
37842,221,40,8,2003,2003,257.966476170002,20,NA,"y"
37843,222,41,8,2003,2003,231.914976930002,20,NA,"y"
37844,223,42,8,2003,2003,195.669412770002,20.5,NA,"y"
37845,224,43,8,2003,2003,180.944652330002,21,NA,"y"
37846,225,44,8,2003,2003,173.582272110002,21,NA,"y"
37847,226,45,8,2003,2003,167.352565770001,21,NA,"y"
37848,227,46,8,2003,2003,167.635734240001,20.5,NA,"y"
37849,228,47,8,2003,2003,167.635734240001,20.5,NA,"y"
37850,229,48,8,2003,2003,168.485239650002,20.5,NA,"y"
37851,230,49,8,2003,2003,155.742658500001,21,NA,"y"
37852,231,50,8,2003,2003,150.362457570001,21,NA,"y"
37853,232,51,8,2003,2003,153.194142270001,21.5,NA,"y"
37854,233,52,8,2003,2003,153.194142270001,21.5,NA,"y"
37855,234,53,8,2003,2003,154.326816150001,21,NA,"y"
37856,235,54,8,2003,2003,148.380278280001,21,NA,"y"
37857,236,55,8,2003,2003,150.645626040001,21.5,NA,"y"
37858,237,56,8,2003,2003,156.875332380001,22,NA,"y"
37859,238,57,8,2003,2003,161.689196370001,22.5,NA,"y"
37860,239,58,8,2003,2003,169.051576590002,22,NA,"y"
37861,240,59,8,2003,2003,181.227820800002,21.5,NA,"y"
37862,241,60,8,2003,2003,179.811978450002,21,NA,"y"
37863,242,61,8,2003,2003,178.679304570002,21,NA,"y"
37864,243,62,8,2003,2003,182.077326210002,21,NA,"y"
37865,244,63,9,2003,2003,183.493168560002,21.5,NA,"y"
37866,245,64,9,2003,2003,186.891190200002,21.5,NA,"y"
37867,246,65,9,2003,2003,190.572380310002,21.5,NA,"y"
37868,247,66,9,2003,2003,191.705054190002,21,NA,"y"
37869,248,67,9,2003,2003,187.740695610002,21,NA,"y"
37870,249,68,9,2003,2003,182.360494680002,21,NA,"y"
37871,250,69,9,2003,2003,174.431777520002,20,NA,"y"
37872,251,70,9,2003,2003,167.918902710002,20,NA,"y"
37873,252,71,9,2003,2003,171.316924350002,19.5,NA,"y"
37874,253,72,9,2003,2003,176.413956810002,20,NA,"y"
37875,254,73,9,2003,2003,178.396136100002,20,NA,"y"
37876,255,74,9,2003,2003,181.510989270002,20.5,NA,"y"
37877,256,75,9,2003,2003,188.873369490002,20.5,NA,"y"
37878,257,76,9,2003,2003,201.332782170002,20.5,NA,"y"
37879,258,77,9,2003,2003,212.942689440002,20,NA,"y"
37880,259,78,9,2003,2003,225.118933650002,19.5,NA,"y"
37881,260,79,9,2003,2003,235.029830100002,19,NA,"y"
37882,261,80,9,2003,2003,218.889227310002,18,NA,"y"
37883,262,81,9,2003,2003,206.146646160002,18,NA,"y"
37884,263,82,9,2003,2003,201.332782170002,18.5,NA,"y"
37885,264,83,9,2003,2003,202.465456050002,19,NA,"y"
37886,265,84,9,2003,2003,202.182287580002,19.5,NA,"y"
37887,266,85,9,2003,2003,201.332782170002,20,NA,"y"
37888,267,86,9,2003,2003,198.501097470002,20,NA,"y"
37889,268,87,9,2003,2003,197.368423590002,19.5,NA,"y"
37890,269,88,9,2003,2003,197.085255120002,19.5,NA,"y"
37891,270,89,9,2003,2003,197.651592060002,19.5,NA,"y"
37892,271,90,9,2003,2003,195.952581240002,19.5,NA,"y"
37893,272,91,9,2003,2003,196.518918180002,19.5,NA,"y"
37894,273,92,9,2003,2003,197.368423590002,19,NA,"y"
37895,274,93,10,2003,2003,192.554559600002,19,NA,"y"
37896,275,94,10,2003,2003,182.643663150002,18.5,NA,"y"
37897,276,95,10,2003,2003,178.962473040002,18.5,NA,"y"
37898,277,96,10,2003,2003,176.980293750002,18.5,NA,"y"
37899,278,97,10,2003,2003,175.847619870002,19,NA,"y"
37900,279,98,10,2003,2003,174.714945990002,19.5,NA,"y"
37901,280,99,10,2003,2003,173.582272110002,19,NA,"y"
37902,281,100,10,2003,2003,174.714945990002,19,NA,"y"
37903,282,101,10,2003,2003,171.883261290002,19,NA,"y"
37904,283,102,10,2003,2003,162.821870250001,18.5,NA,"y"
37905,284,103,10,2003,2003,155.459490030001,17.5,NA,"y"
37906,285,104,10,2003,2003,152.910973800001,16.5,NA,"y"
37907,286,105,10,2003,2003,149.512952160001,16.5,NA,"y"
37908,287,106,10,2003,2003,148.663446750001,16.5,NA,"y"
37909,288,107,10,2003,2003,147.813941340001,16.5,NA,"y"
37910,289,108,10,2003,2003,144.699088170001,16.5,NA,"y"
37911,290,109,10,2003,2003,143.000077350001,16.5,NA,"y"
37912,291,110,10,2003,2003,142.433740410001,16.5,NA,"y"
37913,292,111,10,2003,2003,141.301066530001,17,NA,"y"
37914,293,112,10,2003,2003,140.168392650001,17,NA,"y"
37915,294,113,10,2003,2003,141.584235000001,17,NA,"y"
37916,295,114,10,2003,2003,141.867403470001,17,NA,"y"
37917,296,115,10,2003,2003,139.885224180001,17,NA,"y"
37918,297,116,10,2003,2003,138.186213360001,17,NA,"y"
37919,298,117,10,2003,2003,135.637697130001,16.5,NA,"y"
37920,299,118,10,2003,2003,135.354528660001,16.5,NA,"y"
37921,300,119,10,2003,2003,136.770371010001,17,NA,"y"
37922,301,120,10,2003,2003,134.221854780001,17,NA,"y"
37923,302,121,10,2003,2003,132.806012430001,17,NA,"y"
37924,303,122,10,2003,2003,129.407990790001,16.5,NA,"y"
37925,304,123,10,2003,2003,129.124822320001,15.5,NA,"y"
37926,305,124,11,2003,2003,132.239675490001,14,NA,"y"
37927,306,125,11,2003,2003,135.071360190001,13.5,NA,"y"
37928,307,126,11,2003,2003,142.433740410001,12.5,NA,"y"
37929,308,127,11,2003,2003,156.592163910001,12.5,NA,"y"
37930,309,128,11,2003,2003,153.760479210001,12.5,NA,"y"
37931,310,129,11,2003,2003,153.760479210001,13,NA,"y"
37932,311,130,11,2003,2003,154.609984620001,13,NA,"y"
37933,312,131,11,2003,2003,151.778299920001,13.5,NA,"y"
37934,313,132,11,2003,2003,156.592163910001,13.5,NA,"y"
37935,314,133,11,2003,2003,174.714945990002,14,NA,"y"
37936,315,134,11,2003,2003,194.819907360002,13.5,NA,"y"
37937,316,135,11,2003,2003,203.598129930002,13.5,NA,"y"
37938,317,136,11,2003,2003,182.077326210002,13.5,NA,"y"
37939,318,137,11,2003,2003,164.237712600001,13.5,NA,"y"
37940,319,138,11,2003,2003,161.406027900001,13,NA,"y"
37941,320,139,11,2003,2003,162.538701780001,13,NA,"y"
37942,321,140,11,2003,2003,169.617913530002,13,NA,"y"
37943,322,141,11,2003,2003,168.202071180001,13,NA,"y"
37944,323,142,11,2003,2003,160.273354020001,13,NA,"y"
37945,324,143,11,2003,2003,149.512952160001,13,NA,"y"
37946,325,144,11,2003,2003,138.752550300001,13,NA,"y"
37947,326,145,11,2003,2003,135.920865600001,12.5,NA,"y"
37948,327,146,11,2003,2003,133.938686310001,11.5,NA,"y"
37949,328,147,11,2003,2003,133.938686310001,10.5,NA,"y"
37950,329,148,11,2003,2003,135.637697130001,10,NA,"y"
37951,330,149,11,2003,2003,134.505023250001,10,NA,"y"
37952,331,150,11,2003,2003,135.071360190001,10,NA,"y"
37953,332,151,11,2003,2003,138.469381830001,10.5,NA,"y"
37954,333,152,11,2003,2003,142.150571940001,10.5,NA,"y"
37955,334,153,11,2003,2003,145.548593580001,11,NA,"y"
37956,335,154,12,2003,2003,155.742658500001,11.5,NA,"y"
37957,336,155,12,2003,2003,179.245641510002,12,NA,"y"
37958,337,156,12,2003,2003,218.606058840002,12.5,NA,"y"
37959,338,157,12,2003,2003,232.198145400002,12.5,NA,"y"
37960,339,158,12,2003,2003,212.376352500002,12.5,NA,"y"
37961,340,159,12,2003,2003,203.598129930002,12.5,NA,"y"
37962,341,160,12,2003,2003,257.400139230002,12.5,NA,"y"
37963,342,161,12,2003,2003,430.416074400004,12,NA,"y"
37964,343,162,12,2003,2003,393.604173300004,11.5,NA,"y"
37965,344,163,12,2003,2003,300.158578200003,10.5,NA,"y"
37966,345,164,12,2003,2003,356.792272200003,10.5,NA,"y"
37967,346,165,12,2003,2003,438.911128500004,10,NA,"y"
37968,347,166,12,2003,2003,387.940803900003,10,NA,"y"
37969,348,167,12,2003,2003,427.584389700004,10.5,NA,"y"
37970,349,168,12,2003,2003,679.604328000006,10.5,NA,"y"
37971,350,169,12,2003,2003,668.277589200006,9.5,NA,"y"
37972,351,170,12,2003,2003,523.861669500005,9,NA,"y"
37973,352,171,12,2003,2003,464.396290800004,9,NA,"y"
37974,353,172,12,2003,2003,433.247759100004,9.5,NA,"y"
37975,354,173,12,2003,2003,416.257650900004,10,NA,"y"
37976,355,174,12,2003,2003,472.891344900004,10.5,NA,"y"
37977,356,175,12,2003,2003,506.871561300005,10.5,NA,"y"
37978,357,176,12,2003,2003,472.891344900004,10.5,NA,"y"
37979,358,177,12,2003,2003,498.376507200004,10.5,NA,"y"
37980,359,178,12,2003,2003,716.416229100006,10.5,NA,"y"
37981,360,179,12,2003,2003,758.891499600007,10.5,NA,"y"
37982,361,180,12,2003,2003,722.079598500006,9.5,NA,"y"
37983,362,181,12,2003,2003,688.099382100006,9,NA,"y"
37984,363,182,12,2003,2003,668.277589200006,8.5,NA,"y"
37985,364,183,12,2003,2003,736.238022000007,8.5,NA,"y"
37986,365,184,12,2003,2003,784.376661900007,7,NA,"y"
37987,1,185,1,2004,2003,747.564760800007,8,NA,"y"
37988,2,186,1,2004,2003,744.733076100007,8.5,NA,"y"
37989,3,187,1,2004,2003,756.059814900007,8.5,NA,"y"
37990,4,188,1,2004,2003,722.079598500006,7.5,NA,"y"
37991,5,189,1,2004,2003,685.267697400006,7.5,NA,"y"
37992,6,190,1,2004,2003,648.455796300006,8,NA,"y"
37993,7,191,1,2004,2003,603.148841100005,8.5,NA,"y"
37994,8,192,1,2004,2003,614.475579900006,9,NA,"y"
37995,9,193,1,2004,2003,676.772643300006,9,NA,"y"
37996,10,194,1,2004,2003,699.426120900006,9.5,NA,"y"
37997,11,195,1,2004,2003,724.911283200006,9.5,NA,"y"
37998,12,196,1,2004,2003,685.267697400006,9.5,NA,"y"
37999,13,197,1,2004,2003,631.465688100006,10,NA,"y"
38000,14,198,1,2004,2003,580.495363500005,9.5,NA,"y"
38001,15,199,1,2004,2003,535.188408300005,9.5,NA,"y"
38002,16,200,1,2004,2003,504.039876600005,9.5,NA,"y"
38003,17,201,1,2004,2003,487.049768400004,9.5,NA,"y"
38004,18,202,1,2004,2003,455.901236700004,10,NA,"y"
38005,19,203,1,2004,2003,421.921020300004,10,NA,"y"
38006,20,204,1,2004,2003,399.267542700004,10,NA,"y"
38007,21,205,1,2004,2003,382.277434500003,10.5,NA,"y"
38008,22,206,1,2004,2003,365.287326300003,10,NA,"y"
38009,23,207,1,2004,2003,345.465533400003,9.5,NA,"y"
38010,24,208,1,2004,2003,328.475425200003,9.5,NA,"y"
38011,25,209,1,2004,2003,311.485317000003,9.5,NA,"y"
38012,26,210,1,2004,2003,302.990262900003,9,NA,"y"
38013,27,211,1,2004,2003,297.326893500003,9,NA,"y"
38014,28,212,1,2004,2003,305.821947600003,9,NA,"y"
38015,29,213,1,2004,2003,399.267542700004,9,NA,"y"
38016,30,214,1,2004,2003,379.445749800003,8.5,NA,"y"
38017,31,215,1,2004,2003,348.297218100003,9,NA,"y"
38018,32,216,2,2004,2003,345.465533400003,9.5,NA,"n"
38019,33,217,2,2004,2003,336.970479300003,9.5,NA,"n"
38020,34,218,2,2004,2003,464.396290800004,9,NA,"n"
38021,35,219,2,2004,2003,707.921175000006,8.5,NA,"n"
38022,36,220,2,2004,2003,671.109273900006,8.5,NA,"n"
38023,37,221,2,2004,2003,560.673570600005,9,NA,"n"
38024,38,222,2,2004,2003,470.059660200004,9.5,NA,"n"
38025,39,223,2,2004,2003,450.237867300004,9.5,NA,"n"
38026,40,224,2,2004,2003,427.584389700004,9.5,NA,"n"
38027,41,225,2,2004,2003,393.604173300004,9.5,NA,"n"
38028,42,226,2,2004,2003,370.950695700003,10,NA,"n"
38029,43,227,2,2004,2003,353.960587500003,10,NA,"n"
38030,44,228,2,2004,2003,339.802164000003,10,NA,"n"
38031,45,229,2,2004,2003,325.643740500003,10,NA,"n"
38032,46,230,2,2004,2003,314.317001700003,10.5,NA,"n"
38033,47,231,2,2004,2003,311.485317000003,11,NA,"n"
38034,48,232,2,2004,2003,535.188408300005,11,NA,"n"
38035,49,233,2,2004,2003,784.376661900007,11,NA,"n"
38036,50,234,2,2004,2003,832.515301800007,11,NA,"n"
38037,51,235,2,2004,2003,846.673725300008,11,NA,"n"
38038,52,236,2,2004,2003,841.010355900008,10.5,NA,"n"
38039,53,237,2,2004,2003,832.515301800007,10,NA,"n"
38040,54,238,2,2004,2003,824.020247700007,10,NA,"n"
38041,55,239,2,2004,2003,815.525193600007,10.5,NA,"n"
38042,56,240,2,2004,2003,809.861824200007,10.5,NA,"n"
38043,57,241,2,2004,2003,818.356878300007,10,NA,"n"
38044,58,242,2,2004,2003,838.178671200007,10.5,NA,"n"
38045,59,243,2,2004,2003,835.346986500007,10,NA,"n"
38046,60,244,2,2004,2003,826.851932400007,10,NA,"n"
38047,61,245,3,2004,2003,821.188563000007,10,NA,"n"
38048,62,246,3,2004,2003,815.525193600007,10,NA,"n"
38049,63,247,3,2004,2003,821.188563000007,10,NA,"n"
38050,64,248,3,2004,2003,815.525193600007,10,NA,"n"
38051,65,249,3,2004,2003,804.198454800007,10,NA,"n"
38052,66,250,3,2004,2003,787.208346600007,10.5,NA,"n"
38053,67,251,3,2004,2003,770.218238400007,11,NA,"n"
38054,68,252,3,2004,2003,756.059814900007,12,NA,"n"
38055,69,253,3,2004,2003,741.901391400007,12.5,NA,"n"
38056,70,254,3,2004,2003,727.742967900007,13,NA,"n"
38057,71,255,3,2004,2003,710.752859700006,13,NA,"n"
38058,72,256,3,2004,2003,690.931066800006,13,NA,"n"
38059,73,257,3,2004,2003,668.277589200006,13,NA,"n"
38060,74,258,3,2004,2003,639.960742200006,13.5,NA,"n"
38061,75,259,3,2004,2003,603.148841100005,14,NA,"n"
38062,76,260,3,2004,2003,557.841885900005,14.5,NA,"n"
38063,77,261,3,2004,2003,518.198300100005,15,NA,"n"
38064,78,262,3,2004,2003,484.218083700004,15.5,NA,"n"
38065,79,263,3,2004,2003,461.564606100004,16,NA,"n"
38066,80,264,3,2004,2003,447.406182600004,16.5,NA,"n"
38067,81,265,3,2004,2003,430.416074400004,16.5,NA,"n"
38068,82,266,3,2004,2003,413.425966200004,16.5,NA,"n"
38069,83,267,3,2004,2003,402.099227400004,16.5,NA,"n"
38070,84,268,3,2004,2003,390.772488600003,16,NA,"n"
38071,85,269,3,2004,2003,376.614065100003,15.5,NA,"n"
38072,86,270,3,2004,2003,365.287326300003,15,NA,"n"
38073,87,271,3,2004,2003,365.287326300003,14,NA,"n"
38074,88,272,3,2004,2003,353.960587500003,13.5,NA,"n"
38075,89,273,3,2004,2003,336.970479300003,14.5,NA,"n"
38076,90,274,3,2004,2003,325.643740500003,15,NA,"n"
38077,91,275,3,2004,2003,311.485317000003,15.5,NA,"n"
38078,92,276,4,2004,2003,308.653632300003,15.5,NA,"n"
38079,93,277,4,2004,2003,300.158578200003,14.5,NA,"n"
38080,94,278,4,2004,2003,294.495208800003,15,NA,"n"
38081,95,279,4,2004,2003,308.653632300003,15.5,NA,"n"
38082,96,280,4,2004,2003,308.653632300003,15.5,NA,"n"
38083,97,281,4,2004,2003,302.990262900003,15.5,NA,"n"
38084,98,282,4,2004,2003,302.990262900003,16,NA,"n"
38085,99,283,4,2004,2003,311.485317000003,17,NA,"n"
38086,100,284,4,2004,2003,404.930912100004,17,NA,"n"
38087,101,285,4,2004,2003,447.406182600004,16,NA,"n"
38088,102,286,4,2004,2003,458.732921400004,15.5,NA,"n"
38089,103,287,4,2004,2003,458.732921400004,15.5,NA,"n"
38090,104,288,4,2004,2003,450.237867300004,15.5,NA,"n"
38091,105,289,4,2004,2003,410.594281500004,15.5,NA,"n"
38092,106,290,4,2004,2003,362.455641600003,15.5,NA,"n"
38093,107,291,4,2004,2003,339.802164000003,15,NA,"n"
38094,108,292,4,2004,2003,317.148686400003,15,NA,"n"
38095,109,293,4,2004,2003,279.204111420003,14.5,NA,"n"
38096,110,294,4,2004,2003,251.736769830002,14,NA,"n"
38097,111,295,4,2004,2003,225.118933650002,13.5,NA,"n"
38098,112,296,4,2004,2003,210.960510150002,14,NA,"n"
38099,113,297,4,2004,2003,209.544667800002,15.5,NA,"n"
38100,114,298,4,2004,2003,206.146646160002,16,NA,"n"
38101,115,299,4,2004,2003,188.307032550002,17,NA,"n"
38102,116,300,4,2004,2003,172.732766700002,19,NA,"n"
38103,117,301,4,2004,2003,166.219891890001,20,NA,"n"
38104,118,302,4,2004,2003,167.069397300001,20.5,NA,"n"
38105,119,303,4,2004,2003,171.600092820002,20.5,NA,"n"
38106,120,304,4,2004,2003,178.112967630002,19.5,NA,"n"
38107,121,305,4,2004,2003,178.112967630002,19,NA,"n"
38108,122,306,5,2004,2003,177.829799160002,19,NA,"n"
38109,123,307,5,2004,2003,174.431777520002,19.5,NA,"n"
38110,124,308,5,2004,2003,180.661483860002,20,NA,"n"
38111,125,309,5,2004,2003,184.342673970002,20,NA,"n"
38112,126,310,5,2004,2003,192.271391130002,20,NA,"n"
38113,127,311,5,2004,2003,200.200108290002,19.5,NA,"n"
38114,128,312,5,2004,2003,209.827836270002,19,NA,"n"
38115,129,313,5,2004,2003,206.429814630002,18.5,NA,"n"
38116,130,314,5,2004,2003,227.950618350002,18.5,NA,"n"
38117,131,315,5,2004,2003,218.039721900002,18,NA,"n"
38118,132,316,5,2004,2003,223.703091300002,17.5,NA,"n"
38119,133,317,5,2004,2003,224.269428240002,18,NA,"n"
38120,134,318,5,2004,2003,207.562488510002,18.5,NA,"n"
38121,135,319,5,2004,2003,187.740695610002,19,NA,"n"
38122,136,320,5,2004,2003,176.130788340002,19,NA,"n"
38123,137,321,5,2004,2003,175.281282930002,20,NA,"n"
38124,138,322,5,2004,2003,176.980293750002,19.5,NA,"n"
38125,139,323,5,2004,2003,181.227820800002,19,NA,"n"
38126,140,324,5,2004,2003,185.192179380002,19.5,NA,"n"
38127,141,325,5,2004,2003,181.227820800002,19.5,NA,"n"
38128,142,326,5,2004,2003,179.528809980002,19.5,NA,"n"
38129,143,327,5,2004,2003,174.998114460002,19.5,NA,"n"
38130,144,328,5,2004,2003,174.431777520002,19,NA,"n"
38131,145,329,5,2004,2003,183.493168560002,19.5,NA,"n"
38132,146,330,5,2004,2003,185.475347850002,20,NA,"n"
38133,147,331,5,2004,2003,179.811978450002,20.5,NA,"n"
38134,148,332,5,2004,2003,184.342673970002,20,NA,"n"
38135,149,333,5,2004,2003,190.572380310002,20,NA,"n"
38136,150,334,5,2004,2003,211.810015560002,19.5,NA,"n"
38137,151,335,5,2004,2003,226.534776000002,19,NA,"n"
38138,152,336,5,2004,2003,237.295177860002,20,NA,"n"
38139,153,337,6,2004,2003,237.012009390002,20.5,NA,"n"
38140,154,338,6,2004,2003,226.534776000002,21,NA,"n"
38141,155,339,6,2004,2003,210.960510150002,21,NA,"n"
38142,156,340,6,2004,2003,202.182287580002,21,NA,"n"
38143,157,341,6,2004,2003,194.253570420002,21,NA,"n"
38144,158,342,6,2004,2003,197.085255120002,21,NA,"n"
38145,159,343,6,2004,2003,240.126862560002,21,NA,"n"
38146,160,344,6,2004,2003,259.948655460002,19.5,NA,"n"
38147,161,345,6,2004,2003,274.107078960002,18.5,NA,"n"
38148,162,346,6,2004,2003,275.522921310002,18,NA,"n"
38149,163,347,6,2004,2003,276.089258250002,18.5,NA,"n"
38150,164,348,6,2004,2003,274.390247430002,19,NA,"n"
38151,165,349,6,2004,2003,271.275394260002,20,NA,"n"
38152,166,350,6,2004,2003,267.594204150002,20,NA,"n"
38153,167,351,6,2004,2003,263.629845570002,20,NA,"n"
38154,168,352,6,2004,2003,257.116970760002,20.5,NA,"n"
38155,169,353,6,2004,2003,258.815981580002,21,NA,"n"
38156,170,354,6,2004,2003,267.027867210002,20.5,NA,"n"
38157,171,355,6,2004,2003,269.859551910002,20,NA,"n"
38158,172,356,6,2004,2003,265.045687920002,20.5,NA,"n"
38159,173,357,6,2004,2003,263.913014040002,20.5,NA,"n"
38160,174,358,6,2004,2003,265.045687920002,21,NA,"n"
38161,175,359,6,2004,2003,264.479350980002,21,NA,"n"
38162,176,360,6,2004,2003,265.045687920002,20.5,NA,"n"
38163,177,361,6,2004,2003,261.930834750002,20.5,NA,"n"
38164,178,362,6,2004,2003,260.514992400002,21,NA,"n"
38165,179,363,6,2004,2003,262.214003220002,21,NA,"n"
38166,180,364,6,2004,2003,266.744698740002,21,NA,"n"
38167,181,365,6,2004,2003,266.744698740002,21,NA,"n"
38168,182,366,6,2004,2003,267.877372620002,20.5,NA,"n"
38169,183,1,7,2004,2004,267.311035680002,20.5,NA,"n"
38170,184,2,7,2004,2004,265.328856390002,21,NA,"n"
38171,185,3,7,2004,2004,265.895193330002,21,NA,"n"
38172,186,4,7,2004,2004,268.726878030002,21,NA,"n"
38173,187,5,7,2004,2004,267.027867210002,21.5,NA,"n"
38174,188,6,7,2004,2004,270.425888850002,21.5,NA,"n"
38175,189,7,7,2004,2004,267.311035680002,21.5,NA,"n"
38176,190,8,7,2004,2004,265.045687920002,21,NA,"n"
38177,191,9,7,2004,2004,263.629845570002,21,NA,"n"
38178,192,10,7,2004,2004,264.479350980002,20.5,NA,"n"
38179,193,11,7,2004,2004,266.461530270002,20.5,NA,"n"
38180,194,12,7,2004,2004,272.408068140002,20.5,NA,"n"
38181,195,13,7,2004,2004,273.257573550002,20.5,NA,"n"
38182,196,14,7,2004,2004,267.877372620002,20.5,NA,"n"
38183,197,15,7,2004,2004,266.178361800002,20.5,NA,"n"
38184,198,16,7,2004,2004,265.328856390002,20.5,NA,"n"
38185,199,17,7,2004,2004,265.895193330002,20.5,NA,"n"
38186,200,18,7,2004,2004,268.160541090002,21,NA,"n"
38187,201,19,7,2004,2004,268.160541090002,21,NA,"n"
38188,202,20,7,2004,2004,269.293214970002,21,NA,"n"
38189,203,21,7,2004,2004,269.293214970002,21,NA,"n"
38190,204,22,7,2004,2004,266.178361800002,21.5,NA,"n"
38191,205,23,7,2004,2004,278.071437540002,21.5,NA,"n"
38192,206,24,7,2004,2004,291.663524100003,21.5,NA,"n"
38193,207,25,7,2004,2004,294.495208800003,NA,NA,"n"
38194,208,26,7,2004,2004,291.663524100003,NA,NA,"n"
38195,209,27,7,2004,2004,291.663524100003,NA,NA,"n"
38196,210,28,7,2004,2004,291.663524100003,NA,NA,"n"
38197,211,29,7,2004,2004,277.221932130002,20.5,NA,"n"
38198,212,30,7,2004,2004,272.124899670002,21,NA,"n"
38199,213,31,7,2004,2004,257.116970760002,NA,NA,"n"
38200,214,32,8,2004,2004,254.851623000002,NA,NA,"y"
38201,215,33,8,2004,2004,259.948655460002,NA,NA,"y"
38202,216,34,8,2004,2004,265.328856390002,NA,NA,"y"
38203,217,35,8,2004,2004,262.214003220002,NA,NA,"y"
38204,218,36,8,2004,2004,257.116970760002,NA,NA,"y"
38205,219,37,8,2004,2004,251.170432890002,NA,NA,"y"
38206,220,38,8,2004,2004,248.338748190002,NA,NA,"y"
38207,221,39,8,2004,2004,242.958547260002,NA,NA,"y"
38208,222,40,8,2004,2004,233.047650810002,NA,NA,"y"
38209,223,41,8,2004,2004,230.499134580002,NA,NA,"y"
38210,224,42,8,2004,2004,228.800123760002,NA,NA,"y"
38211,225,43,8,2004,2004,229.083292230002,NA,NA,"y"
38212,226,44,8,2004,2004,221.720912010002,NA,NA,"y"
38213,227,45,8,2004,2004,209.827836270002,NA,NA,"y"
38214,228,46,8,2004,2004,199.633771350002,NA,NA,"y"
38215,229,47,8,2004,2004,193.404065010002,NA,NA,"y"
38216,230,48,8,2004,2004,192.837728070002,NA,NA,"y"
38217,231,49,8,2004,2004,195.103075830002,21.5,NA,"y"
38218,232,50,8,2004,2004,194.536738890002,21.5,NA,"y"
38219,233,51,8,2004,2004,188.873369490002,NA,NA,"y"
38220,234,52,8,2004,2004,185.758516320002,NA,NA,"y"
38221,235,53,8,2004,2004,188.307032550002,NA,NA,"y"
38222,236,54,8,2004,2004,198.217929000002,NA,NA,"y"
38223,237,55,8,2004,2004,203.598129930002,20.5,NA,"y"
38224,238,56,8,2004,2004,205.863477690002,20.5,NA,"y"
38225,239,57,8,2004,2004,205.863477690002,20.5,NA,"y"
38226,240,58,8,2004,2004,210.394173210002,20.5,NA,"y"
38227,241,59,8,2004,2004,222.570417420002,20.5,NA,"y"
38228,242,60,8,2004,2004,226.817944470002,20.5,NA,"y"
38229,243,61,8,2004,2004,224.835765180002,20.5,NA,"y"
38230,244,62,8,2004,2004,223.136754360002,20.5,NA,"y"
38231,245,63,9,2004,2004,220.588238130002,20.5,NA,"y"
38232,246,64,9,2004,2004,213.509026380002,20.5,NA,"y"
38233,247,65,9,2004,2004,203.598129930002,20,NA,"y"
38234,248,66,9,2004,2004,205.580309220002,19.5,NA,"y"
38235,249,67,9,2004,2004,216.907048020002,20,NA,"y"
38236,250,68,9,2004,2004,222.853585890002,20,NA,"y"
38237,251,69,9,2004,2004,228.516955290002,20.5,NA,"y"
38238,252,70,9,2004,2004,232.198145400002,20.5,NA,"y"
38239,253,71,9,2004,2004,229.366460700002,20.5,NA,"y"
38240,254,72,9,2004,2004,237.012009390002,20.5,NA,"y"
38241,255,73,9,2004,2004,249.471422070002,20.5,NA,"y"
38242,256,74,9,2004,2004,248.055579720002,20,NA,"y"
38243,257,75,9,2004,2004,248.621916660002,20,NA,"y"
38244,258,76,9,2004,2004,249.471422070002,19.5,NA,"y"
38245,259,77,9,2004,2004,245.790231960002,19,NA,"y"
38246,260,78,9,2004,2004,243.524884200002,19,NA,"y"
38247,261,79,9,2004,2004,245.507063490002,19.5,NA,"y"
38248,262,80,9,2004,2004,246.922905840002,19.5,NA,"y"
38249,263,81,9,2004,2004,246.639737370002,18.5,NA,"y"
38250,264,82,9,2004,2004,250.887264420002,17.5,NA,"y"
38251,265,83,9,2004,2004,255.701128410002,17,NA,"y"
38252,266,84,9,2004,2004,251.170432890002,17,NA,"y"
38253,267,85,9,2004,2004,241.825873380002,17.5,NA,"y"
38254,268,86,9,2004,2004,238.427851740002,18,NA,"y"
38255,269,87,9,2004,2004,235.879335510002,18.5,NA,"y"
38256,270,88,9,2004,2004,230.499134580002,19,NA,"y"
38257,271,89,9,2004,2004,226.817944470002,19,NA,"y"
38258,272,90,9,2004,2004,225.118933650002,18.5,NA,"y"
38259,273,91,9,2004,2004,221.720912010002,18.5,NA,"y"
38260,274,92,9,2004,2004,213.225857910002,18.5,NA,"y"
38261,275,93,10,2004,2004,208.695162390002,18.5,NA,"y"
38262,276,94,10,2004,2004,202.465456050002,19,NA,"y"
38263,277,95,10,2004,2004,193.687233480002,19,NA,"y"
38264,278,96,10,2004,2004,189.439706430002,19.5,NA,"y"
38265,279,97,10,2004,2004,189.439706430002,19.5,NA,"y"
38266,280,98,10,2004,2004,187.457527140002,19.5,NA,"y"
38267,281,99,10,2004,2004,185.192179380002,19.5,NA,"y"
38268,282,100,10,2004,2004,183.493168560002,19.5,NA,"y"
38269,283,101,10,2004,2004,180.944652330002,19,NA,"y"
38270,284,102,10,2004,2004,175.847619870002,18,NA,"y"
38271,285,103,10,2004,2004,177.829799160002,17,NA,"y"
38272,286,104,10,2004,2004,178.396136100002,17,NA,"y"
38273,287,105,10,2004,2004,178.679304570002,17,NA,"y"
38274,288,106,10,2004,2004,178.679304570002,17.5,NA,"y"
38275,289,107,10,2004,2004,174.431777520002,17.5,NA,"y"
38276,290,108,10,2004,2004,165.936723420001,17.5,NA,"y"
38277,291,109,10,2004,2004,165.370386480001,17,NA,"y"
38278,292,110,10,2004,2004,171.883261290002,16.5,NA,"y"
38279,293,111,10,2004,2004,181.510989270002,15.5,NA,"y"
38280,294,112,10,2004,2004,197.651592060002,14.5,NA,"y"
38281,295,113,10,2004,2004,218.889227310002,14,NA,"y"
38282,296,114,10,2004,2004,225.118933650002,14,NA,"y"
38283,297,115,10,2004,2004,199.916939820002,14,NA,"y"
38284,298,116,10,2004,2004,186.324853260002,15,NA,"y"
38285,299,117,10,2004,2004,187.174358670002,15,NA,"y"
38286,300,118,10,2004,2004,188.873369490002,14.5,NA,"y"
38287,301,119,10,2004,2004,207.845656980002,14.5,NA,"y"
38288,302,120,10,2004,2004,297.326893500003,14,NA,"y"
38289,303,121,10,2004,2004,256.550633820002,13.5,NA,"y"
38290,304,122,10,2004,2004,215.208037200002,14,NA,"y"
38291,305,123,10,2004,2004,195.386244300002,14.5,NA,"y"
38292,306,124,11,2004,2004,179.528809980002,13.5,NA,"y"
38293,307,125,11,2004,2004,173.299103640002,13.5,NA,"y"
38294,308,126,11,2004,2004,169.334745060002,13.5,NA,"y"
38295,309,127,11,2004,2004,168.202071180001,13.5,NA,"y"
38296,310,128,11,2004,2004,167.635734240001,13,NA,"y"
38297,311,129,11,2004,2004,170.750587410002,13,NA,"y"
38298,312,130,11,2004,2004,163.671375660001,13.5,NA,"y"
38299,313,131,11,2004,2004,157.441669320001,13.5,NA,"y"
38300,314,132,11,2004,2004,154.893153090001,14,NA,"y"
38301,315,133,11,2004,2004,155.459490030001,14,NA,"y"
38302,316,134,11,2004,2004,157.158500850001,14,NA,"y"
38303,317,135,11,2004,2004,159.423848610001,14,NA,"y"
38304,318,136,11,2004,2004,163.954544130001,14.5,NA,"y"
38305,319,137,11,2004,2004,161.972364840001,14.5,NA,"y"
38306,320,138,11,2004,2004,157.441669320001,14.5,NA,"y"
38307,321,139,11,2004,2004,149.512952160001,14,NA,"y"
38308,322,140,11,2004,2004,142.150571940001,14,NA,"y"
38309,323,141,11,2004,2004,135.920865600001,13.5,NA,"y"
38310,324,142,11,2004,2004,131.673338550001,13.5,NA,"y"
38311,325,143,11,2004,2004,129.407990790001,12.5,NA,"y"
38312,326,144,11,2004,2004,126.293137620001,12,NA,"y"
38313,327,145,11,2004,2004,123.744621390001,NA,NA,"y"
38314,328,146,11,2004,2004,120.346599750001,NA,NA,"y"
38315,329,147,11,2004,2004,118.647588930001,NA,NA,"y"
38316,330,148,11,2004,2004,114.116893410001,NA,NA,"y"
38317,331,149,11,2004,2004,114.400061880001,NA,NA,"y"
38318,332,150,11,2004,2004,123.178284450001,11,NA,"y"
38319,333,151,11,2004,2004,127.142643030001,10.5,NA,"y"
38320,334,152,11,2004,2004,137.053539480001,10,NA,"y"
38321,335,153,11,2004,2004,143.849582760001,9.5,NA,"y"
38322,336,154,12,2004,2004,140.734729590001,9,NA,"y"
38323,337,155,12,2004,2004,137.903044890001,9,NA,"y"
38324,338,156,12,2004,2004,135.354528660001,8.5,NA,"y"
38325,339,157,12,2004,2004,133.938686310001,8.5,NA,"y"
38326,340,158,12,2004,2004,130.540664670001,8.5,NA,"y"
38327,341,159,12,2004,2004,131.107001610001,8.5,NA,"y"
38328,342,160,12,2004,2004,134.221854780001,9,NA,"y"
38329,343,161,12,2004,2004,161.689196370001,10,NA,"y"
38330,344,162,12,2004,2004,353.960587500003,10.5,NA,"y"
38331,345,163,12,2004,2004,515.366615400005,11,NA,"y"
38332,346,164,12,2004,2004,382.277434500003,11.5,NA,"y"
38333,347,165,12,2004,2004,294.495208800003,11.5,NA,"y"
38334,348,166,12,2004,2004,255.417959940002,11.5,NA,"y"
38335,349,167,12,2004,2004,232.198145400002,12,NA,"y"
38336,350,168,12,2004,2004,217.473384960002,12,NA,"y"
38337,351,169,12,2004,2004,206.712983100002,11.5,NA,"y"
38338,352,170,12,2004,2004,199.350602880002,11.5,NA,"y"
38339,353,171,12,2004,2004,189.439706430002,11,NA,"y"
38340,354,172,12,2004,2004,179.811978450002,10.5,NA,"y"
38341,355,173,12,2004,2004,172.732766700002,10,NA,"y"
38342,356,174,12,2004,2004,163.954544130001,9.5,NA,"y"
38343,357,175,12,2004,2004,159.707017080001,9.5,NA,"y"
38344,358,176,12,2004,2004,157.724837790001,9,NA,"y"
38345,359,177,12,2004,2004,156.592163910001,9,NA,"y"
38346,360,178,12,2004,2004,157.441669320001,9,NA,"y"
38347,361,179,12,2004,2004,159.423848610001,8.5,NA,"y"
38348,362,180,12,2004,2004,165.936723420001,8.5,NA,"y"
38349,363,181,12,2004,2004,518.198300100005,9,NA,"y"
38350,364,182,12,2004,2004,809.861824200007,9,NA,"y"
38351,365,183,12,2004,2004,801.366770100007,9,NA,"y"
38352,366,184,12,2004,2004,781.544977200007,9,NA,"y"
38353,1,185,1,2005,2004,753.228130200007,9,NA,"y"
38354,2,186,1,2005,2004,693.762751500006,8.5,NA,"y"
38355,3,187,1,2005,2004,628.634003400006,8.5,NA,"y"
38356,4,188,1,2005,2004,668.277589200006,8.5,NA,"y"
38357,5,189,1,2005,2004,591.822102300005,8,NA,"y"
38358,6,190,1,2005,2004,464.396290800004,8.5,NA,"y"
38359,7,191,1,2005,2004,399.267542700004,8.5,NA,"y"
38360,8,192,1,2005,2004,441.742813200004,8.5,NA,"y"
38361,9,193,1,2005,2004,637.129057500006,8.5,NA,"y"
38362,10,194,1,2005,2004,560.673570600005,7.5,NA,"y"
38363,11,195,1,2005,2004,481.386399000004,8.5,NA,"y"
38364,12,196,1,2005,2004,656.950850400006,8.5,NA,"y"
38365,13,197,1,2005,2004,688.099382100006,8.5,NA,"y"
38366,14,198,1,2005,2004,535.188408300005,8,NA,"y"
38367,15,199,1,2005,2004,436.079443800004,8,NA,"y"
38368,16,200,1,2005,2004,385.109119200003,8.5,NA,"y"
38369,17,201,1,2005,2004,356.792272200003,9,NA,"y"
38370,18,202,1,2005,2004,345.465533400003,9.5,NA,"y"
38371,19,203,1,2005,2004,336.970479300003,9.5,NA,"y"
38372,20,204,1,2005,2004,328.475425200003,9.5,NA,"y"
38373,21,205,1,2005,2004,325.643740500003,9.5,NA,"y"
38374,22,206,1,2005,2004,325.643740500003,9.5,NA,"y"
38375,23,207,1,2005,2004,319.980371100003,9.5,NA,"y"
38376,24,208,1,2005,2004,311.485317000003,9.5,NA,"y"
38377,25,209,1,2005,2004,302.990262900003,10,NA,"y"
38378,26,210,1,2005,2004,297.326893500003,10.5,NA,"y"
38379,27,211,1,2005,2004,348.297218100003,11,NA,"y"
38380,28,212,1,2005,2004,682.436012700006,11,NA,"y"
38381,29,213,1,2005,2004,710.752859700006,11,NA,"y"
38382,30,214,1,2005,2004,673.940958600006,10.5,NA,"y"
38383,31,215,1,2005,2004,546.515147100005,10,NA,"y"
38384,32,216,2,2005,2004,461.564606100004,10.5,NA,"n"
38385,33,217,2,2005,2004,419.089335600004,10.5,NA,"n"
38386,34,218,2,2005,2004,393.604173300004,10.5,NA,"n"
38387,35,219,2,2005,2004,365.287326300003,10.5,NA,"n"
38388,36,220,2,2005,2004,342.633848700003,11,NA,"n"
38389,37,221,2,2005,2004,325.643740500003,11,NA,"n"
38390,38,222,2,2005,2004,314.317001700003,11,NA,"n"
38391,39,223,2,2005,2004,302.990262900003,11.5,NA,"n"
38392,40,224,2,2005,2004,294.495208800003,11,NA,"n"
38393,41,225,2,2005,2004,286.000154700003,11,NA,"n"
38394,42,226,2,2005,2004,270.425888850002,11,NA,"n"
38395,43,227,2,2005,2004,258.532813110002,11.5,NA,"n"
38396,44,228,2,2005,2004,250.887264420002,11.5,NA,"n"
38397,45,229,2,2005,2004,245.507063490002,11.5,NA,"n"
38398,46,230,2,2005,2004,274.673415900002,11.5,NA,"n"
38399,47,231,2,2005,2004,311.485317000003,11,NA,"n"
38400,48,232,2,2005,2004,291.663524100003,11.5,NA,"n"
38401,49,233,2,2005,2004,286.000154700003,12,NA,"n"
38402,50,234,2,2005,2004,286.000154700003,12,NA,"n"
38403,51,235,2,2005,2004,302.990262900003,12,NA,"n"
38404,52,236,2,2005,2004,399.267542700004,12,NA,"n"
38405,53,237,2,2005,2004,472.891344900004,12,NA,"n"
38406,54,238,2,2005,2004,444.574497900004,13,NA,"n"
38407,55,239,2,2005,2004,467.227975500004,12.5,NA,"n"
38408,56,240,2,2005,2004,481.386399000004,12.5,NA,"n"
38409,57,241,2,2005,2004,458.732921400004,12,NA,"n"
38410,58,242,2,2005,2004,413.425966200004,12.5,NA,"n"
38411,59,243,2,2005,2004,402.099227400004,13,NA,"n"
38412,60,244,3,2005,2004,515.366615400005,12.5,NA,"n"
38413,61,245,3,2005,2004,504.039876600005,12,NA,"n"
38414,62,246,3,2005,2004,475.723029600004,12.5,NA,"n"
38415,63,247,3,2005,2004,472.891344900004,12.5,NA,"n"
38416,64,248,3,2005,2004,424.752705000004,13.5,NA,"n"
38417,65,249,3,2005,2004,390.772488600003,14,NA,"n"
38418,66,250,3,2005,2004,365.287326300003,14.5,NA,"n"
38419,67,251,3,2005,2004,345.465533400003,15,NA,"n"
38420,68,252,3,2005,2004,328.475425200003,15.5,NA,"n"
38421,69,253,3,2005,2004,314.317001700003,16,NA,"n"
38422,70,254,3,2005,2004,302.990262900003,16.5,NA,"n"
38423,71,255,3,2005,2004,291.663524100003,16.5,NA,"n"
38424,72,256,3,2005,2004,282.885301530003,17,NA,"n"
38425,73,257,3,2005,2004,274.956584370002,16.5,NA,"n"
38426,74,258,3,2005,2004,264.196182510002,15.5,NA,"n"
38427,75,259,3,2005,2004,252.586275240002,15,NA,"n"
38428,76,260,3,2005,2004,242.675378790002,14.5,NA,"n"
38429,77,261,3,2005,2004,236.162503980002,14,NA,"n"
38430,78,262,3,2005,2004,232.764482340002,13.5,NA,"n"
38431,79,263,3,2005,2004,236.728840920002,13.5,NA,"n"
38432,80,264,3,2005,2004,274.107078960002,13,NA,"n"
38433,81,265,3,2005,2004,317.148686400003,12.5,NA,"n"
38434,82,266,3,2005,2004,566.336940000005,12.5,NA,"n"
38435,83,267,3,2005,2004,781.544977200007,13,NA,"n"
38436,84,268,3,2005,2004,764.554869000007,13,NA,"n"
38437,85,269,3,2005,2004,690.931066800006,13,NA,"n"
38438,86,270,3,2005,2004,552.178516500005,13.5,NA,"n"
38439,87,271,3,2005,2004,447.406182600004,13.5,NA,"n"
38440,88,272,3,2005,2004,498.376507200004,13.5,NA,"n"
38441,89,273,3,2005,2004,535.188408300005,13,NA,"n"
38442,90,274,3,2005,2004,467.227975500004,13.5,NA,"n"
38443,91,275,4,2005,2004,419.089335600004,14.5,NA,"n"
38444,92,276,4,2005,2004,385.109119200003,15,NA,"n"
38445,93,277,4,2005,2004,362.455641600003,14.5,NA,"n"
38446,94,278,4,2005,2004,348.297218100003,14,NA,"n"
38447,95,279,4,2005,2004,353.960587500003,14,NA,"n"
38448,96,280,4,2005,2004,359.623956900003,15,NA,"n"
38449,97,281,4,2005,2004,339.802164000003,15.5,NA,"n"
38450,98,282,4,2005,2004,328.475425200003,15,NA,"n"
38451,99,283,4,2005,2004,359.623956900003,14.5,NA,"n"
38452,100,284,4,2005,2004,410.594281500004,14.5,NA,"n"
38453,101,285,4,2005,2004,404.930912100004,15,NA,"n"
38454,102,286,4,2005,2004,373.782380400003,16,NA,"n"
38455,103,287,4,2005,2004,351.128902800003,16,NA,"n"
38456,104,288,4,2005,2004,334.138794600003,15.5,NA,"n"
38457,105,289,4,2005,2004,322.812055800003,15,NA,"n"
38458,106,290,4,2005,2004,314.317001700003,15.5,NA,"n"
38459,107,291,4,2005,2004,294.495208800003,16.5,NA,"n"
38460,108,292,4,2005,2004,278.637774480002,17,NA,"n"
38461,109,293,4,2005,2004,263.913014040002,16,NA,"n"
38462,110,294,4,2005,2004,242.675378790002,16,NA,"n"
38463,111,295,4,2005,2004,221.154575070002,17,NA,"n"
38464,112,296,4,2005,2004,204.164466870002,18,NA,"n"
38465,113,297,4,2005,2004,187.457527140002,18,NA,"n"
38466,114,298,4,2005,2004,171.316924350002,17.5,NA,"n"
38467,115,299,4,2005,2004,169.617913530002,18,NA,"n"
38468,116,300,4,2005,2004,182.926831620002,18.5,NA,"n"
38469,117,301,4,2005,2004,181.227820800002,18.5,NA,"n"
38470,118,302,4,2005,2004,179.811978450002,18.5,NA,"n"
38471,119,303,4,2005,2004,176.980293750002,19,NA,"n"
38472,120,304,4,2005,2004,166.219891890001,19,NA,"n"
38473,121,305,5,2005,2004,159.140680140001,20,NA,"n"
38474,122,306,5,2005,2004,157.724837790001,20.5,NA,"n"
38475,123,307,5,2005,2004,156.025826970001,20.5,NA,"n"
38476,124,308,5,2005,2004,148.663446750001,20,NA,"n"
38477,125,309,5,2005,2004,147.813941340001,19.5,NA,"n"
38478,126,310,5,2005,2004,168.202071180001,19,NA,"n"
38479,127,311,5,2005,2004,254.002117590002,18,NA,"n"
38480,128,312,5,2005,2004,275.522921310002,17,NA,"n"
38481,129,313,5,2005,2004,300.158578200003,17,NA,"n"
38482,130,314,5,2005,2004,628.634003400006,16,NA,"n"
38483,131,315,5,2005,2004,750.396445500007,15,NA,"n"
38484,132,316,5,2005,2004,719.247913800006,15.5,NA,"n"
38485,133,317,5,2005,2004,707.921175000006,16,NA,"n"
38486,134,318,5,2005,2004,710.752859700006,16.5,NA,"n"
38487,135,319,5,2005,2004,699.426120900006,16.5,NA,"n"
38488,136,320,5,2005,2004,690.931066800006,16.5,NA,"n"
38489,137,321,5,2005,2004,693.762751500006,16,NA,"n"
38490,138,322,5,2005,2004,662.614219800006,15.5,NA,"n"
38491,139,323,5,2005,2004,784.376661900007,15.5,NA,"n"
38492,140,324,5,2005,2004,846.673725300008,14.5,NA,"n"
38493,141,325,5,2005,2004,855.168779400008,15.5,NA,"n"
38494,142,326,5,2005,2004,818.356878300007,16,NA,"n"
38495,143,327,5,2005,2004,784.376661900007,16.5,NA,"n"
38496,144,328,5,2005,2004,753.228130200007,16.5,NA,"n"
38497,145,329,5,2005,2004,722.079598500006,17,NA,"n"
38498,146,330,5,2005,2004,586.158732900005,18,NA,"n"
38499,147,331,5,2005,2004,543.683462400005,19.5,NA,"n"
38500,148,332,5,2005,2004,518.198300100005,18.5,NA,"n"
38501,149,333,5,2005,2004,484.218083700004,NA,NA,"n"
38502,150,334,5,2005,2004,467.227975500004,NA,NA,"n"
38503,151,335,5,2005,2004,450.237867300004,NA,NA,"n"
38504,152,336,6,2005,2004,419.089335600004,NA,NA,"n"
38505,153,337,6,2005,2004,404.930912100004,NA,NA,"n"
38506,154,338,6,2005,2004,385.109119200003,NA,NA,"n"
38507,155,339,6,2005,2004,368.119011000003,NA,NA,"n"
38508,156,340,6,2005,2004,339.802164000003,NA,NA,"n"
38509,157,341,6,2005,2004,322.812055800003,NA,NA,"n"
38510,158,342,6,2005,2004,308.653632300003,NA,NA,"n"
38511,159,343,6,2005,2004,294.495208800003,NA,NA,"n"
38512,160,344,6,2005,2004,302.990262900003,NA,NA,"n"
38513,161,345,6,2005,2004,314.317001700003,NA,NA,"n"
38514,162,346,6,2005,2004,331.307109900003,NA,NA,"n"
38515,163,347,6,2005,2004,331.307109900003,NA,NA,"n"
38516,164,348,6,2005,2004,328.475425200003,NA,NA,"n"
38517,165,349,6,2005,2004,319.980371100003,NA,NA,"n"
38518,166,350,6,2005,2004,308.653632300003,NA,NA,"n"
38519,167,351,6,2005,2004,291.663524100003,NA,NA,"n"
38520,168,352,6,2005,2004,286.000154700003,NA,NA,"n"
38521,169,353,6,2005,2004,282.602133060003,NA,NA,"n"
38522,170,354,6,2005,2004,283.168470000003,NA,NA,"n"
38523,171,355,6,2005,2004,286.000154700003,NA,NA,"n"
38524,172,356,6,2005,2004,286.000154700003,NA,NA,"n"
38525,173,357,6,2005,2004,273.257573550002,NA,NA,"n"
38526,174,358,6,2005,2004,271.558562730002,NA,NA,"n"
38527,175,359,6,2005,2004,280.053616830003,NA,NA,"n"
38528,176,360,6,2005,2004,283.168470000003,NA,NA,"n"
38529,177,361,6,2005,2004,282.035796120003,NA,NA,"n"
38530,178,362,6,2005,2004,279.487279890002,NA,NA,"n"
38531,179,363,6,2005,2004,278.920942950002,NA,NA,"n"
38532,180,364,6,2005,2004,279.204111420003,NA,NA,"n"
38533,181,365,6,2005,2004,275.522921310002,NA,NA,"n"
38534,182,1,7,2005,2005,268.160541090002,NA,NA,"n"
38535,183,2,7,2005,2005,263.346677100002,NA,NA,"n"
38536,184,3,7,2005,2005,262.214003220002,NA,NA,"n"
38537,185,4,7,2005,2005,280.903122240003,NA,NA,"n"
38538,186,5,7,2005,2005,277.505100600002,NA,NA,"n"
38539,187,6,7,2005,2005,275.522921310002,NA,NA,"n"
38540,188,7,7,2005,2005,281.469459180003,NA,NA,"n"
38541,189,8,7,2005,2005,280.053616830003,NA,NA,"n"
38542,190,9,7,2005,2005,271.558562730002,21,NA,"n"
38543,191,10,7,2005,2005,262.780340160002,21,NA,"n"
38544,192,11,7,2005,2005,259.665486990002,21,NA,"n"
38545,193,12,7,2005,2005,261.930834750002,21.5,NA,"n"
38546,194,13,7,2005,2005,263.629845570002,21.5,NA,"n"
38547,195,14,7,2005,2005,280.903122240003,21.5,NA,"n"
38548,196,15,7,2005,2005,286.000154700003,21,NA,"n"
38549,197,16,7,2005,2005,280.336785300002,21,NA,"n"
38550,198,17,7,2005,2005,278.354606010002,21.5,NA,"n"
38551,199,18,7,2005,2005,279.204111420003,21.5,NA,"n"
38552,200,19,7,2005,2005,281.186290710003,21.5,NA,"n"
38553,201,20,7,2005,2005,281.752627650003,21.5,NA,"n"
38554,202,21,7,2005,2005,279.487279890002,21,NA,"n"
38555,203,22,7,2005,2005,282.035796120003,20.5,NA,"n"
38556,204,23,7,2005,2005,282.602133060003,20,NA,"n"
38557,205,24,7,2005,2005,276.372426720002,20,NA,"n"
38558,206,25,7,2005,2005,261.930834750002,20.5,NA,"n"
38559,207,26,7,2005,2005,257.116970760002,21,NA,"n"
38560,208,27,7,2005,2005,259.382318520002,21,NA,"n"
38561,209,28,7,2005,2005,255.417959940002,21,NA,"n"
38562,210,29,7,2005,2005,242.958547260002,21,NA,"n"
38563,211,30,7,2005,2005,232.764482340002,21.5,NA,"n"
38564,212,31,7,2005,2005,222.853585890002,21.5,NA,"n"
38565,213,32,8,2005,2005,222.287248950002,22,NA,"y"
38566,214,33,8,2005,2005,223.703091300002,21.5,NA,"y"
38567,215,34,8,2005,2005,223.419922830002,21.5,NA,"y"
38568,216,35,8,2005,2005,227.384281410002,21,NA,"y"
38569,217,36,8,2005,2005,225.402102120002,21,NA,"y"
38570,218,37,8,2005,2005,215.491205670002,21.5,NA,"y"
38571,219,38,8,2005,2005,206.712983100002,21.5,NA,"y"
38572,220,39,8,2005,2005,208.128825450002,21.5,NA,"y"
38573,221,40,8,2005,2005,204.164466870002,21.5,NA,"y"
38574,222,41,8,2005,2005,204.730803810002,21.5,NA,"y"
38575,223,42,8,2005,2005,190.855548780002,22,NA,"y"
38576,224,43,8,2005,2005,170.184250470002,22,NA,"y"
38577,225,44,8,2005,2005,161.122859430001,22,NA,"y"
38578,226,45,8,2005,2005,159.423848610001,22,NA,"y"
38579,227,46,8,2005,2005,163.954544130001,21.5,NA,"y"
38580,228,47,8,2005,2005,161.689196370001,22,NA,"y"
38581,229,48,8,2005,2005,168.768408120002,22,NA,"y"
38582,230,49,8,2005,2005,168.768408120002,22,NA,"y"
38583,231,50,8,2005,2005,170.184250470002,21.5,NA,"y"
38584,232,51,8,2005,2005,177.829799160002,22,NA,"y"
38585,233,52,8,2005,2005,181.227820800002,22,NA,"y"
38586,234,53,8,2005,2005,179.245641510002,22,NA,"y"
38587,235,54,8,2005,2005,178.396136100002,22,NA,"y"
38588,236,55,8,2005,2005,181.794157740002,21.5,NA,"y"
38589,237,56,8,2005,2005,188.873369490002,21.5,NA,"y"
38590,238,57,8,2005,2005,186.041684790002,21.5,NA,"y"
38591,239,58,8,2005,2005,186.041684790002,21.5,NA,"y"
38592,240,59,8,2005,2005,188.873369490002,21.5,NA,"y"
38593,241,60,8,2005,2005,190.572380310002,21,NA,"y"
38594,242,61,8,2005,2005,190.855548780002,21,NA,"y"
38595,243,62,8,2005,2005,192.554559600002,20.5,NA,"y"
38596,244,63,9,2005,2005,196.235749710002,20.5,NA,"y"
38597,245,64,9,2005,2005,201.899119110002,20.5,NA,"y"
38598,246,65,9,2005,2005,202.748624520002,20.5,NA,"y"
38599,247,66,9,2005,2005,205.580309220002,20.5,NA,"y"
38600,248,67,9,2005,2005,208.695162390002,20,NA,"y"
38601,249,68,9,2005,2005,205.013972280002,20,NA,"y"
38602,250,69,9,2005,2005,201.049613700002,20,NA,"y"
38603,251,70,9,2005,2005,200.483276760002,20,NA,"y"
38604,252,71,9,2005,2005,199.633771350002,20,NA,"y"
38605,253,72,9,2005,2005,202.465456050002,19.5,NA,"y"
38606,254,73,9,2005,2005,208.128825450002,19.5,NA,"y"
38607,255,74,9,2005,2005,214.358531790002,19,NA,"y"
38608,256,75,9,2005,2005,214.641700260002,19,NA,"y"
38609,257,76,9,2005,2005,212.942689440002,18.5,NA,"y"
38610,258,77,9,2005,2005,217.190216490002,18.5,NA,"y"
38611,259,78,9,2005,2005,227.950618350002,18.5,NA,"y"
38612,260,79,9,2005,2005,236.162503980002,18.5,NA,"y"
38613,261,80,9,2005,2005,232.198145400002,18.5,NA,"y"
38614,262,81,9,2005,2005,224.835765180002,18.5,NA,"y"
38615,263,82,9,2005,2005,217.473384960002,19,NA,"y"
38616,264,83,9,2005,2005,213.509026380002,19,NA,"y"
38617,265,84,9,2005,2005,210.394173210002,19,NA,"y"
38618,266,85,9,2005,2005,208.128825450002,19,NA,"y"
38619,267,86,9,2005,2005,211.243678620002,18.5,NA,"y"
38620,268,87,9,2005,2005,225.118933650002,18,NA,"y"
38621,269,88,9,2005,2005,232.481313870002,17,NA,"y"
38622,270,89,9,2005,2005,231.065471520002,17.5,NA,"y"
38623,271,90,9,2005,2005,227.667449880002,18,NA,"y"
38624,272,91,9,2005,2005,230.215966110002,18,NA,"y"
38625,273,92,9,2005,2005,230.499134580002,18.5,NA,"y"
38626,274,93,10,2005,2005,229.649629170002,18,NA,"y"
38627,275,94,10,2005,2005,225.402102120002,18,NA,"y"
38628,276,95,10,2005,2005,227.101112940002,17,NA,"y"
38629,277,96,10,2005,2005,221.154575070002,16,NA,"y"
38630,278,97,10,2005,2005,213.225857910002,16,NA,"y"
38631,279,98,10,2005,2005,214.075363320002,16,NA,"y"
38632,280,99,10,2005,2005,214.641700260002,16.5,NA,"y"
38633,281,100,10,2005,2005,213.792194850002,17,NA,"y"
38634,282,101,10,2005,2005,209.827836270002,17,NA,"y"
38635,283,102,10,2005,2005,207.562488510002,17,NA,"y"
38636,284,103,10,2005,2005,217.190216490002,17,NA,"y"
38637,285,104,10,2005,2005,224.269428240002,17,NA,"y"
38638,286,105,10,2005,2005,229.366460700002,17,NA,"y"
38639,287,106,10,2005,2005,225.685270590002,17,NA,"y"
38640,288,107,10,2005,2005,208.128825450002,16.5,NA,"y"
38641,289,108,10,2005,2005,201.615950640002,16.5,NA,"y"
38642,290,109,10,2005,2005,195.103075830002,16.5,NA,"y"
38643,291,110,10,2005,2005,192.554559600002,16.5,NA,"y"
38644,292,111,10,2005,2005,188.590201020002,16.5,NA,"y"
38645,293,112,10,2005,2005,173.865440580002,17,NA,"y"
38646,294,113,10,2005,2005,161.122859430001,17,NA,"y"
38647,295,114,10,2005,2005,158.574343200001,17,NA,"y"
38648,296,115,10,2005,2005,157.724837790001,17,NA,"y"
38649,297,116,10,2005,2005,157.441669320001,17,NA,"y"
38650,298,117,10,2005,2005,157.441669320001,16.5,NA,"y"
38651,299,118,10,2005,2005,158.008006260001,16.5,NA,"y"
38652,300,119,10,2005,2005,153.477310740001,15.5,NA,"y"
38653,301,120,10,2005,2005,159.140680140001,15.5,NA,"y"
38654,302,121,10,2005,2005,163.954544130001,15.5,NA,"y"
38655,303,122,10,2005,2005,167.352565770001,15,NA,"y"
38656,304,123,10,2005,2005,167.069397300001,15,NA,"y"
38657,305,124,11,2005,2005,165.087218010001,15,NA,"y"
38658,306,125,11,2005,2005,159.423848610001,14.5,NA,"y"
38659,307,126,11,2005,2005,158.291174730001,14,NA,"y"
38660,308,127,11,2005,2005,158.574343200001,14,NA,"y"
38661,309,128,11,2005,2005,156.875332380001,14,NA,"y"
38662,310,129,11,2005,2005,158.857511670001,14,NA,"y"
38663,311,130,11,2005,2005,151.778299920001,14,NA,"y"
38664,312,131,11,2005,2005,151.211962980001,14,NA,"y"
38665,313,132,11,2005,2005,233.897156220002,14,NA,"y"
38666,314,133,11,2005,2005,251.736769830002,13.5,NA,"y"
38667,315,134,11,2005,2005,201.615950640002,13.5,NA,"y"
38668,316,135,11,2005,2005,174.431777520002,14,NA,"y"
38669,317,136,11,2005,2005,157.441669320001,14,NA,"y"
38670,318,137,11,2005,2005,153.477310740001,14,NA,"y"
38671,319,138,11,2005,2005,154.893153090001,14,NA,"y"
38672,320,139,11,2005,2005,153.477310740001,13.5,NA,"y"
38673,321,140,11,2005,2005,149.796120630001,13.5,NA,"y"
38674,322,141,11,2005,2005,150.362457570001,13.5,NA,"y"
38675,323,142,11,2005,2005,145.548593580001,13,NA,"y"
38676,324,143,11,2005,2005,141.867403470001,13,NA,"y"
38677,325,144,11,2005,2005,140.168392650001,13,NA,"y"
38678,326,145,11,2005,2005,146.681267460001,12.5,NA,"y"
38679,327,146,11,2005,2005,148.097109810001,12.5,NA,"y"
38680,328,147,11,2005,2005,149.229783690001,12.5,NA,"y"
38681,329,148,11,2005,2005,150.362457570001,12.5,NA,"y"
38682,330,149,11,2005,2005,159.707017080001,12,NA,"y"
38683,331,150,11,2005,2005,166.219891890001,11.5,NA,"y"
38684,332,151,11,2005,2005,170.750587410002,11,NA,"y"
38685,333,152,11,2005,2005,178.679304570002,10.5,NA,"y"
38686,334,153,11,2005,2005,198.217929000002,10,NA,"y"
38687,335,154,12,2005,2005,242.958547260002,10.5,NA,"y"
38688,336,155,12,2005,2005,282.602133060003,10.5,NA,"y"
38689,337,156,12,2005,2005,546.515147100005,10,NA,"y"
38690,338,157,12,2005,2005,441.742813200004,9,NA,"y"
38691,339,158,12,2005,2005,314.317001700003,8.5,NA,"y"
38692,340,159,12,2005,2005,260.231823930002,8.5,NA,"y"
38693,341,160,12,2005,2005,231.348639990002,8.5,NA,"y"
38694,342,161,12,2005,2005,211.243678620002,9,NA,"y"
38695,343,162,12,2005,2005,196.802086650002,10,NA,"y"
38696,344,163,12,2005,2005,193.120896540002,10.5,NA,"y"
38697,345,164,12,2005,2005,191.138717250002,10,NA,"y"
38698,346,165,12,2005,2005,189.439706430002,10,NA,"y"
38699,347,166,12,2005,2005,187.457527140002,10,NA,"y"
38700,348,167,12,2005,2005,184.059505500002,9.5,NA,"y"
38701,349,168,12,2005,2005,180.944652330002,9,NA,"y"
38702,350,169,12,2005,2005,178.112967630002,9,NA,"y"
38703,351,170,12,2005,2005,176.697125280002,8.5,NA,"y"
38704,352,171,12,2005,2005,182.360494680002,8.5,NA,"y"
38705,353,172,12,2005,2005,221.154575070002,9.5,NA,"y"
38706,354,173,12,2005,2005,501.208191900004,10.5,NA,"y"
38707,355,174,12,2005,2005,676.772643300006,10.5,NA,"y"
38708,356,175,12,2005,2005,702.257805600006,11,NA,"y"
38709,357,176,12,2005,2005,747.564760800007,12,NA,"y"
38710,358,177,12,2005,2005,784.376661900007,12,NA,"y"
38711,359,178,12,2005,2005,730.574652600007,12,NA,"y"
38712,360,179,12,2005,2005,671.109273900006,12,NA,"y"
38713,361,180,12,2005,2005,719.247913800006,12,NA,"y"
38714,362,181,12,2005,2005,767.386553700007,11.5,NA,"y"
38715,363,182,12,2005,2005,829.683617100007,11,NA,"y"
38716,364,183,12,2005,2005,869.327202900008,11,NA,"y"
38717,365,184,12,2005,2005,869.327202900008,10.5,NA,"y"
38718,1,185,1,2006,2005,880.653941700008,10.5,NA,"y"
38719,2,186,1,2006,2005,894.812365200008,10.5,NA,"y"
38720,3,187,1,2006,2005,894.812365200008,10,NA,"y"
38721,4,188,1,2006,2005,886.317311100008,10,NA,"y"
38722,5,189,1,2006,2005,872.158887600008,10.5,NA,"y"
38723,6,190,1,2006,2005,863.663833500008,10.5,NA,"y"
38724,7,191,1,2006,2005,849.505410000008,11,NA,"y"
38725,8,192,1,2006,2005,835.346986500007,11,NA,"y"
38726,9,193,1,2006,2005,829.683617100007,10.5,NA,"y"
38727,10,194,1,2006,2005,824.020247700007,10,NA,"y"
38728,11,195,1,2006,2005,818.356878300007,10.5,NA,"y"
38729,12,196,1,2006,2005,812.693508900007,10.5,NA,"y"
38730,13,197,1,2006,2005,815.525193600007,10.5,NA,"y"
38731,14,198,1,2006,2005,809.861824200007,10.5,NA,"y"
38732,15,199,1,2006,2005,809.861824200007,10,NA,"y"
38733,16,200,1,2006,2005,826.851932400007,10,NA,"y"
38734,17,201,1,2006,2005,804.198454800007,9.5,NA,"y"
38735,18,202,1,2006,2005,773.049923100007,9.5,NA,"y"
38736,19,203,1,2006,2005,767.386553700007,9.5,NA,"y"
38737,20,204,1,2006,2005,761.723184300007,9.5,NA,"y"
38738,21,205,1,2006,2005,730.574652600007,9,NA,"y"
38739,22,206,1,2006,2005,702.257805600006,9,NA,"y"
38740,23,207,1,2006,2005,676.772643300006,9,NA,"y"
38741,24,208,1,2006,2005,642.792426900006,9.5,NA,"y"
38742,25,209,1,2006,2005,591.822102300005,9.5,NA,"y"
38743,26,210,1,2006,2005,540.851777700005,10,NA,"y"
38744,27,211,1,2006,2005,515.366615400005,10,NA,"y"
38745,28,212,1,2006,2005,515.366615400005,10,NA,"y"
38746,29,213,1,2006,2005,543.683462400005,10,NA,"y"
38747,30,214,1,2006,2005,614.475579900006,10,NA,"y"
38748,31,215,1,2006,2005,642.792426900006,10,NA,"y"
38749,32,216,2,2006,2005,702.257805600006,9.5,NA,"n"
38750,33,217,2,2006,2005,705.089490300006,9.5,NA,"n"
38751,34,218,2,2006,2005,753.228130200007,10,NA,"n"
38752,35,219,2,2006,2005,764.554869000007,10.5,NA,"n"
38753,36,220,2,2006,2005,773.049923100007,10.5,NA,"n"
38754,37,221,2,2006,2005,775.881607800007,10.5,NA,"n"
38755,38,222,2,2006,2005,770.218238400007,9.5,NA,"n"
38756,39,223,2,2006,2005,761.723184300007,10,NA,"n"
38757,40,224,2,2006,2005,747.564760800007,10,NA,"n"
38758,41,225,2,2006,2005,727.742967900007,10.5,NA,"n"
38759,42,226,2,2006,2005,702.257805600006,10.5,NA,"n"
38760,43,227,2,2006,2005,682.436012700006,11,NA,"n"
38761,44,228,2,2006,2005,659.782535100006,11,NA,"n"
38762,45,229,2,2006,2005,628.634003400006,11.5,NA,"n"
38763,46,230,2,2006,2005,580.495363500005,11,NA,"n"
38764,47,231,2,2006,2005,523.861669500005,10.5,NA,"n"
38765,48,232,2,2006,2005,470.059660200004,9.5,NA,"n"
38766,49,233,2,2006,2005,430.416074400004,9.5,NA,"n"
38767,50,234,2,2006,2005,413.425966200004,9.5,NA,"n"
38768,51,235,2,2006,2005,402.099227400004,9.5,NA,"n"
38769,52,236,2,2006,2005,382.277434500003,9.5,NA,"n"
38770,53,237,2,2006,2005,368.119011000003,9.5,NA,"n"
38771,54,238,2,2006,2005,353.960587500003,10,NA,"n"
38772,55,239,2,2006,2005,348.297218100003,11,NA,"n"
38773,56,240,2,2006,2005,342.633848700003,11.5,NA,"n"
38774,57,241,2,2006,2005,336.970479300003,11.5,NA,"n"
38775,58,242,2,2006,2005,339.802164000003,11.5,NA,"n"
38776,59,243,2,2006,2005,523.861669500005,11.5,NA,"n"
38777,60,244,3,2006,2005,781.544977200007,11,NA,"n"
38778,61,245,3,2006,2005,787.208346600007,10.5,NA,"n"
38779,62,246,3,2006,2005,758.891499600007,10,NA,"n"
38780,63,247,3,2006,2005,756.059814900007,9.5,NA,"n"
38781,64,248,3,2006,2005,775.881607800007,9,NA,"n"
38782,65,249,3,2006,2005,790.040031300007,9,NA,"n"
38783,66,250,3,2006,2005,838.178671200007,9.5,NA,"n"
38784,67,251,3,2006,2005,858.000464100008,10,NA,"n"
38785,68,252,3,2006,2005,846.673725300008,10,NA,"n"
38786,69,253,3,2006,2005,824.020247700007,10,NA,"n"
38787,70,254,3,2006,2005,807.030139500007,9.5,NA,"n"
38788,71,255,3,2006,2005,798.535085400007,9,NA,"n"
38789,72,256,3,2006,2005,795.703400700007,9,NA,"n"
38790,73,257,3,2006,2005,795.703400700007,9,NA,"n"
38791,74,258,3,2006,2005,798.535085400007,9.5,NA,"n"
38792,75,259,3,2006,2005,795.703400700007,9.5,NA,"n"
38793,76,260,3,2006,2005,790.040031300007,10,NA,"n"
38794,77,261,3,2006,2005,795.703400700007,10.5,NA,"n"
38795,78,262,3,2006,2005,792.871716000007,10.5,NA,"n"
38796,79,263,3,2006,2005,784.376661900007,10.5,NA,"n"
38797,80,264,3,2006,2005,778.713292500007,10,NA,"n"
38798,81,265,3,2006,2005,778.713292500007,10,NA,"n"
38799,82,266,3,2006,2005,773.049923100007,10.5,NA,"n"
38800,83,267,3,2006,2005,770.218238400007,11,NA,"n"
38801,84,268,3,2006,2005,767.386553700007,11.5,NA,"n"
38802,85,269,3,2006,2005,790.040031300007,11.5,NA,"n"
38803,86,270,3,2006,2005,798.535085400007,11,NA,"n"
38804,87,271,3,2006,2005,787.208346600007,11,NA,"n"
38805,88,272,3,2006,2005,784.376661900007,11,NA,"n"
38806,89,273,3,2006,2005,778.713292500007,10.5,NA,"n"
38807,90,274,3,2006,2005,770.218238400007,10.5,NA,"n"
38808,91,275,4,2006,2005,770.218238400007,10,NA,"n"
38809,92,276,4,2006,2005,790.040031300007,10.5,NA,"n"
38810,93,277,4,2006,2005,787.208346600007,10.5,NA,"n"
38811,94,278,4,2006,2005,809.861824200007,10.5,NA,"n"
38812,95,279,4,2006,2005,835.346986500007,10.5,NA,"n"
38813,96,280,4,2006,2005,832.515301800007,11,NA,"n"
38814,97,281,4,2006,2005,824.020247700007,11.5,NA,"n"
38815,98,282,4,2006,2005,815.525193600007,11.5,NA,"n"
38816,99,283,4,2006,2005,807.030139500007,11,NA,"n"
38817,100,284,4,2006,2005,804.198454800007,11,NA,"n"
38818,101,285,4,2006,2005,807.030139500007,11,NA,"n"
38819,102,286,4,2006,2005,812.693508900007,11,NA,"n"
38820,103,287,4,2006,2005,829.683617100007,12,NA,"n"
38821,104,288,4,2006,2005,843.842040600008,13,NA,"n"
38822,105,289,4,2006,2005,843.842040600008,13,NA,"n"
38823,106,290,4,2006,2005,835.346986500007,12.5,NA,"n"
38824,107,291,4,2006,2005,829.683617100007,11.5,NA,"n"
38825,108,292,4,2006,2005,826.851932400007,11.5,NA,"n"
38826,109,293,4,2006,2005,809.861824200007,12,NA,"n"
38827,110,294,4,2006,2005,792.871716000007,12.5,NA,"n"
38828,111,295,4,2006,2005,781.544977200007,13,NA,"n"
38829,112,296,4,2006,2005,773.049923100007,13,NA,"n"
38830,113,297,4,2006,2005,764.554869000007,13,NA,"n"
38831,114,298,4,2006,2005,758.891499600007,13,NA,"n"
38832,115,299,4,2006,2005,750.396445500007,13.5,NA,"n"
38833,116,300,4,2006,2005,747.564760800007,13.5,NA,"n"
38834,117,301,4,2006,2005,750.396445500007,14.5,NA,"n"
38835,118,302,4,2006,2005,747.564760800007,15,NA,"n"
38836,119,303,4,2006,2005,747.564760800007,15.5,NA,"n"
38837,120,304,4,2006,2005,739.069706700007,16,NA,"n"
38838,121,305,5,2006,2005,727.742967900007,16,NA,"n"
38839,122,306,5,2006,2005,702.257805600006,16,NA,"n"
38840,123,307,5,2006,2005,668.277589200006,16,NA,"n"
38841,124,308,5,2006,2005,642.792426900006,16.5,NA,"n"
38842,125,309,5,2006,2005,608.812210500005,17,NA,"n"
38843,126,310,5,2006,2005,560.673570600005,17.5,NA,"n"
38844,127,311,5,2006,2005,518.198300100005,18,NA,"n"
38845,128,312,5,2006,2005,498.376507200004,19,NA,"n"
38846,129,313,5,2006,2005,557.841885900005,18,NA,"n"
38847,130,314,5,2006,2005,580.495363500005,16.5,NA,"n"
38848,131,315,5,2006,2005,566.336940000005,16.5,NA,"n"
38849,132,316,5,2006,2005,549.346831800005,17,NA,"n"
38850,133,317,5,2006,2005,529.525038900005,17.5,NA,"n"
38851,134,318,5,2006,2005,498.376507200004,18,NA,"n"
38852,135,319,5,2006,2005,481.386399000004,18.5,NA,"n"
38853,136,320,5,2006,2005,438.911128500004,19,NA,"n"
38854,137,321,5,2006,2005,433.247759100004,19.5,NA,"n"
38855,138,322,5,2006,2005,436.079443800004,20,NA,"n"
38856,139,323,5,2006,2005,444.574497900004,19.5,NA,"n"
38857,140,324,5,2006,2005,458.732921400004,18.5,NA,"n"
38858,141,325,5,2006,2005,472.891344900004,17,NA,"n"
38859,142,326,5,2006,2005,484.218083700004,15.5,NA,"n"
38860,143,327,5,2006,2005,506.871561300005,16,NA,"n"
38861,144,328,5,2006,2005,529.525038900005,16,NA,"n"
38862,145,329,5,2006,2005,515.366615400005,16.5,NA,"n"
38863,146,330,5,2006,2005,487.049768400004,17,NA,"n"
38864,147,331,5,2006,2005,461.564606100004,16.5,NA,"n"
38865,148,332,5,2006,2005,444.574497900004,17,NA,"n"
38866,149,333,5,2006,2005,430.416074400004,17,NA,"n"
38867,150,334,5,2006,2005,410.594281500004,17,NA,"n"
38868,151,335,5,2006,2005,402.099227400004,18,NA,"n"
38869,152,336,6,2006,2005,399.267542700004,18,NA,"n"
38870,153,337,6,2006,2005,393.604173300004,18.5,NA,"n"
38871,154,338,6,2006,2005,396.435858000004,18.5,NA,"n"
38872,155,339,6,2006,2005,396.435858000004,19,NA,"n"
38873,156,340,6,2006,2005,402.099227400004,19,NA,"n"
38874,157,341,6,2006,2005,399.267542700004,19.5,NA,"n"
38875,158,342,6,2006,2005,393.604173300004,20,NA,"n"
38876,159,343,6,2006,2005,382.277434500003,19.5,NA,"n"
38877,160,344,6,2006,2005,376.614065100003,19.5,NA,"n"
38878,161,345,6,2006,2005,368.119011000003,19.5,NA,"n"
38879,162,346,6,2006,2005,368.119011000003,19,NA,"n"
38880,163,347,6,2006,2005,362.455641600003,19,NA,"n"
38881,164,348,6,2006,2005,365.287326300003,18,NA,"n"
38882,165,349,6,2006,2005,370.950695700003,17.5,NA,"n"
38883,166,350,6,2006,2005,370.950695700003,18,NA,"n"
38884,167,351,6,2006,2005,368.119011000003,18,NA,"n"
38885,168,352,6,2006,2005,365.287326300003,19,NA,"n"
38886,169,353,6,2006,2005,345.465533400003,20.5,NA,"n"
38887,170,354,6,2006,2005,345.465533400003,20.5,NA,"n"
38888,171,355,6,2006,2005,342.633848700003,20.5,NA,"n"
38889,172,356,6,2006,2005,334.138794600003,20,NA,"n"
38890,173,357,6,2006,2005,322.812055800003,20.5,NA,"n"
38891,174,358,6,2006,2005,317.148686400003,20.5,NA,"n"
38892,175,359,6,2006,2005,314.317001700003,21,NA,"n"
38893,176,360,6,2006,2005,308.653632300003,21,NA,"n"
38894,177,361,6,2006,2005,300.158578200003,21,NA,"n"
38895,178,362,6,2006,2005,294.495208800003,21,NA,"n"
38896,179,363,6,2006,2005,297.326893500003,20.5,NA,"n"
38897,180,364,6,2006,2005,278.920942950002,20.5,NA,"n"
38898,181,365,6,2006,2005,271.841731200002,20.5,NA,"n"
38899,182,1,7,2006,2006,272.691236610002,20.5,NA,"n"
38900,183,2,7,2006,2006,272.408068140002,21,NA,"n"
38901,184,3,7,2006,2006,274.673415900002,21.5,NA,"n"
38902,185,4,7,2006,2006,269.576383440002,21,NA,"n"
38903,186,5,7,2006,2006,263.913014040002,21,NA,"n"
38904,187,6,7,2006,2006,263.063508630002,21,NA,"n"
38905,188,7,7,2006,2006,263.346677100002,21,NA,"n"
38906,189,8,7,2006,2006,258.532813110002,21,NA,"n"
38907,190,9,7,2006,2006,254.285286060002,21.5,NA,"n"
38908,191,10,7,2006,2006,255.701128410002,21.5,NA,"n"
38909,192,11,7,2006,2006,258.815981580002,21.5,NA,"n"
38910,193,12,7,2006,2006,256.550633820002,21,NA,"n"
38911,194,13,7,2006,2006,255.417959940002,21,NA,"n"
38912,195,14,7,2006,2006,259.382318520002,21.5,NA,"n"
38913,196,15,7,2006,2006,261.081329340002,21.5,NA,"n"
38914,197,16,7,2006,2006,271.275394260002,21.5,NA,"n"
38915,198,17,7,2006,2006,273.540742020002,21,NA,"n"
38916,199,18,7,2006,2006,276.089258250002,21.5,NA,"n"
38917,200,19,7,2006,2006,276.372426720002,21,NA,"n"
38918,201,20,7,2006,2006,280.903122240003,21.5,NA,"n"
38919,202,21,7,2006,2006,286.000154700003,21,NA,"n"
38920,203,22,7,2006,2006,288.831839400003,20.5,NA,"n"
38921,204,23,7,2006,2006,291.663524100003,20.5,NA,"n"
38922,205,24,7,2006,2006,294.495208800003,21,NA,"n"
38923,206,25,7,2006,2006,294.495208800003,21.5,NA,"n"
38924,207,26,7,2006,2006,294.495208800003,21.5,NA,"n"
38925,208,27,7,2006,2006,294.495208800003,21.5,NA,"n"
38926,209,28,7,2006,2006,291.663524100003,21,NA,"n"
38927,210,29,7,2006,2006,286.000154700003,21,NA,"n"
38928,211,30,7,2006,2006,282.602133060003,20.5,NA,"n"
38929,212,31,7,2006,2006,286.000154700003,20.5,NA,"n"
38930,213,32,8,2006,2006,288.831839400003,20,NA,"y"
38931,214,33,8,2006,2006,283.168470000003,20,NA,"y"
38932,215,34,8,2006,2006,283.168470000003,20,NA,"y"
38933,216,35,8,2006,2006,291.663524100003,20,NA,"y"
38934,217,36,8,2006,2006,278.637774480002,20,NA,"y"
38935,218,37,8,2006,2006,277.788269070002,20.5,NA,"y"
38936,219,38,8,2006,2006,279.487279890002,20.5,NA,"y"
38937,220,39,8,2006,2006,278.920942950002,20,NA,"y"
38938,221,40,8,2006,2006,280.336785300002,20.5,NA,"y"
38939,222,41,8,2006,2006,279.204111420003,21,NA,"y"
38940,223,42,8,2006,2006,281.752627650003,20.5,NA,"y"
38941,224,43,8,2006,2006,279.770448360002,20,NA,"y"
38942,225,44,8,2006,2006,270.709057320002,20,NA,"y"
38943,226,45,8,2006,2006,270.425888850002,20,NA,"y"
38944,227,46,8,2006,2006,272.974405080002,20,NA,"y"
38945,228,47,8,2006,2006,265.328856390002,20,NA,"y"
38946,229,48,8,2006,2006,261.647666280002,20,NA,"y"
38947,230,49,8,2006,2006,258.532813110002,20,NA,"y"
38948,231,50,8,2006,2006,259.099150050002,20,NA,"y"
38949,232,51,8,2006,2006,265.895193330002,20,NA,"y"
38950,233,52,8,2006,2006,270.142720380002,19.5,NA,"y"
38951,234,53,8,2006,2006,273.257573550002,19.5,NA,"y"
38952,235,54,8,2006,2006,272.974405080002,19.5,NA,"y"
38953,236,55,8,2006,2006,268.443709560002,19.5,NA,"y"
38954,237,56,8,2006,2006,260.798160870002,19,NA,"y"
38955,238,57,8,2006,2006,251.736769830002,19,NA,"y"
38956,239,58,8,2006,2006,241.259536440002,19.5,NA,"y"
38957,240,59,8,2006,2006,238.994188680002,20,NA,"y"
38958,241,60,8,2006,2006,242.958547260002,20,NA,"y"
38959,242,61,8,2006,2006,242.675378790002,20,NA,"y"
38960,243,62,8,2006,2006,238.994188680002,20,NA,"y"
38961,244,63,9,2006,2006,235.312998570002,20,NA,"y"
38962,245,64,9,2006,2006,239.560525620002,19.5,NA,"y"
38963,246,65,9,2006,2006,244.091221140002,19.5,NA,"y"
38964,247,66,9,2006,2006,248.338748190002,19,NA,"y"
38965,248,67,9,2006,2006,252.303106770002,19.5,NA,"y"
38966,249,68,9,2006,2006,252.303106770002,19.5,NA,"y"
38967,250,69,9,2006,2006,254.002117590002,19.5,NA,"y"
38968,251,70,9,2006,2006,253.435780650002,19.5,NA,"y"
38969,252,71,9,2006,2006,246.356568900002,19,NA,"y"
38970,253,72,9,2006,2006,248.338748190002,19,NA,"y"
38971,254,73,9,2006,2006,259.382318520002,19,NA,"y"
38972,255,74,9,2006,2006,259.948655460002,19.5,NA,"y"
38973,256,75,9,2006,2006,264.479350980002,19.5,NA,"y"
38974,257,76,9,2006,2006,265.895193330002,19,NA,"y"
38975,258,77,9,2006,2006,259.665486990002,18.5,NA,"y"
38976,259,78,9,2006,2006,265.328856390002,18,NA,"y"
38977,260,79,9,2006,2006,276.655595190002,17,NA,"y"
38978,261,80,9,2006,2006,280.903122240003,17,NA,"y"
38979,262,81,9,2006,2006,270.425888850002,17.5,NA,"y"
38980,263,82,9,2006,2006,258.249644640002,17.5,NA,"y"
38981,264,83,9,2006,2006,257.683307700002,17,NA,"y"
38982,265,84,9,2006,2006,254.285286060002,17,NA,"y"
38983,266,85,9,2006,2006,252.303106770002,16.5,NA,"y"
38984,267,86,9,2006,2006,251.736769830002,16.5,NA,"y"
38985,268,87,9,2006,2006,251.170432890002,17,NA,"y"
38986,269,88,9,2006,2006,246.356568900002,17,NA,"y"
38987,270,89,9,2006,2006,239.277357150002,17.5,NA,"y"
38988,271,90,9,2006,2006,236.728840920002,17.5,NA,"y"
38989,272,91,9,2006,2006,231.631808460002,17.5,NA,"y"
38990,273,92,9,2006,2006,226.251607530002,17.5,NA,"y"
38991,274,93,10,2006,2006,225.118933650002,17.1,NA,"y"
38992,275,94,10,2006,2006,224.269428240002,16.7,NA,"y"
38993,276,95,10,2006,2006,226.534776000002,16.4,NA,"y"
38994,277,96,10,2006,2006,222.853585890002,16.2,NA,"y"
38995,278,97,10,2006,2006,219.738732720002,16,NA,"y"
38996,279,98,10,2006,2006,221.154575070002,16.1,NA,"y"
38997,280,99,10,2006,2006,221.437743540002,16,NA,"y"
38998,281,100,10,2006,2006,216.623879550002,16.2,NA,"y"
38999,282,101,10,2006,2006,212.942689440002,16.7,NA,"y"
39000,283,102,10,2006,2006,210.677341680002,16.6,NA,"y"
39001,284,103,10,2006,2006,206.146646160002,16.4,NA,"y"
39002,285,104,10,2006,2006,195.952581240002,16.5,NA,"y"
39003,286,105,10,2006,2006,185.475347850002,16.6,NA,"y"
39004,287,106,10,2006,2006,180.944652330002,16.5,NA,"y"
39005,288,107,10,2006,2006,180.661483860002,16.4,NA,"y"
39006,289,108,10,2006,2006,180.095146920002,16.2,NA,"y"
39007,290,109,10,2006,2006,174.431777520002,16.1,NA,"y"
39008,291,110,10,2006,2006,170.184250470002,15.7,NA,"y"
39009,292,111,10,2006,2006,167.918902710002,15.4,NA,"y"
39010,293,112,10,2006,2006,165.370386480001,15.7,NA,"y"
39011,294,113,10,2006,2006,163.388207190001,15.6,NA,"y"
39012,295,114,10,2006,2006,161.689196370001,15.7,NA,"y"
39013,296,115,10,2006,2006,159.423848610001,15.9,NA,"y"
39014,297,116,10,2006,2006,158.857511670001,15.9,NA,"y"
39015,298,117,10,2006,2006,157.441669320001,15.6,NA,"y"
39016,299,118,10,2006,2006,150.079289100001,14.4,NA,"y"
39017,300,119,10,2006,2006,149.229783690001,13.8,NA,"y"
39018,301,120,10,2006,2006,148.663446750001,13.9,NA,"y"
39019,302,121,10,2006,2006,148.380278280001,13.9,NA,"y"
39020,303,122,10,2006,2006,146.964435930001,13.7,NA,"y"
39021,304,123,10,2006,2006,144.699088170001,13.6,NA,"y"
39022,305,124,11,2006,2006,142.150571940001,13.6,NA,"y"
39023,306,125,11,2006,2006,139.318887240001,13.6,NA,"y"
39024,307,126,11,2006,2006,143.000077350001,13.4,NA,"y"
39025,308,127,11,2006,2006,144.699088170001,13.6,NA,"y"
39026,309,128,11,2006,2006,144.982256640001,14,NA,"y"
39027,310,129,11,2006,2006,145.265425110001,14.2,NA,"y"
39028,311,130,11,2006,2006,144.132751230001,15,NA,"y"
39029,312,131,11,2006,2006,144.982256640001,15.6,NA,"y"
39030,313,132,11,2006,2006,148.380278280001,15.4,NA,"y"
39031,314,133,11,2006,2006,149.512952160001,14.9,NA,"y"
39032,315,134,11,2006,2006,149.796120630001,13.9,NA,"y"
39033,316,135,11,2006,2006,156.875332380001,12.8,NA,"y"
39034,317,136,11,2006,2006,159.423848610001,11.9,NA,"y"
39035,318,137,11,2006,2006,167.069397300001,12,NA,"y"
39036,319,138,11,2006,2006,182.077326210002,12.2,NA,"y"
39037,320,139,11,2006,2006,189.722874900002,12.6,NA,"y"
39038,321,140,11,2006,2006,186.891190200002,12.8,NA,"y"
39039,322,141,11,2006,2006,181.510989270002,13.5,NA,"y"
39040,323,142,11,2006,2006,174.431777520002,13.4,NA,"y"
39041,324,143,11,2006,2006,172.449598230002,13.4,NA,"y"
39042,325,144,11,2006,2006,171.033755880002,13.6,NA,"y"
39043,326,145,11,2006,2006,170.750587410002,13.5,NA,"y"
39044,327,146,11,2006,2006,172.166429760002,13.3,NA,"y"
39045,328,147,11,2006,2006,174.714945990002,12.6,NA,"y"
39046,329,148,11,2006,2006,179.811978450002,11.9,NA,"y"
39047,330,149,11,2006,2006,177.263462220002,11.1,NA,"y"
39048,331,150,11,2006,2006,182.360494680002,10.3,NA,"y"
39049,332,151,11,2006,2006,190.289211840002,9.8,NA,"y"
39050,333,152,11,2006,2006,205.863477690002,9.6,NA,"y"
39051,334,153,11,2006,2006,192.271391130002,8.9,NA,"y"
39052,335,154,12,2006,2006,184.625842440002,9,NA,"y"
39053,336,155,12,2006,2006,180.095146920002,9,NA,"y"
39054,337,156,12,2006,2006,177.263462220002,9.2,NA,"y"
39055,338,157,12,2006,2006,176.980293750002,9.4,NA,"y"
39056,339,158,12,2006,2006,177.263462220002,9.5,NA,"y"
39057,340,159,12,2006,2006,178.962473040002,9.8,NA,"y"
39058,341,160,12,2006,2006,178.112967630002,9.9,NA,"y"
39059,342,161,12,2006,2006,180.095146920002,9.9,NA,"y"
39060,343,162,12,2006,2006,182.643663150002,10.6,NA,"y"
39061,344,163,12,2006,2006,188.307032550002,10.7,NA,"y"
39062,345,164,12,2006,2006,210.111004740002,10.7,NA,"y"
39063,346,165,12,2006,2006,240.410031030002,10.7,NA,"y"
39064,347,166,12,2006,2006,268.726878030002,11,NA,"y"
39065,348,167,12,2006,2006,402.099227400004,11.6,NA,"y"
39066,349,168,12,2006,2006,504.039876600005,11.7,NA,"y"
39067,350,169,12,2006,2006,444.574497900004,11.6,NA,"y"
39068,351,170,12,2006,2006,396.435858000004,10.6,NA,"y"
39069,352,171,12,2006,2006,325.643740500003,9.3,NA,"y"
39070,353,172,12,2006,2006,286.000154700003,8.2,NA,"y"
39071,354,173,12,2006,2006,263.913014040002,7.6,NA,"y"
39072,355,174,12,2006,2006,252.019938300002,7.6,NA,"y"
39073,356,175,12,2006,2006,249.754590540002,8,NA,"y"
39074,357,176,12,2006,2006,254.002117590002,8.3,NA,"y"
39075,358,177,12,2006,2006,255.984296880002,8.5,NA,"y"
39076,359,178,12,2006,2006,248.621916660002,8.6,NA,"y"
39077,360,179,12,2006,2006,244.091221140002,8.7,NA,"y"
39078,361,180,12,2006,2006,266.461530270002,9,NA,"y"
39079,362,181,12,2006,2006,546.515147100005,9,NA,"y"
39080,363,182,12,2006,2006,521.029984800005,8.4,NA,"y"
39081,364,183,12,2006,2006,387.940803900003,7.6,NA,"y"
39082,365,184,12,2006,2006,325.643740500003,7.4,NA,"y"
39083,1,185,1,2007,2006,294.495208800003,7.7,NA,"y"
39084,2,186,1,2007,2006,275.806089780002,8.2,NA,"y"
39085,3,187,1,2007,2006,264.196182510002,8.9,NA,"y"
39086,4,188,1,2007,2006,254.285286060002,9.5,NA,"y"
39087,5,189,1,2007,2006,265.612024860002,9.2,NA,"y"
39088,6,190,1,2007,2006,294.495208800003,8.5,NA,"y"
39089,7,191,1,2007,2006,277.505100600002,8,NA,"y"
39090,8,192,1,2007,2006,263.629845570002,8.1,NA,"y"
39091,9,193,1,2007,2006,252.869443710002,8.5,NA,"y"
39092,10,194,1,2007,2006,242.392210320002,8.8,NA,"y"
39093,11,195,1,2007,2006,236.728840920002,8.8,NA,"y"
39094,12,196,1,2007,2006,229.932797640002,8.2,NA,"y"
39095,13,197,1,2007,2006,224.552596710002,6.8,NA,"y"
39096,14,198,1,2007,2006,221.154575070002,6,NA,"y"
39097,15,199,1,2007,2006,218.039721900002,6,NA,"y"
39098,16,200,1,2007,2006,210.677341680002,6.3,NA,"y"
39099,17,201,1,2007,2006,209.261499330002,6.9,NA,"y"
39100,18,202,1,2007,2006,204.730803810002,7.4,NA,"y"
39101,19,203,1,2007,2006,199.067434410002,7.7,NA,"y"
39102,20,204,1,2007,2006,192.554559600002,8,NA,"y"
39103,21,205,1,2007,2006,188.023864080002,8.1,NA,"y"
39104,22,206,1,2007,2006,188.307032550002,8.2,NA,"y"
39105,23,207,1,2007,2006,184.909010910002,8.4,NA,"y"
39106,24,208,1,2007,2006,183.210000090002,8.6,NA,"y"
39107,25,209,1,2007,2006,180.095146920002,8.9,NA,"y"
39108,26,210,1,2007,2006,176.413956810002,9.2,NA,"y"
39109,27,211,1,2007,2006,178.962473040002,9.2,NA,"y"
39110,28,212,1,2007,2006,181.510989270002,9.2,NA,"y"
39111,29,213,1,2007,2006,182.926831620002,9.6,NA,"y"
39112,30,214,1,2007,2006,189.156537960002,10,NA,"y"
39113,31,215,1,2007,2006,195.103075830002,10,NA,"y"
39114,32,216,2,2007,2006,198.217929000002,9.8,NA,"n"
39115,33,217,2,2007,2006,197.934760530002,9.8,NA,"n"
39116,34,218,2,2007,2006,194.253570420002,10.1,NA,"n"
39117,35,219,2,2007,2006,195.669412770002,10.2,NA,"n"
39118,36,220,2,2007,2006,196.802086650002,10.4,NA,"n"
39119,37,221,2,2007,2006,198.784265940002,10.7,NA,"n"
39120,38,222,2,2007,2006,200.200108290002,11.1,NA,"n"
39121,39,223,2,2007,2006,207.562488510002,11,NA,"n"
39122,40,224,2,2007,2006,226.251607530002,11.2,NA,"n"
39123,41,225,2,2007,2006,317.148686400003,11.5,NA,"n"
39124,42,226,2,2007,2006,642.792426900006,11.6,NA,"n"
39125,43,227,2,2007,2006,733.406337300006,11.6,NA,"n"
39126,44,228,2,2007,2006,648.455796300006,11.4,NA,"n"
39127,45,229,2,2007,2006,523.861669500005,11.4,NA,"n"
39128,46,230,2,2007,2006,438.911128500004,11.5,NA,"n"
39129,47,231,2,2007,2006,385.109119200003,11.9,NA,"n"
39130,48,232,2,2007,2006,356.792272200003,12.4,NA,"n"
39131,49,233,2,2007,2006,342.633848700003,12.9,NA,"n"
39132,50,234,2,2007,2006,328.475425200003,12.7,NA,"n"
39133,51,235,2,2007,2006,311.485317000003,11.8,NA,"n"
39134,52,236,2,2007,2006,300.158578200003,11.6,NA,"n"
39135,53,237,2,2007,2006,288.831839400003,11.3,NA,"n"
39136,54,238,2,2007,2006,325.643740500003,10.9,NA,"n"
39137,55,239,2,2007,2006,413.425966200004,10.5,NA,"n"
39138,56,240,2,2007,2006,368.119011000003,10.2,NA,"n"
39139,57,241,2,2007,2006,379.445749800003,9.9,NA,"n"
39140,58,242,2,2007,2006,424.752705000004,9.8,NA,"n"
39141,59,243,2,2007,2006,396.435858000004,9.5,NA,"n"
39142,60,244,3,2007,2006,393.604173300004,9.3,NA,"n"
39143,61,245,3,2007,2006,385.109119200003,9.5,NA,"n"
39144,62,246,3,2007,2006,348.297218100003,10.6,NA,"n"
39145,63,247,3,2007,2006,322.812055800003,11.5,NA,"n"
39146,64,248,3,2007,2006,308.653632300003,12.5,NA,"n"
39147,65,249,3,2007,2006,300.158578200003,13.2,NA,"n"
39148,66,250,3,2007,2006,288.831839400003,13.5,NA,"n"
39149,67,251,3,2007,2006,283.168470000003,13.5,NA,"n"
39150,68,252,3,2007,2006,278.637774480002,13.3,NA,"n"
39151,69,253,3,2007,2006,275.239752840002,13.3,NA,"n"
39152,70,254,3,2007,2006,267.027867210002,13.8,NA,"n"
39153,71,255,3,2007,2006,259.382318520002,14.8,NA,"n"
39154,72,256,3,2007,2006,257.683307700002,15.5,NA,"n"
39155,73,257,3,2007,2006,257.966476170002,16.3,NA,"n"
39156,74,258,3,2007,2006,258.532813110002,16.4,NA,"n"
39157,75,259,3,2007,2006,252.586275240002,16.6,NA,"n"
39158,76,260,3,2007,2006,245.507063490002,16.9,NA,"n"
39159,77,261,3,2007,2006,240.410031030002,17.2,NA,"n"
39160,78,262,3,2007,2006,237.578346330002,17.2,NA,"n"
39161,79,263,3,2007,2006,233.047650810002,16.9,NA,"n"
39162,80,264,3,2007,2006,229.932797640002,16.3,NA,"n"
39163,81,265,3,2007,2006,223.986259770002,15.7,NA,"n"
39164,82,266,3,2007,2006,218.039721900002,15.8,NA,"n"
39165,83,267,3,2007,2006,209.261499330002,16.6,NA,"n"
39166,84,268,3,2007,2006,201.899119110002,16.8,NA,"n"
39167,85,269,3,2007,2006,200.200108290002,16.6,NA,"n"
39168,86,270,3,2007,2006,214.075363320002,15.7,NA,"n"
39169,87,271,3,2007,2006,227.101112940002,15,NA,"n"
39170,88,272,3,2007,2006,230.215966110002,14.4,NA,"n"
39171,89,273,3,2007,2006,220.871406600002,14.8,NA,"n"
39172,90,274,3,2007,2006,217.473384960002,15.7,NA,"n"
39173,91,275,4,2007,2006,214.924868730002,16.2,NA,"n"
39174,92,276,4,2007,2006,214.641700260002,16.9,NA,"n"
39175,93,277,4,2007,2006,220.305069660002,17.1,NA,"n"
39176,94,278,4,2007,2006,218.322890370002,17,NA,"n"
39177,95,279,4,2007,2006,215.208037200002,17.1,NA,"n"
39178,96,280,4,2007,2006,216.340711080002,17.4,NA,"n"
39179,97,281,4,2007,2006,220.871406600002,17.5,NA,"n"
39180,98,282,4,2007,2006,224.269428240002,18,NA,"n"
39181,99,283,4,2007,2006,224.552596710002,18,NA,"n"
39182,100,284,4,2007,2006,221.437743540002,17.7,NA,"n"
39183,101,285,4,2007,2006,217.473384960002,17.2,NA,"n"
39184,102,286,4,2007,2006,212.942689440002,16.5,NA,"n"
39185,103,287,4,2007,2006,207.279320040002,16.3,NA,"n"
39186,104,288,4,2007,2006,204.730803810002,15.9,NA,"n"
39187,105,289,4,2007,2006,206.712983100002,15.1,NA,"n"
39188,106,290,4,2007,2006,212.659520970002,15.4,NA,"n"
39189,107,291,4,2007,2006,206.996151570002,16.2,NA,"n"
39190,108,292,4,2007,2006,202.465456050002,16.3,NA,"n"
39191,109,293,4,2007,2006,195.103075830002,16.1,NA,"n"
39192,110,294,4,2007,2006,184.909010910002,16.1,NA,"n"
39193,111,295,4,2007,2006,177.263462220002,15.7,NA,"n"
39194,112,296,4,2007,2006,169.617913530002,15.2,NA,"n"
39195,113,297,4,2007,2006,178.112967630002,15.9,NA,"n"
39196,114,298,4,2007,2006,218.889227310002,16.8,NA,"n"
39197,115,299,4,2007,2006,197.368423590002,17.8,NA,"n"
39198,116,300,4,2007,2006,180.095146920002,18.6,NA,"n"
39199,117,301,4,2007,2006,166.503060360001,19.4,NA,"n"
39200,118,302,4,2007,2006,152.910973800001,20.5,NA,"n"
39201,119,303,4,2007,2006,137.053539480001,21,NA,"n"
39202,120,304,4,2007,2006,130.540664670001,21.4,NA,"n"
39203,121,305,5,2007,2006,135.637697130001,20.9,NA,"n"
39204,122,306,5,2007,2006,146.964435930001,19.2,NA,"n"
39205,123,307,5,2007,2006,148.380278280001,18,NA,"n"
39206,124,308,5,2007,2006,160.839690960001,16.7,NA,"n"
39207,125,309,5,2007,2006,191.705054190002,16.2,NA,"n"
39208,126,310,5,2007,2006,177.829799160002,17,NA,"n"
39209,127,311,5,2007,2006,160.556522490001,18.5,NA,"n"
39210,128,312,5,2007,2006,156.025826970001,19.9,NA,"n"
39211,129,313,5,2007,2006,145.831762050001,20.9,NA,"n"
39212,130,314,5,2007,2006,149.512952160001,20.9,NA,"n"
39213,131,315,5,2007,2006,157.158500850001,20.7,NA,"n"
39214,132,316,5,2007,2006,148.663446750001,20.3,NA,"n"
39215,133,317,5,2007,2006,155.176321560001,19.7,NA,"n"
39216,134,318,5,2007,2006,158.008006260001,19.6,NA,"n"
39217,135,319,5,2007,2006,160.839690960001,19.7,NA,"n"
39218,136,320,5,2007,2006,152.627805330001,19.8,NA,"n"
39219,137,321,5,2007,2006,168.485239650002,19.8,NA,"n"
39220,138,322,5,2007,2006,153.194142270001,19.7,NA,"n"
39221,139,323,5,2007,2006,160.273354020001,20.2,NA,"n"
39222,140,324,5,2007,2006,152.344636860001,20.5,NA,"n"
39223,141,325,5,2007,2006,151.778299920001,20.1,NA,"n"
39224,142,326,5,2007,2006,160.273354020001,19.5,NA,"n"
39225,143,327,5,2007,2006,163.105038720001,18.6,NA,"n"
39226,144,328,5,2007,2006,158.008006260001,19.3,NA,"n"
39227,145,329,5,2007,2006,147.813941340001,20,NA,"n"
39228,146,330,5,2007,2006,135.354528660001,20.5,NA,"n"
39229,147,331,5,2007,2006,127.992148440001,20.8,NA,"n"
39230,148,332,5,2007,2006,133.938686310001,21.4,NA,"n"
39231,149,333,5,2007,2006,159.140680140001,21,NA,"n"
39232,150,334,5,2007,2006,163.671375660001,20.7,NA,"n"
39233,151,335,5,2007,2006,160.839690960001,20.6,NA,"n"
39234,152,336,6,2007,2006,159.707017080001,20.8,NA,"n"
39235,153,337,6,2007,2006,164.237712600001,21,NA,"n"
39236,154,338,6,2007,2006,177.263462220002,20.8,NA,"n"
39237,155,339,6,2007,2006,181.794157740002,20.7,NA,"n"
39238,156,340,6,2007,2006,182.926831620002,20.4,NA,"n"
39239,157,341,6,2007,2006,188.307032550002,19.5,NA,"n"
39240,158,342,6,2007,2006,192.271391130002,18.6,NA,"n"
39241,159,343,6,2007,2006,194.819907360002,18.8,NA,"n"
39242,160,344,6,2007,2006,194.536738890002,19.6,NA,"n"
39243,161,345,6,2007,2006,193.687233480002,20,NA,"n"
39244,162,346,6,2007,2006,192.271391130002,20.4,NA,"n"
39245,163,347,6,2007,2006,186.891190200002,20.8,NA,"n"
39246,164,348,6,2007,2006,179.811978450002,21.1,NA,"n"
39247,165,349,6,2007,2006,171.600092820002,21.7,NA,"n"
39248,166,350,6,2007,2006,167.069397300001,22.2,NA,"n"
39249,167,351,6,2007,2006,161.406027900001,22.1,NA,"n"
39250,168,352,6,2007,2006,165.653554950001,22.1,NA,"n"
39251,169,353,6,2007,2006,176.980293750002,21.9,NA,"n"
39252,170,354,6,2007,2006,180.095146920002,21.6,NA,"n"
39253,171,355,6,2007,2006,180.095146920002,21,NA,"n"
39254,172,356,6,2007,2006,186.891190200002,21.3,NA,"n"
39255,173,357,6,2007,2006,186.324853260002,21.2,NA,"n"
39256,174,358,6,2007,2006,186.324853260002,21,NA,"n"
39257,175,359,6,2007,2006,194.536738890002,20.8,NA,"n"
39258,176,360,6,2007,2006,199.067434410002,20.5,NA,"n"
39259,177,361,6,2007,2006,202.748624520002,20.3,NA,"n"
39260,178,362,6,2007,2006,202.182287580002,20.4,NA,"n"
39261,179,363,6,2007,2006,207.562488510002,20.5,NA,"n"
39262,180,364,6,2007,2006,208.695162390002,20.5,NA,"n"
39263,181,365,6,2007,2006,214.641700260002,20.6,NA,"n"
39264,182,1,7,2007,2007,231.348639990002,20.4,NA,"n"
39265,183,2,7,2007,2007,241.259536440002,20,NA,"n"
39266,184,3,7,2007,2007,246.356568900002,20.4,NA,"n"
39267,185,4,7,2007,2007,246.639737370002,20.8,NA,"n"
39268,186,5,7,2007,2007,244.374389610002,21.2,NA,"n"
39269,187,6,7,2007,2007,246.073400430002,21.5,NA,"n"
39270,188,7,7,2007,2007,247.206074310002,21.3,NA,"n"
39271,189,8,7,2007,2007,241.259536440002,21.2,NA,"n"
39272,190,9,7,2007,2007,250.604095950002,21.1,NA,"n"
39273,191,10,7,2007,2007,252.586275240002,20.9,NA,"n"
39274,192,11,7,2007,2007,259.948655460002,20.4,NA,"n"
39275,193,12,7,2007,2007,260.231823930002,20.2,NA,"n"
39276,194,13,7,2007,2007,258.532813110002,19.8,NA,"n"
39277,195,14,7,2007,2007,259.665486990002,20.2,NA,"n"
39278,196,15,7,2007,2007,263.629845570002,20.6,NA,"n"
39279,197,16,7,2007,2007,270.142720380002,20.7,NA,"n"
39280,198,17,7,2007,2007,267.877372620002,20.4,NA,"n"
39281,199,18,7,2007,2007,270.425888850002,20.3,NA,"n"
39282,200,19,7,2007,2007,282.602133060003,20,NA,"n"
39283,201,20,7,2007,2007,288.831839400003,19.9,NA,"n"
39284,202,21,7,2007,2007,288.831839400003,19.9,NA,"n"
39285,203,22,7,2007,2007,280.903122240003,20.6,NA,"n"
39286,204,23,7,2007,2007,280.336785300002,21.2,NA,"n"
39287,205,24,7,2007,2007,282.035796120003,21.5,NA,"n"
39288,206,25,7,2007,2007,280.053616830003,21.5,NA,"n"
39289,207,26,7,2007,2007,278.920942950002,21.2,NA,"n"
39290,208,27,7,2007,2007,278.071437540002,20.9,NA,"n"
39291,209,28,7,2007,2007,272.124899670002,20.6,NA,"n"
39292,210,29,7,2007,2007,259.665486990002,20.4,NA,"n"
39293,211,30,7,2007,2007,237.295177860002,20.8,NA,"n"
39294,212,31,7,2007,2007,234.746661630002,21.1,NA,"n"
39295,213,32,8,2007,2007,236.162503980002,21.1,NA,"y"
39296,214,33,8,2007,2007,234.746661630002,20.7,NA,"y"
39297,215,34,8,2007,2007,228.516955290002,20.8,NA,"y"
39298,216,35,8,2007,2007,233.047650810002,21.1,NA,"y"
39299,217,36,8,2007,2007,233.330819280002,20.5,NA,"y"
39300,218,37,8,2007,2007,233.897156220002,19.9,NA,"y"
39301,219,38,8,2007,2007,227.950618350002,19.5,NA,"y"
39302,220,39,8,2007,2007,235.596167040002,19.8,NA,"y"
39303,221,40,8,2007,2007,245.790231960002,20,NA,"y"
39304,222,41,8,2007,2007,245.790231960002,20.4,NA,"y"
39305,223,42,8,2007,2007,237.578346330002,20.5,NA,"y"
39306,224,43,8,2007,2007,236.445672450002,20.2,NA,"y"
39307,225,44,8,2007,2007,236.728840920002,20,NA,"y"
39308,226,45,8,2007,2007,240.126862560002,19.9,NA,"y"
39309,227,46,8,2007,2007,250.037759010002,NA,NA,"y"
39310,228,47,8,2007,2007,231.914976930002,NA,NA,"y"
39311,229,48,8,2007,2007,211.526847090002,NA,NA,"y"
39312,230,49,8,2007,2007,207.562488510002,NA,NA,"y"
39313,231,50,8,2007,2007,201.049613700002,NA,NA,"y"
39314,232,51,8,2007,2007,194.536738890002,NA,NA,"y"
39315,233,52,8,2007,2007,192.837728070002,NA,NA,"y"
39316,234,53,8,2007,2007,193.687233480002,NA,NA,"y"
39317,235,54,8,2007,2007,194.253570420002,21.3,NA,"y"
39318,236,55,8,2007,2007,195.103075830002,NA,NA,"y"
39319,237,56,8,2007,2007,187.457527140002,NA,NA,"y"
39320,238,57,8,2007,2007,184.625842440002,NA,NA,"y"
39321,239,58,8,2007,2007,182.360494680002,NA,NA,"y"
39322,240,59,8,2007,2007,184.059505500002,NA,NA,"y"
39323,241,60,8,2007,2007,183.776337030002,NA,NA,"y"
39324,242,61,8,2007,2007,185.475347850002,NA,NA,"y"
39325,243,62,8,2007,2007,190.855548780002,NA,NA,"y"
39326,244,63,9,2007,2007,199.633771350002,NA,NA,"y"
39327,245,64,9,2007,2007,202.748624520002,NA,NA,"y"
39328,246,65,9,2007,2007,206.712983100002,NA,NA,"y"
39329,247,66,9,2007,2007,211.526847090002,NA,NA,"y"
39330,248,67,9,2007,2007,214.358531790002,NA,NA,"y"
39331,249,68,9,2007,2007,214.641700260002,NA,NA,"y"
39332,250,69,9,2007,2007,215.208037200002,NA,NA,"y"
39333,251,70,9,2007,2007,217.190216490002,NA,NA,"y"
39334,252,71,9,2007,2007,210.960510150002,NA,NA,"y"
39335,253,72,9,2007,2007,208.128825450002,NA,NA,"y"
39336,254,73,9,2007,2007,215.208037200002,NA,NA,"y"
39337,255,74,9,2007,2007,214.075363320002,NA,NA,"y"
39338,256,75,9,2007,2007,215.491205670002,NA,NA,"y"
39339,257,76,9,2007,2007,215.491205670002,NA,NA,"y"
39340,258,77,9,2007,2007,226.534776000002,NA,NA,"y"
39341,259,78,9,2007,2007,222.287248950002,NA,NA,"y"
39342,260,79,9,2007,2007,216.907048020002,NA,NA,"y"
39343,261,80,9,2007,2007,209.261499330002,NA,NA,"y"
39344,262,81,9,2007,2007,207.845656980002,NA,NA,"y"
39345,263,82,9,2007,2007,210.394173210002,NA,NA,"y"
39346,264,83,9,2007,2007,211.810015560002,NA,NA,"y"
39347,265,84,9,2007,2007,212.942689440002,NA,NA,"y"
39348,266,85,9,2007,2007,217.473384960002,NA,NA,"y"
39349,267,86,9,2007,2007,224.552596710002,NA,NA,"y"
39350,268,87,9,2007,2007,225.118933650002,NA,NA,"y"
39351,269,88,9,2007,2007,224.552596710002,NA,NA,"y"
39352,270,89,9,2007,2007,216.623879550002,NA,NA,"y"
39353,271,90,9,2007,2007,208.411993920002,NA,NA,"y"
39354,272,91,9,2007,2007,206.146646160002,NA,NA,"y"
39355,273,92,9,2007,2007,205.580309220002,NA,NA,"y"
39356,274,93,10,2007,2007,204.164466870002,NA,NA,"y"
39357,275,94,10,2007,2007,203.598129930002,NA,NA,"y"
39358,276,95,10,2007,2007,202.465456050002,16.8,NA,"y"
39359,277,96,10,2007,2007,200.483276760002,16.8,NA,"y"
39360,278,97,10,2007,2007,197.368423590002,16.3,NA,"y"
39361,279,98,10,2007,2007,188.590201020002,15.8,NA,"y"
39362,280,99,10,2007,2007,181.794157740002,15.6,NA,"y"
39363,281,100,10,2007,2007,177.546630690002,15.7,NA,"y"
39364,282,101,10,2007,2007,174.714945990002,15.8,NA,"y"
39365,283,102,10,2007,2007,172.732766700002,16,NA,"y"
39366,284,103,10,2007,2007,171.033755880002,16,NA,"y"
39367,285,104,10,2007,2007,169.901082000002,15.7,NA,"y"
39368,286,105,10,2007,2007,167.918902710002,15.4,NA,"y"
39369,287,106,10,2007,2007,168.202071180001,15.6,NA,"y"
39370,288,107,10,2007,2007,167.069397300001,15.6,NA,"y"
39371,289,108,10,2007,2007,168.485239650002,15.4,NA,"y"
39372,290,109,10,2007,2007,171.033755880002,15,NA,"y"
39373,291,110,10,2007,2007,175.564451400002,15,NA,"y"
39374,292,111,10,2007,2007,165.087218010001,15.2,NA,"y"
39375,293,112,10,2007,2007,158.291174730001,15.3,NA,"y"
39376,294,113,10,2007,2007,174.714945990002,15,NA,"y"
39377,295,114,10,2007,2007,179.245641510002,14.4,NA,"y"
39378,296,115,10,2007,2007,166.503060360001,15,NA,"y"
39379,297,116,10,2007,2007,161.972364840001,15.7,NA,"y"
39380,298,117,10,2007,2007,155.176321560001,16.1,NA,"y"
39381,299,118,10,2007,2007,152.344636860001,16.2,NA,"y"
39382,300,119,10,2007,2007,151.778299920001,16.1,NA,"y"
39383,301,120,10,2007,2007,149.512952160001,15.9,NA,"y"
39384,302,121,10,2007,2007,148.380278280001,15.8,NA,"y"
39385,303,122,10,2007,2007,149.796120630001,15.6,NA,"y"
39386,304,123,10,2007,2007,147.247604400001,15.5,NA,"y"
39387,305,124,11,2007,2007,140.168392650001,15.6,NA,"y"
39388,306,125,11,2007,2007,134.221854780001,15.7,NA,"y"
39389,307,126,11,2007,2007,131.673338550001,15.6,NA,"y"
39390,308,127,11,2007,2007,127.708979970001,15.5,NA,"y"
39391,309,128,11,2007,2007,126.293137620001,15.2,NA,"y"
39392,310,129,11,2007,2007,124.877295270001,14.9,NA,"y"
39393,311,130,11,2007,2007,122.328779040001,14.8,NA,"y"
39394,312,131,11,2007,2007,124.594126800001,14.7,NA,"y"
39395,313,132,11,2007,2007,129.691159260001,14.7,NA,"y"
39396,314,133,11,2007,2007,129.974327730001,14.4,NA,"y"
39397,315,134,11,2007,2007,135.920865600001,14.2,NA,"y"
39398,316,135,11,2007,2007,143.566414290001,14,NA,"y"
39399,317,136,11,2007,2007,150.362457570001,14,NA,"y"
39400,318,137,11,2007,2007,152.910973800001,14.4,NA,"y"
39401,319,138,11,2007,2007,155.742658500001,14.8,NA,"y"
39402,320,139,11,2007,2007,158.008006260001,14.9,NA,"y"
39403,321,140,11,2007,2007,159.140680140001,14.8,NA,"y"
39404,322,141,11,2007,2007,161.972364840001,14.7,NA,"y"
39405,323,142,11,2007,2007,163.671375660001,14.5,NA,"y"
39406,324,143,11,2007,2007,163.671375660001,14.2,NA,"y"
39407,325,144,11,2007,2007,163.954544130001,13.2,NA,"y"
39408,326,145,11,2007,2007,165.653554950001,12.1,NA,"y"
39409,327,146,11,2007,2007,164.237712600001,11.6,NA,"y"
39410,328,147,11,2007,2007,161.122859430001,10.8,NA,"y"
39411,329,148,11,2007,2007,160.273354020001,10.5,NA,"y"
39412,330,149,11,2007,2007,161.406027900001,10.5,NA,"y"
39413,331,150,11,2007,2007,160.556522490001,10.8,NA,"y"
39414,332,151,11,2007,2007,156.592163910001,10.6,NA,"y"
39415,333,152,11,2007,2007,153.760479210001,10.6,NA,"y"
39416,334,153,11,2007,2007,154.043647680001,10.4,NA,"y"
39417,335,154,12,2007,2007,154.893153090001,10.1,NA,"y"
39418,336,155,12,2007,2007,155.742658500001,9.6,NA,"y"
39419,337,156,12,2007,2007,156.592163910001,9.9,NA,"y"
39420,338,157,12,2007,2007,157.441669320001,10.4,NA,"y"
39421,339,158,12,2007,2007,164.804049540001,10.8,NA,"y"
39422,340,159,12,2007,2007,187.457527140002,11.2,NA,"y"
39423,341,160,12,2007,2007,195.386244300002,11.6,NA,"y"
39424,342,161,12,2007,2007,201.899119110002,11.2,NA,"y"
39425,343,162,12,2007,2007,218.322890370002,10.4,NA,"y"
39426,344,163,12,2007,2007,197.085255120002,9.6,NA,"y"
39427,345,164,12,2007,2007,180.944652330002,9,NA,"y"
39428,346,165,12,2007,2007,171.316924350002,8.5,NA,"y"
39429,347,166,12,2007,2007,160.839690960001,8.3,NA,"y"
39430,348,167,12,2007,2007,152.910973800001,8.5,NA,"y"
39431,349,168,12,2007,2007,152.627805330001,8.7,NA,"y"
39432,350,169,12,2007,2007,153.760479210001,9,NA,"y"
39433,351,170,12,2007,2007,153.477310740001,9.2,NA,"y"
39434,352,171,12,2007,2007,158.857511670001,9.4,NA,"y"
39435,353,172,12,2007,2007,176.413956810002,9.4,NA,"y"
39436,354,173,12,2007,2007,222.570417420002,9.7,NA,"y"
39437,355,174,12,2007,2007,259.948655460002,9.4,NA,"y"
39438,356,175,12,2007,2007,294.495208800003,8.9,NA,"y"
39439,357,176,12,2007,2007,244.940726550002,8.1,NA,"y"
39440,358,177,12,2007,2007,215.774374140002,8.2,NA,"y"
39441,359,178,12,2007,2007,201.615950640002,8.1,NA,"y"
39442,360,179,12,2007,2007,193.120896540002,7.8,NA,"y"
39443,361,180,12,2007,2007,188.590201020002,7.4,NA,"y"
39444,362,181,12,2007,2007,181.794157740002,7.1,NA,"y"
39445,363,182,12,2007,2007,177.546630690002,7.2,NA,"y"
39446,364,183,12,2007,2007,177.263462220002,7.6,NA,"y"
39447,365,184,12,2007,2007,182.643663150002,7.4,NA,"y"
39448,1,185,1,2008,2007,185.758516320002,7.2,NA,"y"
39449,2,186,1,2008,2007,184.342673970002,7.4,NA,"y"
39450,3,187,1,2008,2007,181.227820800002,7.7,NA,"y"
39451,4,188,1,2008,2007,192.837728070002,8.1,NA,"y"
39452,5,189,1,2008,2007,402.099227400004,8.1,NA,"y"
39453,6,190,1,2008,2007,676.772643300006,8.1,NA,"y"
39454,7,191,1,2008,2007,546.515147100005,7.6,NA,"y"
39455,8,192,1,2008,2007,413.425966200004,7.6,NA,"y"
39456,9,193,1,2008,2007,353.960587500003,7.8,NA,"y"
39457,10,194,1,2008,2007,472.891344900004,7.8,NA,"y"
39458,11,195,1,2008,2007,441.742813200004,7.8,NA,"y"
39459,12,196,1,2008,2007,433.247759100004,8.6,NA,"y"
39460,13,197,1,2008,2007,379.445749800003,9,NA,"y"
39461,14,198,1,2008,2007,339.802164000003,9.2,NA,"y"
39462,15,199,1,2008,2007,308.653632300003,9.1,NA,"y"
39463,16,200,1,2008,2007,281.186290710003,8.6,NA,"y"
39464,17,201,1,2008,2007,256.833802290002,7.6,NA,"y"
39465,18,202,1,2008,2007,235.312998570002,7.4,NA,"y"
39466,19,203,1,2008,2007,223.986259770002,7.6,NA,"y"
39467,20,204,1,2008,2007,210.677341680002,7.9,NA,"y"
39468,21,205,1,2008,2007,201.049613700002,8,NA,"y"
39469,22,206,1,2008,2007,198.501097470002,8,NA,"y"
39470,23,207,1,2008,2007,219.455564250002,7.8,NA,"y"
39471,24,208,1,2008,2007,219.455564250002,7.2,NA,"y"
39472,25,209,1,2008,2007,219.172395780002,7.2,NA,"y"
39473,26,210,1,2008,2007,365.287326300003,7.4,NA,"y"
39474,27,211,1,2008,2007,730.574652600007,7.4,NA,"y"
39475,28,212,1,2008,2007,724.911283200006,8.2,NA,"y"
39476,29,213,1,2008,2007,696.594436200006,8.4,NA,"y"
39477,30,214,1,2008,2007,639.960742200006,7.2,NA,"y"
39478,31,215,1,2008,2007,580.495363500005,6.8,NA,"y"
39479,32,216,2,2008,2007,560.673570600005,6.8,NA,"n"
39480,33,217,2,2008,2007,679.604328000006,6.7,NA,"n"
39481,34,218,2,2008,2007,631.465688100006,6.6,NA,"n"
39482,35,219,2,2008,2007,688.099382100006,7,NA,"n"
39483,36,220,2,2008,2007,668.277589200006,6.6,NA,"n"
39484,37,221,2,2008,2007,540.851777700005,7.6,NA,"n"
39485,38,222,2,2008,2007,453.069552000004,8,NA,"n"
39486,39,223,2,2008,2007,399.267542700004,8.5,NA,"n"
39487,40,224,2,2008,2007,365.287326300003,9.3,NA,"n"
39488,41,225,2,2008,2007,345.465533400003,9.6,NA,"n"
39489,42,226,2,2008,2007,334.138794600003,10.1,NA,"n"
39490,43,227,2,2008,2007,325.643740500003,10.6,NA,"n"
39491,44,228,2,2008,2007,319.980371100003,11,NA,"n"
39492,45,229,2,2008,2007,317.148686400003,10.5,NA,"n"
39493,46,230,2,2008,2007,311.485317000003,9.7,NA,"n"
39494,47,231,2,2008,2007,300.158578200003,9.8,NA,"n"
39495,48,232,2,2008,2007,288.831839400003,10.1,NA,"n"
39496,49,233,2,2008,2007,278.637774480002,10.5,NA,"n"
39497,50,234,2,2008,2007,272.974405080002,10.7,NA,"n"
39498,51,235,2,2008,2007,270.142720380002,10.8,NA,"n"
39499,52,236,2,2008,2007,268.160541090002,10.5,NA,"n"
39500,53,237,2,2008,2007,280.336785300002,10.2,NA,"n"
39501,54,238,2,2008,2007,370.950695700003,9.9,NA,"n"
39502,55,239,2,2008,2007,470.059660200004,9.2,NA,"n"
39503,56,240,2,2008,2007,645.624111600006,9.1,NA,"n"
39504,57,241,2,2008,2007,713.584544400006,9.8,NA,"n"
39505,58,242,2,2008,2007,648.455796300006,10.4,NA,"n"
39506,59,243,2,2008,2007,543.683462400005,11.3,NA,"n"
39507,60,244,2,2008,2007,464.396290800004,12,NA,"n"
39508,61,245,3,2008,2007,416.257650900004,12.4,NA,"n"
39509,62,246,3,2008,2007,382.277434500003,12.1,NA,"n"
39510,63,247,3,2008,2007,356.792272200003,11.6,NA,"n"
39511,64,248,3,2008,2007,336.970479300003,11.7,NA,"n"
39512,65,249,3,2008,2007,314.317001700003,11.9,NA,"n"
39513,66,250,3,2008,2007,300.158578200003,11.8,NA,"n"
39514,67,251,3,2008,2007,288.831839400003,11.8,NA,"n"
39515,68,252,3,2008,2007,275.522921310002,12.1,NA,"n"
39516,69,253,3,2008,2007,263.913014040002,12.4,NA,"n"
39517,70,254,3,2008,2007,255.984296880002,13,NA,"n"
39518,71,255,3,2008,2007,252.019938300002,13.5,NA,"n"
39519,72,256,3,2008,2007,249.188253600002,14,NA,"n"
39520,73,257,3,2008,2007,242.109041850002,14.7,NA,"n"
39521,74,258,3,2008,2007,240.410031030002,14.2,NA,"n"
39522,75,259,3,2008,2007,249.188253600002,13.7,NA,"n"
39523,76,260,3,2008,2007,249.471422070002,13.2,NA,"n"
39524,77,261,3,2008,2007,239.277357150002,12.7,NA,"n"
39525,78,262,3,2008,2007,227.384281410002,13.1,NA,"n"
39526,79,263,3,2008,2007,216.907048020002,14,NA,"n"
39527,80,264,3,2008,2007,209.827836270002,14.4,NA,"n"
39528,81,265,3,2008,2007,207.562488510002,14.2,NA,"n"
39529,82,266,3,2008,2007,205.580309220002,14.3,NA,"n"
39530,83,267,3,2008,2007,204.730803810002,14.7,NA,"n"
39531,84,268,3,2008,2007,198.784265940002,15.3,NA,"n"
39532,85,269,3,2008,2007,194.536738890002,16,NA,"n"
39533,86,270,3,2008,2007,187.174358670002,15.7,NA,"n"
39534,87,271,3,2008,2007,179.811978450002,15.2,NA,"n"
39535,88,272,3,2008,2007,174.714945990002,14.7,NA,"n"
39536,89,273,3,2008,2007,172.449598230002,13.8,NA,"n"
39537,90,274,3,2008,2007,170.750587410002,13.5,NA,"n"
39538,91,275,3,2008,2007,170.467418940002,13.6,NA,"n"
39539,92,276,4,2008,2007,177.263462220002,13.4,NA,"n"
39540,93,277,4,2008,2007,176.697125280002,14,NA,"n"
39541,94,278,4,2008,2007,168.768408120002,14.9,NA,"n"
39542,95,279,4,2008,2007,161.689196370001,14.7,NA,"n"
39543,96,280,4,2008,2007,158.008006260001,15.3,NA,"n"
39544,97,281,4,2008,2007,160.556522490001,15.6,NA,"n"
39545,98,282,4,2008,2007,178.679304570002,15.8,NA,"n"
39546,99,283,4,2008,2007,189.439706430002,15.7,NA,"n"
39547,100,284,4,2008,2007,194.253570420002,15.7,NA,"n"
39548,101,285,4,2008,2007,208.411993920002,15.6,NA,"n"
39549,102,286,4,2008,2007,220.305069660002,15.4,NA,"n"
39550,103,287,4,2008,2007,217.190216490002,15.8,NA,"n"
39551,104,288,4,2008,2007,216.340711080002,16.7,NA,"n"
39552,105,289,4,2008,2007,218.606058840002,16.8,NA,"n"
39553,106,290,4,2008,2007,224.552596710002,16.2,NA,"n"
39554,107,291,4,2008,2007,222.004080480002,15.8,NA,"n"
39555,108,292,4,2008,2007,212.942689440002,15.5,NA,"n"
39556,109,293,4,2008,2007,208.128825450002,15.9,NA,"n"
39557,110,294,4,2008,2007,201.899119110002,16,NA,"n"
39558,111,295,4,2008,2007,194.536738890002,15.8,NA,"n"
39559,112,296,4,2008,2007,188.307032550002,15.2,NA,"n"
39560,113,297,4,2008,2007,181.510989270002,14.6,NA,"n"
39561,114,298,4,2008,2007,166.786228830001,13.9,NA,"n"
39562,115,299,4,2008,2007,152.627805330001,14.3,NA,"n"
39563,116,300,4,2008,2007,148.663446750001,15,NA,"n"
39564,117,301,4,2008,2007,142.433740410001,16.1,NA,"n"
39565,118,302,4,2008,2007,134.221854780001,17.7,NA,"n"
39566,119,303,4,2008,2007,129.407990790001,18.9,NA,"n"
39567,120,304,4,2008,2007,134.221854780001,18.7,NA,"n"
39568,121,305,4,2008,2007,138.752550300001,18,NA,"n"
39569,122,306,5,2008,2007,139.602055710001,17.1,NA,"n"
39570,123,307,5,2008,2007,135.071360190001,16.3,NA,"n"
39571,124,308,5,2008,2007,125.726800680001,16.7,NA,"n"
39572,125,309,5,2008,2007,126.576306090001,17.8,NA,"n"
39573,126,310,5,2008,2007,135.071360190001,18.7,NA,"n"
39574,127,311,5,2008,2007,141.867403470001,19.1,NA,"n"
39575,128,312,5,2008,2007,145.548593580001,19.5,NA,"n"
39576,129,313,5,2008,2007,148.097109810001,19.5,NA,"n"
39577,130,314,5,2008,2007,146.398098990001,19,NA,"n"
39578,131,315,5,2008,2007,144.699088170001,19.1,NA,"n"
39579,132,316,5,2008,2007,144.699088170001,19.2,NA,"n"
39580,133,317,5,2008,2007,148.946615220001,18.8,NA,"n"
39581,134,318,5,2008,2007,149.796120630001,18.3,NA,"n"
39582,135,319,5,2008,2007,155.459490030001,18.8,NA,"n"
39583,136,320,5,2008,2007,151.495131450001,20,NA,"n"
39584,137,321,5,2008,2007,141.301066530001,21.3,NA,"n"
39585,138,322,5,2008,2007,175.564451400002,22.1,NA,"n"
39586,139,323,5,2008,2007,166.786228830001,22.1,NA,"n"
39587,140,324,5,2008,2007,164.520881070001,22.2,NA,"n"
39588,141,325,5,2008,2007,185.192179380002,21.9,NA,"n"
39589,142,326,5,2008,2007,188.307032550002,21.1,NA,"n"
39590,143,327,5,2008,2007,193.687233480002,19.2,NA,"n"
39591,144,328,5,2008,2007,202.465456050002,17.4,NA,"n"
39592,145,329,5,2008,2007,186.324853260002,16.4,NA,"n"
39593,146,330,5,2008,2007,176.130788340002,16.3,NA,"n"
39594,147,331,5,2008,2007,175.564451400002,16.9,NA,"n"
39595,148,332,5,2008,2007,175.564451400002,17.9,NA,"n"
39596,149,333,5,2008,2007,175.564451400002,17.9,NA,"n"
39597,150,334,5,2008,2007,175.281282930002,18.4,NA,"n"
39598,151,335,5,2008,2007,178.396136100002,19,NA,"n"
39599,152,336,5,2008,2007,176.130788340002,19.5,NA,"n"
39600,153,337,6,2008,2007,175.281282930002,20,NA,"n"
39601,154,338,6,2008,2007,175.564451400002,20.3,NA,"n"
39602,155,339,6,2008,2007,175.564451400002,20.6,NA,"n"
39603,156,340,6,2008,2007,174.714945990002,20.5,NA,"n"
39604,157,341,6,2008,2007,173.582272110002,20.2,NA,"n"
39605,158,342,6,2008,2007,169.901082000002,19.9,NA,"n"
39606,159,343,6,2008,2007,167.635734240001,19.8,NA,"n"
39607,160,344,6,2008,2007,166.503060360001,19.9,NA,"n"
39608,161,345,6,2008,2007,164.237712600001,20.7,NA,"n"
39609,162,346,6,2008,2007,165.087218010001,21,NA,"n"
39610,163,347,6,2008,2007,157.158500850001,20.6,NA,"n"
39611,164,348,6,2008,2007,151.211962980001,20,NA,"n"
39612,165,349,6,2008,2007,151.495131450001,20.5,NA,"n"
39613,166,350,6,2008,2007,155.459490030001,20.9,NA,"n"
39614,167,351,6,2008,2007,151.211962980001,21.4,NA,"n"
39615,168,352,6,2008,2007,143.283245820001,21.6,NA,"n"
39616,169,353,6,2008,2007,151.211962980001,21.9,NA,"n"
39617,170,354,6,2008,2007,156.592163910001,21.9,NA,"n"
39618,171,355,6,2008,2007,176.413956810002,21.7,NA,"n"
39619,172,356,6,2008,2007,191.705054190002,21.7,NA,"n"
39620,173,357,6,2008,2007,194.819907360002,21.7,NA,"n"
39621,174,358,6,2008,2007,200.483276760002,21.5,NA,"n"
39622,175,359,6,2008,2007,206.146646160002,21.2,NA,"n"
39623,176,360,6,2008,2007,199.633771350002,20.8,NA,"n"
39624,177,361,6,2008,2007,202.182287580002,20,NA,"n"
39625,178,362,6,2008,2007,198.217929000002,19.9,NA,"n"
39626,179,363,6,2008,2007,201.332782170002,20,NA,"n"
39627,180,364,6,2008,2007,210.111004740002,20.3,NA,"n"
39628,181,365,6,2008,2007,213.792194850002,21,NA,"n"
39629,182,366,6,2008,2007,215.774374140002,21.4,NA,"n"
39630,183,1,7,2008,2008,220.021901190002,21.3,NA,"n"
39631,184,2,7,2008,2008,223.419922830002,21.4,NA,"n"
39632,185,3,7,2008,2008,225.968439060002,21.5,NA,"n"
39633,186,4,7,2008,2008,225.685270590002,21.5,NA,"n"
39634,187,5,7,2008,2008,223.419922830002,21.8,NA,"n"
39635,188,6,7,2008,2008,225.118933650002,21.9,NA,"n"
39636,189,7,7,2008,2008,227.101112940002,21.8,NA,"n"
39637,190,8,7,2008,2008,225.402102120002,21.8,NA,"n"
39638,191,9,7,2008,2008,217.756553430002,22.1,NA,"n"
39639,192,10,7,2008,2008,214.075363320002,21.8,NA,"n"
39640,193,11,7,2008,2008,216.907048020002,20.5,NA,"n"
39641,194,12,7,2008,2008,217.756553430002,20.2,NA,"n"
39642,195,13,7,2008,2008,214.641700260002,21,NA,"n"
39643,196,14,7,2008,2008,224.552596710002,21.1,NA,"n"
39644,197,15,7,2008,2008,229.366460700002,21.1,NA,"n"
39645,198,16,7,2008,2008,225.402102120002,21.5,NA,"n"
39646,199,17,7,2008,2008,220.021901190002,21.9,NA,"n"
39647,200,18,7,2008,2008,225.118933650002,21.7,NA,"n"
39648,201,19,7,2008,2008,226.534776000002,21.5,NA,"n"
39649,202,20,7,2008,2008,226.817944470002,21,NA,"n"
39650,203,21,7,2008,2008,221.437743540002,20.2,NA,"n"
39651,204,22,7,2008,2008,213.225857910002,20.1,NA,"n"
39652,205,23,7,2008,2008,212.659520970002,20.4,NA,"n"
39653,206,24,7,2008,2008,213.792194850002,20.4,NA,"n"
39654,207,25,7,2008,2008,207.562488510002,20.4,NA,"n"
39655,208,26,7,2008,2008,205.297140750002,20.6,NA,"n"
39656,209,27,7,2008,2008,203.881298400002,20.5,NA,"n"
39657,210,28,7,2008,2008,204.164466870002,20.5,NA,"n"
39658,211,29,7,2008,2008,202.465456050002,20.8,NA,"n"
39659,212,30,7,2008,2008,201.332782170002,21.1,NA,"n"
39660,213,31,7,2008,2008,199.350602880002,21.2,NA,"n"
39661,214,32,8,2008,2008,195.952581240002,21.2,NA,"y"
39662,215,33,8,2008,2008,193.404065010002,21.4,NA,"y"
39663,216,34,8,2008,2008,192.554559600002,21.3,NA,"y"
39664,217,35,8,2008,2008,190.855548780002,21.4,NA,"y"
39665,218,36,8,2008,2008,182.077326210002,21.1,NA,"y"
39666,219,37,8,2008,2008,178.112967630002,21.5,NA,"y"
39667,220,38,8,2008,2008,175.564451400002,21.4,NA,"y"
39668,221,39,8,2008,2008,177.263462220002,21.4,NA,"y"
39669,222,40,8,2008,2008,179.528809980002,21,NA,"y"
39670,223,41,8,2008,2008,182.077326210002,21.4,NA,"y"
39671,224,42,8,2008,2008,182.926831620002,21.2,NA,"y"
39672,225,43,8,2008,2008,174.431777520002,21.3,NA,"y"
39673,226,44,8,2008,2008,171.600092820002,21.8,NA,"y"
39674,227,45,8,2008,2008,172.449598230002,22.3,NA,"y"
39675,228,46,8,2008,2008,173.299103640002,22.3,NA,"y"
39676,229,47,8,2008,2008,173.299103640002,22.3,NA,"y"
39677,230,48,8,2008,2008,170.467418940002,22,NA,"y"
39678,231,49,8,2008,2008,167.635734240001,21.8,NA,"y"
39679,232,50,8,2008,2008,171.600092820002,21.2,NA,"y"
39680,233,51,8,2008,2008,174.998114460002,21.2,NA,"y"
39681,234,52,8,2008,2008,183.776337030002,21.7,NA,"y"
39682,235,53,8,2008,2008,180.944652330002,22,NA,"y"
39683,236,54,8,2008,2008,183.776337030002,21.9,NA,"y"
39684,237,55,8,2008,2008,176.697125280002,21.9,NA,"y"
39685,238,56,8,2008,2008,171.883261290002,21.8,NA,"y"
39686,239,57,8,2008,2008,175.564451400002,21.6,NA,"y"
39687,240,58,8,2008,2008,177.263462220002,21.7,NA,"y"
39688,241,59,8,2008,2008,183.210000090002,21.8,NA,"y"
39689,242,60,8,2008,2008,187.174358670002,21.8,NA,"y"
39690,243,61,8,2008,2008,188.307032550002,21.8,NA,"y"
39691,244,62,8,2008,2008,192.554559600002,21.3,NA,"y"
39692,245,63,9,2008,2008,189.722874900002,20.8,NA,"y"
39693,246,64,9,2008,2008,181.227820800002,19.1,NA,"y"
39694,247,65,9,2008,2008,177.546630690002,19.5,NA,"y"
39695,248,66,9,2008,2008,188.590201020002,20.1,NA,"y"
39696,249,67,9,2008,2008,199.067434410002,20.4,NA,"y"
39697,250,68,9,2008,2008,197.085255120002,20.9,NA,"y"
39698,251,69,9,2008,2008,188.307032550002,21.3,NA,"y"
39699,252,70,9,2008,2008,183.776337030002,21.3,NA,"y"
39700,253,71,9,2008,2008,184.342673970002,20.8,NA,"y"
39701,254,72,9,2008,2008,181.227820800002,20.4,NA,"y"
39702,255,73,9,2008,2008,180.661483860002,20.5,NA,"y"
39703,256,74,9,2008,2008,182.360494680002,20.5,NA,"y"
39704,257,75,9,2008,2008,181.794157740002,20.4,NA,"y"
39705,258,76,9,2008,2008,183.493168560002,20.3,NA,"y"
39706,259,77,9,2008,2008,185.475347850002,20.4,NA,"y"
39707,260,78,9,2008,2008,180.095146920002,20.2,NA,"y"
39708,261,79,9,2008,2008,180.095146920002,19.9,NA,"y"
39709,262,80,9,2008,2008,185.758516320002,19.5,NA,"y"
39710,263,81,9,2008,2008,182.077326210002,19.1,NA,"y"
39711,264,82,9,2008,2008,176.130788340002,19.4,NA,"y"
39712,265,83,9,2008,2008,177.263462220002,19.4,NA,"y"
39713,266,84,9,2008,2008,178.962473040002,19.5,NA,"y"
39714,267,85,9,2008,2008,178.962473040002,19.2,NA,"y"
39715,268,86,9,2008,2008,175.847619870002,19.2,NA,"y"
39716,269,87,9,2008,2008,168.768408120002,19.3,NA,"y"
39717,270,88,9,2008,2008,165.653554950001,19.4,NA,"y"
39718,271,89,9,2008,2008,160.839690960001,19.7,NA,"y"
39719,272,90,9,2008,2008,159.140680140001,20,NA,"y"
39720,273,91,9,2008,2008,158.008006260001,20.1,NA,"y"
39721,274,92,9,2008,2008,156.875332380001,20.2,NA,"y"
39722,275,93,10,2008,2008,154.326816150001,20.1,NA,"y"
39723,276,94,10,2008,2008,151.778299920001,19.9,NA,"y"
39724,277,95,10,2008,2008,150.645626040001,19.8,NA,"y"
39725,278,96,10,2008,2008,153.760479210001,18.6,NA,"y"
39726,279,97,10,2008,2008,154.893153090001,18.2,NA,"y"
39727,280,98,10,2008,2008,158.291174730001,18.2,NA,"y"
39728,281,99,10,2008,2008,159.140680140001,18.4,NA,"y"
39729,282,100,10,2008,2008,153.477310740001,18.7,NA,"y"
39730,283,101,10,2008,2008,146.964435930001,18.5,NA,"y"
39731,284,102,10,2008,2008,145.548593580001,17.1,NA,"y"
39732,285,103,10,2008,2008,141.584235000001,15.2,NA,"y"
39733,286,104,10,2008,2008,142.150571940001,14.1,NA,"y"
39734,287,105,10,2008,2008,144.415919700001,14.2,NA,"y"
39735,288,106,10,2008,2008,142.150571940001,14.9,NA,"y"
39736,289,107,10,2008,2008,126.576306090001,15.7,NA,"y"
39737,290,108,10,2008,2008,119.213925870001,16.3,NA,"y"
39738,291,109,10,2008,2008,121.196105160001,16.8,NA,"y"
39739,292,110,10,2008,2008,124.027789860001,17.2,NA,"y"
39740,293,111,10,2008,2008,132.239675490001,17.3,NA,"y"
39741,294,112,10,2008,2008,129.974327730001,17.2,NA,"y"
39742,295,113,10,2008,2008,131.673338550001,17.1,NA,"y"
39743,296,114,10,2008,2008,135.354528660001,16.5,NA,"y"
39744,297,115,10,2008,2008,137.053539480001,16.1,NA,"y"
39745,298,116,10,2008,2008,136.487202540001,16.2,NA,"y"
39746,299,117,10,2008,2008,130.540664670001,16.3,NA,"y"
39747,300,118,10,2008,2008,124.027789860001,16.5,NA,"y"
39748,301,119,10,2008,2008,133.089180900001,16.3,NA,"y"
39749,302,120,10,2008,2008,137.053539480001,16.3,NA,"y"
39750,303,121,10,2008,2008,139.318887240001,16.3,NA,"y"
39751,304,122,10,2008,2008,138.469381830001,15.9,NA,"y"
39752,305,123,10,2008,2008,146.964435930001,15.5,NA,"y"
39753,306,124,11,2008,2008,169.051576590002,15.1,NA,"y"
39754,307,125,11,2008,2008,189.156537960002,15.1,NA,"y"
39755,308,126,11,2008,2008,206.146646160002,14.9,NA,"y"
39756,309,127,11,2008,2008,216.057542610002,14.5,NA,"y"
39757,310,128,11,2008,2008,221.720912010002,14,NA,"y"
39758,311,129,11,2008,2008,217.473384960002,13.7,NA,"y"
39759,312,130,11,2008,2008,196.802086650002,13.8,NA,"y"
39760,313,131,11,2008,2008,182.077326210002,13.9,NA,"y"
39761,314,132,11,2008,2008,176.980293750002,14.2,NA,"y"
39762,315,133,11,2008,2008,173.582272110002,14.3,NA,"y"
39763,316,134,11,2008,2008,173.015935170002,14,NA,"y"
39764,317,135,11,2008,2008,168.485239650002,14.1,NA,"y"
39765,318,136,11,2008,2008,167.635734240001,14.5,NA,"y"
39766,319,137,11,2008,2008,165.653554950001,14.6,NA,"y"
39767,320,138,11,2008,2008,165.087218010001,14.8,NA,"y"
39768,321,139,11,2008,2008,161.972364840001,14.9,NA,"y"
39769,322,140,11,2008,2008,152.344636860001,14.9,NA,"y"
39770,323,141,11,2008,2008,142.433740410001,14.8,NA,"y"
39771,324,142,11,2008,2008,137.336707950001,14.6,NA,"y"
39772,325,143,11,2008,2008,132.806012430001,14.3,NA,"y"
39773,326,144,11,2008,2008,127.425811500001,14,NA,"y"
39774,327,145,11,2008,2008,123.744621390001,13.4,NA,"y"
39775,328,146,11,2008,2008,120.346599750001,12.6,NA,"y"
39776,329,147,11,2008,2008,120.346599750001,12.3,NA,"y"
39777,330,148,11,2008,2008,120.346599750001,12.2,NA,"y"
39778,331,149,11,2008,2008,120.063431280001,12.2,NA,"y"
39779,332,150,11,2008,2008,118.930757400001,12.4,NA,"y"
39780,333,151,11,2008,2008,118.081251990001,12.4,NA,"y"
39781,334,152,11,2008,2008,116.382241170001,12.6,NA,"y"
39782,335,153,11,2008,2008,116.948578110001,12.8,NA,"y"
39783,336,154,12,2008,2008,117.798083520001,12.7,NA,"y"
39784,337,155,12,2008,2008,118.930757400001,12.5,NA,"y"
39785,338,156,12,2008,2008,120.629768220001,12.2,NA,"y"
39786,339,157,12,2008,2008,121.196105160001,11.9,NA,"y"
39787,340,158,12,2008,2008,119.780262810001,11.5,NA,"y"
39788,341,159,12,2008,2008,120.912936690001,11.2,NA,"y"
39789,342,160,12,2008,2008,120.346599750001,10.9,NA,"y"
39790,343,161,12,2008,2008,120.063431280001,10.4,NA,"y"
39791,344,162,12,2008,2008,120.346599750001,9.9,NA,"y"
39792,345,163,12,2008,2008,119.780262810001,9.9,NA,"y"
39793,346,164,12,2008,2008,116.665409640001,10,NA,"y"
39794,347,165,12,2008,2008,115.815904230001,10,NA,"y"
39795,348,166,12,2008,2008,116.099072700001,9.9,NA,"y"
39796,349,167,12,2008,2008,118.930757400001,9.5,NA,"y"
39797,350,168,12,2008,2008,124.027789860001,8.6,NA,"y"
39798,351,169,12,2008,2008,130.540664670001,8.3,NA,"y"
39799,352,170,12,2008,2008,134.788191720001,7.6,NA,"y"
39800,353,171,12,2008,2008,136.204034070001,7,NA,"y"
39801,354,172,12,2008,2008,137.619876420001,7.1,NA,"y"
39802,355,173,12,2008,2008,137.903044890001,7.3,NA,"y"
39803,356,174,12,2008,2008,142.150571940001,7.6,NA,"y"
39804,357,175,12,2008,2008,144.982256640001,8,NA,"y"
39805,358,176,12,2008,2008,147.530772870001,8.2,NA,"y"
39806,359,177,12,2008,2008,159.990185550001,8.5,NA,"y"
39807,360,178,12,2008,2008,164.520881070001,8.7,NA,"y"
39808,361,179,12,2008,2008,228.516955290002,8.5,NA,"y"
39809,362,180,12,2008,2008,270.992225790002,8.2,NA,"y"
39810,363,181,12,2008,2008,207.845656980002,8.1,NA,"y"
39811,364,182,12,2008,2008,179.811978450002,8.3,NA,"y"
39812,365,183,12,2008,2008,171.600092820002,8.8,NA,"y"
39813,366,184,12,2008,2008,173.582272110002,9,NA,"y"
39814,1,185,1,2009,2008,171.883261290002,9,NA,"y"
39815,2,186,1,2009,2008,164.804049540001,8.7,NA,"y"
39816,3,187,1,2009,2008,157.441669320001,8.5,NA,"y"
39817,4,188,1,2009,2008,162.255533310001,8,NA,"y"
39818,5,189,1,2009,2008,167.069397300001,7.5,NA,"y"
39819,6,190,1,2009,2008,153.194142270001,7.8,NA,"y"
39820,7,191,1,2009,2008,147.247604400001,7.7,NA,"y"
39821,8,192,1,2009,2008,144.415919700001,7.8,NA,"y"
39822,9,193,1,2009,2008,143.283245820001,8.2,NA,"y"
39823,10,194,1,2009,2008,142.433740410001,8.4,NA,"y"
39824,11,195,1,2009,2008,143.000077350001,8.7,NA,"y"
39825,12,196,1,2009,2008,140.168392650001,9.7,NA,"y"
39826,13,197,1,2009,2008,134.505023250001,10.2,NA,"y"
39827,14,198,1,2009,2008,132.522843960001,10.4,NA,"y"
39828,15,199,1,2009,2008,132.806012430001,10.5,NA,"y"
39829,16,200,1,2009,2008,129.691159260001,10.6,NA,"y"
39830,17,201,1,2009,2008,127.425811500001,10.5,NA,"y"
39831,18,202,1,2009,2008,125.160463740001,10.3,NA,"y"
39832,19,203,1,2009,2008,123.744621390001,10.1,NA,"y"
39833,20,204,1,2009,2008,121.479273630001,10,NA,"y"
39834,21,205,1,2009,2008,117.514915050001,9.8,NA,"y"
39835,22,206,1,2009,2008,119.213925870001,9.9,NA,"y"
39836,23,207,1,2009,2008,131.956507020001,10.2,NA,"y"
39837,24,208,1,2009,2008,141.867403470001,10.8,NA,"y"
39838,25,209,1,2009,2008,156.875332380001,10.8,NA,"y"
39839,26,210,1,2009,2008,247.206074310002,10.6,NA,"y"
39840,27,211,1,2009,2008,249.754590540002,10.1,NA,"y"
39841,28,212,1,2009,2008,213.225857910002,9.3,NA,"y"
39842,29,213,1,2009,2008,189.439706430002,9.4,NA,"y"
39843,30,214,1,2009,2008,176.413956810002,9.6,NA,"y"
39844,31,215,1,2009,2008,169.051576590002,9.9,NA,"y"
39845,32,216,2,2009,2008,163.671375660001,10.3,NA,"n"
39846,33,217,2,2009,2008,158.857511670001,10.6,NA,"n"
39847,34,218,2,2009,2008,150.079289100001,10.9,NA,"n"
39848,35,219,2,2009,2008,152.627805330001,10.9,NA,"n"
39849,36,220,2,2009,2008,150.362457570001,10.9,NA,"n"
39850,37,221,2,2009,2008,150.928794510001,11,NA,"n"
39851,38,222,2,2009,2008,150.928794510001,11,NA,"n"
39852,39,223,2,2009,2008,154.043647680001,10.7,NA,"n"
39853,40,224,2,2009,2008,157.441669320001,10.7,NA,"n"
39854,41,225,2,2009,2008,164.237712600001,10.5,NA,"n"
39855,42,226,2,2009,2008,172.732766700002,10.1,NA,"n"
39856,43,227,2,2009,2008,171.033755880002,9.2,NA,"n"
39857,44,228,2,2009,2008,188.023864080002,8.8,NA,"n"
39858,45,229,2,2009,2008,215.208037200002,8.5,NA,"n"
39859,46,230,2,2009,2008,248.338748190002,8.4,NA,"n"
39860,47,231,2,2009,2008,331.307109900003,8,NA,"n"
39861,48,232,2,2009,2008,637.129057500006,7.7,NA,"n"
39862,49,233,2,2009,2008,727.742967900007,7.7,NA,"n"
39863,50,234,2,2009,2008,719.247913800006,8.3,NA,"n"
39864,51,235,2,2009,2008,608.812210500005,9.2,NA,"n"
39865,52,236,2,2009,2008,450.237867300004,10.3,NA,"n"
39866,53,237,2,2009,2008,356.792272200003,10.8,NA,"n"
39867,54,238,2,2009,2008,478.554714300004,11.2,NA,"n"
39868,55,239,2,2009,2008,705.089490300006,11.4,NA,"n"
39869,56,240,2,2009,2008,705.089490300006,11.5,NA,"n"
39870,57,241,2,2009,2008,642.792426900006,11.5,NA,"n"
39871,58,242,2,2009,2008,540.851777700005,11.8,NA,"n"
39872,59,243,2,2009,2008,475.723029600004,11.8,NA,"n"
39873,60,244,3,2009,2008,404.930912100004,11.8,NA,"n"
39874,61,245,3,2009,2008,453.069552000004,11.6,NA,"n"
39875,62,246,3,2009,2008,707.921175000006,11.2,NA,"n"
39876,63,247,3,2009,2008,724.911283200006,11,NA,"n"
39877,64,248,3,2009,2008,688.099382100006,10.2,NA,"n"
39878,65,249,3,2009,2008,642.792426900006,10.4,NA,"n"
39879,66,250,3,2009,2008,552.178516500005,10.6,NA,"n"
39880,67,251,3,2009,2008,461.564606100004,11.4,NA,"n"
39881,68,252,3,2009,2008,396.435858000004,11.7,NA,"n"
39882,69,253,3,2009,2008,356.792272200003,11.4,NA,"n"
39883,70,254,3,2009,2008,328.475425200003,11.3,NA,"n"
39884,71,255,3,2009,2008,305.821947600003,11.7,NA,"n"
39885,72,256,3,2009,2008,288.831839400003,12.2,NA,"n"
39886,73,257,3,2009,2008,274.956584370002,12.7,NA,"n"
39887,74,258,3,2009,2008,264.479350980002,12.6,NA,"n"
39888,75,259,3,2009,2008,256.833802290002,12.9,NA,"n"
39889,76,260,3,2009,2008,261.081329340002,13.5,NA,"n"
39890,77,261,3,2009,2008,342.633848700003,13.4,NA,"n"
39891,78,262,3,2009,2008,334.138794600003,13.9,NA,"n"
39892,79,263,3,2009,2008,297.326893500003,14.9,NA,"n"
39893,80,264,3,2009,2008,276.655595190002,14.9,NA,"n"
39894,81,265,3,2009,2008,267.027867210002,14.4,NA,"n"
39895,82,266,3,2009,2008,258.815981580002,13.6,NA,"n"
39896,83,267,3,2009,2008,250.887264420002,13.3,NA,"n"
39897,84,268,3,2009,2008,237.295177860002,13.5,NA,"n"
39898,85,269,3,2009,2008,228.516955290002,14.6,NA,"n"
39899,86,270,3,2009,2008,220.871406600002,15.3,NA,"n"
39900,87,271,3,2009,2008,216.907048020002,16.1,NA,"n"
39901,88,272,3,2009,2008,215.208037200002,16,NA,"n"
39902,89,273,3,2009,2008,210.394173210002,15.4,NA,"n"
39903,90,274,3,2009,2008,205.013972280002,14.6,NA,"n"
39904,91,275,4,2009,2008,199.067434410002,15.4,NA,"n"
39905,92,276,4,2009,2008,188.873369490002,16,NA,"n"
39906,93,277,4,2009,2008,199.067434410002,15.8,NA,"n"
39907,94,278,4,2009,2008,202.748624520002,15.1,NA,"n"
39908,95,279,4,2009,2008,195.669412770002,15,NA,"n"
39909,96,280,4,2009,2008,190.006043370002,15.6,NA,"n"
39910,97,281,4,2009,2008,183.776337030002,15.3,NA,"n"
39911,98,282,4,2009,2008,182.360494680002,15.1,NA,"n"
39912,99,283,4,2009,2008,180.944652330002,14.8,NA,"n"
39913,100,284,4,2009,2008,193.404065010002,14.8,NA,"n"
39914,101,285,4,2009,2008,205.863477690002,14.8,NA,"n"
39915,102,286,4,2009,2008,215.774374140002,15.4,NA,"n"
39916,103,287,4,2009,2008,209.827836270002,16.4,NA,"n"
39917,104,288,4,2009,2008,202.748624520002,16.1,NA,"n"
39918,105,289,4,2009,2008,193.687233480002,15,NA,"n"
39919,106,290,4,2009,2008,186.041684790002,14.9,NA,"n"
39920,107,291,4,2009,2008,180.944652330002,15.8,NA,"n"
39921,108,292,4,2009,2008,165.087218010001,16.9,NA,"n"
39922,109,293,4,2009,2008,156.875332380001,18.4,NA,"n"
39923,110,294,4,2009,2008,158.574343200001,19.5,NA,"n"
39924,111,295,4,2009,2008,149.796120630001,20.3,NA,"n"
39925,112,296,4,2009,2008,137.619876420001,20.9,NA,"n"
39926,113,297,4,2009,2008,129.974327730001,20.4,NA,"n"
39927,114,298,4,2009,2008,128.558485380001,19.2,NA,"n"
39928,115,299,4,2009,2008,128.275316910001,18.2,NA,"n"
39929,116,300,4,2009,2008,126.859474560001,18.3,NA,"n"
39930,117,301,4,2009,2008,126.293137620001,18,NA,"n"
39931,118,302,4,2009,2008,122.045610570001,17.2,NA,"n"
39932,119,303,4,2009,2008,122.611947510001,16.6,NA,"n"
39933,120,304,4,2009,2008,119.497094340001,15.8,NA,"n"
39934,121,305,5,2009,2008,121.196105160001,15.6,NA,"n"
39935,122,306,5,2009,2008,133.089180900001,15.1,NA,"n"
39936,123,307,5,2009,2008,167.635734240001,14.8,NA,"n"
39937,124,308,5,2009,2008,223.419922830002,14.7,NA,"n"
39938,125,309,5,2009,2008,278.071437540002,15.1,NA,"n"
39939,126,310,5,2009,2008,328.475425200003,16.2,NA,"n"
39940,127,311,5,2009,2008,390.772488600003,16.9,NA,"n"
39941,128,312,5,2009,2008,339.802164000003,17.2,NA,"n"
39942,129,313,5,2009,2008,278.920942950002,18,NA,"n"
39943,130,314,5,2009,2008,233.330819280002,19,NA,"n"
39944,131,315,5,2009,2008,201.332782170002,19.2,NA,"n"
39945,132,316,5,2009,2008,174.714945990002,19.3,NA,"n"
39946,133,317,5,2009,2008,153.760479210001,19.4,NA,"n"
39947,134,318,5,2009,2008,140.734729590001,19.6,NA,"n"
39948,135,319,5,2009,2008,134.505023250001,20.1,NA,"n"
39949,136,320,5,2009,2008,143.000077350001,20.9,NA,"n"
39950,137,321,5,2009,2008,155.176321560001,21.5,NA,"n"
39951,138,322,5,2009,2008,161.689196370001,21.7,NA,"n"
39952,139,323,5,2009,2008,161.122859430001,21.4,NA,"n"
39953,140,324,5,2009,2008,160.556522490001,20.9,NA,"n"
39954,141,325,5,2009,2008,153.477310740001,21,NA,"n"
39955,142,326,5,2009,2008,151.778299920001,21,NA,"n"
39956,143,327,5,2009,2008,152.344636860001,20.6,NA,"n"
39957,144,328,5,2009,2008,153.194142270001,20.4,NA,"n"
39958,145,329,5,2009,2008,150.928794510001,20.8,NA,"n"
39959,146,330,5,2009,2008,153.477310740001,21.5,NA,"n"
39960,147,331,5,2009,2008,155.742658500001,22.3,NA,"n"
39961,148,332,5,2009,2008,154.326816150001,22.7,NA,"n"
39962,149,333,5,2009,2008,148.380278280001,22.8,NA,"n"
39963,150,334,5,2009,2008,144.982256640001,22.5,NA,"n"
39964,151,335,5,2009,2008,142.150571940001,22.3,NA,"n"
39965,152,336,6,2009,2008,138.752550300001,21.9,NA,"n"
39966,153,337,6,2009,2008,136.770371010001,21.6,NA,"n"
39967,154,338,6,2009,2008,139.035718770001,21.6,NA,"n"
39968,155,339,6,2009,2008,142.150571940001,21.4,NA,"n"
39969,156,340,6,2009,2008,164.520881070001,20.7,NA,"n"
39970,157,341,6,2009,2008,161.972364840001,19.8,NA,"n"
39971,158,342,6,2009,2008,181.227820800002,19.8,NA,"n"
39972,159,343,6,2009,2008,193.404065010002,19.8,NA,"n"
39973,160,344,6,2009,2008,193.970401950002,19.9,NA,"n"
39974,161,345,6,2009,2008,188.307032550002,19.9,NA,"n"
39975,162,346,6,2009,2008,178.112967630002,20,NA,"n"
39976,163,347,6,2009,2008,176.413956810002,20.2,NA,"n"
39977,164,348,6,2009,2008,182.360494680002,20.2,NA,"n"
39978,165,349,6,2009,2008,168.202071180001,20.1,NA,"n"
39979,166,350,6,2009,2008,171.600092820002,20.5,NA,"n"
39980,167,351,6,2009,2008,154.893153090001,20.8,NA,"n"
39981,168,352,6,2009,2008,152.344636860001,21.2,NA,"n"
39982,169,353,6,2009,2008,153.477310740001,21.7,NA,"n"
39983,170,354,6,2009,2008,146.398098990001,22.2,NA,"n"
39984,171,355,6,2009,2008,144.415919700001,21.9,NA,"n"
39985,172,356,6,2009,2008,150.362457570001,21.4,NA,"n"
39986,173,357,6,2009,2008,148.380278280001,21.2,NA,"n"
39987,174,358,6,2009,2008,148.663446750001,21.4,NA,"n"
39988,175,359,6,2009,2008,147.530772870001,21.9,NA,"n"
39989,176,360,6,2009,2008,153.760479210001,21.9,NA,"n"
39990,177,361,6,2009,2008,150.928794510001,22.3,NA,"n"
39991,178,362,6,2009,2008,151.778299920001,22.7,NA,"n"
39992,179,363,6,2009,2008,157.441669320001,23,NA,"n"
39993,180,364,6,2009,2008,155.459490030001,23.1,NA,"n"
39994,181,365,6,2009,2008,152.344636860001,23,NA,"n"
39995,182,1,7,2009,2009,156.592163910001,22.9,NA,"n"
39996,183,2,7,2009,2009,162.821870250001,22.7,NA,"n"
39997,184,3,7,2009,2009,173.582272110002,22.6,NA,"n"
39998,185,4,7,2009,2009,177.829799160002,22.5,NA,"n"
39999,186,5,7,2009,2009,178.112967630002,22.2,NA,"n"
40000,187,6,7,2009,2009,182.643663150002,21.9,NA,"n"
40001,188,7,7,2009,2009,182.926831620002,21.5,NA,"n"
40002,189,8,7,2009,2009,184.909010910002,21.6,NA,"n"
40003,190,9,7,2009,2009,186.608021730002,21.6,NA,"n"
40004,191,10,7,2009,2009,188.307032550002,21.4,NA,"n"
40005,192,11,7,2009,2009,188.023864080002,21.1,NA,"n"
40006,193,12,7,2009,2009,188.873369490002,21.1,NA,"n"
40007,194,13,7,2009,2009,195.386244300002,21.3,NA,"n"
40008,195,14,7,2009,2009,193.687233480002,21.7,NA,"n"
40009,196,15,7,2009,2009,194.819907360002,22.2,NA,"n"
40010,197,16,7,2009,2009,192.837728070002,22.6,NA,"n"
40011,198,17,7,2009,2009,188.873369490002,22.8,NA,"n"
40012,199,18,7,2009,2009,189.722874900002,22.8,NA,"n"
40013,200,19,7,2009,2009,191.138717250002,23,NA,"n"
40014,201,20,7,2009,2009,191.138717250002,22.8,NA,"n"
40015,202,21,7,2009,2009,186.324853260002,22.4,NA,"n"
40016,203,22,7,2009,2009,184.909010910002,22.3,NA,"n"
40017,204,23,7,2009,2009,188.023864080002,22.4,NA,"n"
40018,205,24,7,2009,2009,193.687233480002,22.1,NA,"n"
40019,206,25,7,2009,2009,190.572380310002,21.6,NA,"n"
40020,207,26,7,2009,2009,192.271391130002,21.8,NA,"n"
40021,208,27,7,2009,2009,193.120896540002,22,NA,"n"
40022,209,28,7,2009,2009,197.934760530002,21.9,NA,"n"
40023,210,29,7,2009,2009,199.633771350002,21.9,NA,"n"
40024,211,30,7,2009,2009,201.899119110002,22.1,NA,"n"
40025,212,31,7,2009,2009,200.766445230002,22.1,NA,"n"
40026,213,32,8,2009,2009,200.483276760002,22.1,NA,"y"
40027,214,33,8,2009,2009,199.916939820002,21.8,NA,"y"
40028,215,34,8,2009,2009,196.802086650002,21.5,NA,"y"
40029,216,35,8,2009,2009,194.536738890002,21.2,NA,"y"
40030,217,36,8,2009,2009,195.669412770002,21,NA,"y"
40031,218,37,8,2009,2009,197.085255120002,20.8,NA,"y"
40032,219,38,8,2009,2009,197.368423590002,20,NA,"y"
40033,220,39,8,2009,2009,196.235749710002,20.2,NA,"y"
40034,221,40,8,2009,2009,198.501097470002,20.5,NA,"y"
40035,222,41,8,2009,2009,198.501097470002,20.8,NA,"y"
40036,223,42,8,2009,2009,196.235749710002,21,NA,"y"
40037,224,43,8,2009,2009,195.952581240002,21.2,NA,"y"
40038,225,44,8,2009,2009,195.669412770002,21.5,NA,"y"
40039,226,45,8,2009,2009,194.536738890002,21.6,NA,"y"
40040,227,46,8,2009,2009,195.669412770002,21.4,NA,"y"
40041,228,47,8,2009,2009,193.404065010002,21.2,NA,"y"
40042,229,48,8,2009,2009,187.457527140002,20.7,NA,"y"
40043,230,49,8,2009,2009,186.324853260002,21.1,NA,"y"
40044,231,50,8,2009,2009,185.192179380002,21.4,NA,"y"
40045,232,51,8,2009,2009,188.023864080002,21.3,NA,"y"
40046,233,52,8,2009,2009,189.439706430002,21.7,NA,"y"
40047,234,53,8,2009,2009,192.837728070002,21.9,NA,"y"
40048,235,54,8,2009,2009,194.536738890002,21.5,NA,"y"
40049,236,55,8,2009,2009,190.289211840002,21,NA,"y"
40050,237,56,8,2009,2009,194.819907360002,20.7,NA,"y"
40051,238,57,8,2009,2009,194.819907360002,20.6,NA,"y"
40052,239,58,8,2009,2009,198.501097470002,20.4,NA,"y"
40053,240,59,8,2009,2009,204.730803810002,20.2,NA,"y"
40054,241,60,8,2009,2009,206.712983100002,20,NA,"y"
40055,242,61,8,2009,2009,201.049613700002,20.3,NA,"y"
40056,243,62,8,2009,2009,199.633771350002,20.5,NA,"y"
40057,244,63,9,2009,2009,196.235749710002,20.7,NA,"y"
40058,245,64,9,2009,2009,202.465456050002,20.8,NA,"y"
40059,246,65,9,2009,2009,216.340711080002,20.4,NA,"y"
40060,247,66,9,2009,2009,206.429814630002,20.3,NA,"y"
40061,248,67,9,2009,2009,188.590201020002,20.2,NA,"y"
40062,249,68,9,2009,2009,181.794157740002,20.5,NA,"y"
40063,250,69,9,2009,2009,183.493168560002,20.3,NA,"y"
40064,251,70,9,2009,2009,184.059505500002,20.1,NA,"y"
40065,252,71,9,2009,2009,189.722874900002,20.2,NA,"y"
40066,253,72,9,2009,2009,188.023864080002,20.1,NA,"y"
40067,254,73,9,2009,2009,185.758516320002,20.6,NA,"y"
40068,255,74,9,2009,2009,191.138717250002,20.4,NA,"y"
40069,256,75,9,2009,2009,195.952581240002,19.8,NA,"y"
40070,257,76,9,2009,2009,195.669412770002,19.4,NA,"y"
40071,258,77,9,2009,2009,193.687233480002,19.6,NA,"y"
40072,259,78,9,2009,2009,187.457527140002,20.1,NA,"y"
40073,260,79,9,2009,2009,186.608021730002,20.6,NA,"y"
40074,261,80,9,2009,2009,187.457527140002,21,NA,"y"
40075,262,81,9,2009,2009,184.059505500002,21.2,NA,"y"
40076,263,82,9,2009,2009,177.829799160002,21.5,NA,"y"
40077,264,83,9,2009,2009,176.697125280002,21.5,NA,"y"
40078,265,84,9,2009,2009,176.413956810002,21.1,NA,"y"
40079,266,85,9,2009,2009,170.184250470002,21,NA,"y"
40080,267,86,9,2009,2009,167.352565770001,21,NA,"y"
40081,268,87,9,2009,2009,167.352565770001,21,NA,"y"
40082,269,88,9,2009,2009,162.538701780001,21,NA,"y"
40083,270,89,9,2009,2009,155.176321560001,21.1,NA,"y"
40084,271,90,9,2009,2009,152.344636860001,20.9,NA,"y"
40085,272,91,9,2009,2009,151.778299920001,20.5,NA,"y"
40086,273,92,9,2009,2009,150.362457570001,19.4,NA,"y"
40087,274,93,10,2009,2009,151.211962980001,18.1,NA,"y"
40088,275,94,10,2009,2009,148.946615220001,17.2,NA,"y"
40089,276,95,10,2009,2009,147.530772870001,17.1,NA,"y"
40090,277,96,10,2009,2009,145.265425110001,16.9,NA,"y"
40091,278,97,10,2009,2009,141.017898060001,16.5,NA,"y"
40092,279,98,10,2009,2009,135.920865600001,15.9,NA,"y"
40093,280,99,10,2009,2009,133.372349370001,16.2,NA,"y"
40094,281,100,10,2009,2009,133.938686310001,16.5,NA,"y"
40095,282,101,10,2009,2009,130.540664670001,16.8,NA,"y"
40096,283,102,10,2009,2009,130.823833140001,16.9,NA,"y"
40097,284,103,10,2009,2009,128.558485380001,16.8,NA,"y"
40098,285,104,10,2009,2009,127.708979970001,16.5,NA,"y"
40099,286,105,10,2009,2009,130.540664670001,16,NA,"y"
40100,287,106,10,2009,2009,149.796120630001,15.8,NA,"y"
40101,288,107,10,2009,2009,169.051576590002,16.1,NA,"y"
40102,289,108,10,2009,2009,176.697125280002,16.6,NA,"y"
40103,290,109,10,2009,2009,169.334745060002,17.4,NA,"y"
40104,291,110,10,2009,2009,156.025826970001,17.5,NA,"y"
40105,292,111,10,2009,2009,147.813941340001,17.2,NA,"y"
40106,293,112,10,2009,2009,150.645626040001,16.4,NA,"y"
40107,294,113,10,2009,2009,166.503060360001,16.3,NA,"y"
40108,295,114,10,2009,2009,155.176321560001,16.4,NA,"y"
40109,296,115,10,2009,2009,148.380278280001,16.9,NA,"y"
40110,297,116,10,2009,2009,146.398098990001,17.1,NA,"y"
40111,298,117,10,2009,2009,144.132751230001,17,NA,"y"
40112,299,118,10,2009,2009,139.602055710001,16.9,NA,"y"
40113,300,119,10,2009,2009,137.053539480001,16.7,NA,"y"
40114,301,120,10,2009,2009,135.071360190001,15,NA,"y"
40115,302,121,10,2009,2009,130.257496200001,13.6,NA,"y"
40116,303,122,10,2009,2009,129.124822320001,13.9,NA,"y"
40117,304,123,10,2009,2009,127.425811500001,14.4,NA,"y"
40118,305,124,11,2009,2009,128.275316910001,15.2,NA,"y"
40119,306,125,11,2009,2009,125.726800680001,15.7,NA,"y"
40120,307,126,11,2009,2009,124.594126800001,16,NA,"y"
40121,308,127,11,2009,2009,121.762442100001,15.9,NA,"y"
40122,309,128,11,2009,2009,115.532735760001,15.7,NA,"y"
40123,310,129,11,2009,2009,112.417882590001,15.6,NA,"y"
40124,311,130,11,2009,2009,109.586197890001,15.4,NA,"y"
40125,312,131,11,2009,2009,113.267388000001,14.9,NA,"y"
40126,313,132,11,2009,2009,112.984219530001,14.4,NA,"y"
40127,314,133,11,2009,2009,112.417882590001,13.8,NA,"y"
40128,315,134,11,2009,2009,113.550556470001,13.9,NA,"y"
40129,316,135,11,2009,2009,115.249567290001,13.8,NA,"y"
40130,317,136,11,2009,2009,117.231746580001,13.5,NA,"y"
40131,318,137,11,2009,2009,114.683230350001,12.8,NA,"y"
40132,319,138,11,2009,2009,116.948578110001,12.4,NA,"y"
40133,320,139,11,2009,2009,118.081251990001,12.1,NA,"y"
40134,321,140,11,2009,2009,114.116893410001,12,NA,"y"
40135,322,141,11,2009,2009,114.400061880001,12,NA,"y"
40136,323,142,11,2009,2009,117.514915050001,11.8,NA,"y"
40137,324,143,11,2009,2009,119.780262810001,11.4,NA,"y"
40138,325,144,11,2009,2009,126.859474560001,10.9,NA,"y"
40139,326,145,11,2009,2009,129.691159260001,11,NA,"y"
40140,327,146,11,2009,2009,124.877295270001,10.8,NA,"y"
40141,328,147,11,2009,2009,119.497094340001,11,NA,"y"
40142,329,148,11,2009,2009,114.116893410001,11.4,NA,"y"
40143,330,149,11,2009,2009,108.170355540001,11.6,NA,"y"
40144,331,150,11,2009,2009,108.453524010001,11.9,NA,"y"
40145,332,151,11,2009,2009,112.984219530001,11.7,NA,"y"
40146,333,152,11,2009,2009,111.568377180001,10.7,NA,"y"
40147,334,153,11,2009,2009,110.435703300001,10.5,NA,"y"
40148,335,154,12,2009,2009,106.471344720001,10.4,NA,"y"
40149,336,155,12,2009,2009,101.657480730001,NA,NA,"y"
40150,337,156,12,2009,2009,100.241638380001,NA,NA,"y"
40151,338,157,12,2009,2009,97.9762906200009,NA,NA,"y"
40152,339,158,12,2009,2009,98.2594590900009,NA,NA,"y"
40153,340,159,12,2009,2009,98.8257960300009,NA,NA,"y"
40154,341,160,12,2009,2009,99.3921329700009,NA,NA,"y"
40155,342,161,12,2009,2009,100.807975320001,NA,NA,"y"
40156,343,162,12,2009,2009,100.807975320001,NA,NA,"y"
40157,344,163,12,2009,2009,101.940649200001,NA,NA,"y"
40158,345,164,12,2009,2009,103.356491550001,NA,NA,"y"
40159,346,165,12,2009,2009,109.303029420001,6.4,NA,"y"
40160,347,166,12,2009,2009,124.310958330001,7,NA,"y"
40161,348,167,12,2009,2009,151.495131450001,7.8,NA,"y"
40162,349,168,12,2009,2009,165.653554950001,8.7,NA,"y"
40163,350,169,12,2009,2009,158.574343200001,9.4,NA,"y"
40164,351,170,12,2009,2009,171.883261290002,9.7,NA,"y"
40165,352,171,12,2009,2009,217.473384960002,9.8,NA,"y"
40166,353,172,12,2009,2009,201.615950640002,9.9,NA,"y"
40167,354,173,12,2009,2009,179.528809980002,9.8,NA,"y"
40168,355,174,12,2009,2009,168.768408120002,9.9,NA,"y"
40169,356,175,12,2009,2009,164.237712600001,9.9,NA,"y"
40170,357,176,12,2009,2009,179.245641510002,9.4,NA,"y"
40171,358,177,12,2009,2009,186.324853260002,8.5,NA,"y"
40172,359,178,12,2009,2009,166.503060360001,7.9,NA,"y"
40173,360,179,12,2009,2009,150.079289100001,7.7,NA,"y"
40174,361,180,12,2009,2009,135.071360190001,7.6,NA,"y"
40175,362,181,12,2009,2009,137.053539480001,7.6,NA,"y"
40176,363,182,12,2009,2009,136.487202540001,7.6,NA,"y"
40177,364,183,12,2009,2009,137.619876420001,7.8,NA,"y"
40178,365,184,12,2009,2009,139.035718770001,8.2,NA,"y"
40179,1,185,1,2010,2009,152.910973800001,8.6,NA,"y"
40180,2,186,1,2010,2009,153.760479210001,9.2,NA,"y"
40181,3,187,1,2010,2009,181.794157740002,9.6,NA,"y"
40182,4,188,1,2010,2009,203.314961460002,9.5,NA,"y"
40183,5,189,1,2010,2009,181.227820800002,9.2,NA,"y"
40184,6,190,1,2010,2009,162.538701780001,9,NA,"y"
40185,7,191,1,2010,2009,153.477310740001,8.8,NA,"y"
40186,8,192,1,2010,2009,148.663446750001,8.8,NA,"y"
40187,9,193,1,2010,2009,142.150571940001,8.8,NA,"y"
40188,10,194,1,2010,2009,135.071360190001,9,NA,"y"
40189,11,195,1,2010,2009,134.505023250001,9.2,NA,"y"
40190,12,196,1,2010,2009,139.318887240001,10,NA,"y"
40191,13,197,1,2010,2009,156.025826970001,10.9,NA,"y"
40192,14,198,1,2010,2009,300.158578200003,11,NA,"y"
40193,15,199,1,2010,2009,359.623956900003,10.5,NA,"y"
40194,16,200,1,2010,2009,286.000154700003,9.9,NA,"y"
40195,17,201,1,2010,2009,249.754590540002,9.8,NA,"y"
40196,18,202,1,2010,2009,240.976367970002,10,NA,"y"
40197,19,203,1,2010,2009,390.772488600003,9.8,NA,"y"
40198,20,204,1,2010,2009,693.762751500006,9.6,NA,"y"
40199,21,205,1,2010,2009,750.396445500007,8.7,NA,"y"
40200,22,206,1,2010,2009,767.386553700007,8,NA,"y"
40201,23,207,1,2010,2009,739.069706700007,8.2,NA,"y"
40202,24,208,1,2010,2009,693.762751500006,8.3,NA,"y"
40203,25,209,1,2010,2009,685.267697400006,8.3,NA,"y"
40204,26,210,1,2010,2009,733.406337300006,8.3,NA,"y"
40205,27,211,1,2010,2009,770.218238400007,8.2,NA,"y"
40206,28,212,1,2010,2009,739.069706700007,8.6,NA,"y"
40207,29,213,1,2010,2009,676.772643300006,8.8,NA,"y"
40208,30,214,1,2010,2009,594.653787000005,9.5,NA,"y"
40209,31,215,1,2010,2009,526.693354200005,10,NA,"y"
40210,32,216,2,2010,2009,518.198300100005,10.1,NA,"n"
40211,33,217,2,2010,2009,475.723029600004,10,NA,"n"
40212,34,218,2,2010,2009,450.237867300004,9.8,NA,"n"
40213,35,219,2,2010,2009,424.752705000004,9.9,NA,"n"
40214,36,220,2,2010,2009,410.594281500004,10.4,NA,"n"
40215,37,221,2,2010,2009,668.277589200006,10.4,NA,"n"
40216,38,222,2,2010,2009,724.911283200006,10.3,NA,"n"
40217,39,223,2,2010,2009,716.416229100006,10.3,NA,"n"
40218,40,224,2,2010,2009,659.782535100006,10.2,NA,"n"
40219,41,225,2,2010,2009,620.138949300005,10.2,NA,"n"
40220,42,226,2,2010,2009,583.327048200005,10.3,NA,"n"
40221,43,227,2,2010,2009,504.039876600005,10.6,NA,"n"
40222,44,228,2,2010,2009,461.564606100004,11.1,NA,"n"
40223,45,229,2,2010,2009,444.574497900004,11.7,NA,"n"
40224,46,230,2,2010,2009,424.752705000004,12,NA,"n"
40225,47,231,2,2010,2009,404.930912100004,12.3,NA,"n"
40226,48,232,2,2010,2009,385.109119200003,12.5,NA,"n"
40227,49,233,2,2010,2009,370.950695700003,12.8,NA,"n"
40228,50,234,2,2010,2009,359.623956900003,12.8,NA,"n"
40229,51,235,2,2010,2009,351.128902800003,12.7,NA,"n"
40230,52,236,2,2010,2009,339.802164000003,12.3,NA,"n"
40231,53,237,2,2010,2009,348.297218100003,12.3,NA,"n"
40232,54,238,2,2010,2009,356.792272200003,12,NA,"n"
40233,55,239,2,2010,2009,336.970479300003,11.2,NA,"n"
40234,56,240,2,2010,2009,492.713137800004,10.8,NA,"n"
40235,57,241,2,2010,2009,566.336940000005,10.2,NA,"n"
40236,58,242,2,2010,2009,504.039876600005,11,NA,"n"
40237,59,243,2,2010,2009,642.792426900006,11.2,NA,"n"
40238,60,244,3,2010,2009,611.643895200005,11.3,NA,"n"
40239,61,245,3,2010,2009,501.208191900004,12,NA,"n"
40240,62,246,3,2010,2009,433.247759100004,11.8,NA,"n"
40241,63,247,3,2010,2009,487.049768400004,11.6,NA,"n"
40242,64,248,3,2010,2009,597.485471700005,10.7,NA,"n"
40243,65,249,3,2010,2009,509.703246000005,10.8,NA,"n"
40244,66,250,3,2010,2009,436.079443800004,11.7,NA,"n"
40245,67,251,3,2010,2009,393.604173300004,12.4,NA,"n"
40246,68,252,3,2010,2009,368.119011000003,12.4,NA,"n"
40247,69,253,3,2010,2009,353.960587500003,12.2,NA,"n"
40248,70,254,3,2010,2009,336.970479300003,11.8,NA,"n"
40249,71,255,3,2010,2009,325.643740500003,11.5,NA,"n"
40250,72,256,3,2010,2009,311.485317000003,11.2,NA,"n"
40251,73,257,3,2010,2009,345.465533400003,11.4,NA,"n"
40252,74,258,3,2010,2009,356.792272200003,11.8,NA,"n"
40253,75,259,3,2010,2009,325.643740500003,12.4,NA,"n"
40254,76,260,3,2010,2009,302.990262900003,13.6,NA,"n"
40255,77,261,3,2010,2009,288.831839400003,14.3,NA,"n"
40256,78,262,3,2010,2009,280.336785300002,14.6,NA,"n"
40257,79,263,3,2010,2009,273.257573550002,14.8,NA,"n"
40258,80,264,3,2010,2009,264.479350980002,14.7,NA,"n"
40259,81,265,3,2010,2009,254.568454530002,14.8,NA,"n"
40260,82,266,3,2010,2009,249.471422070002,14.8,NA,"n"
40261,83,267,3,2010,2009,243.524884200002,14.8,NA,"n"
40262,84,268,3,2010,2009,237.295177860002,14.5,NA,"n"
40263,85,269,3,2010,2009,233.330819280002,14.4,NA,"n"
40264,86,270,3,2010,2009,233.047650810002,14.7,NA,"n"
40265,87,271,3,2010,2009,227.950618350002,14.8,NA,"n"
40266,88,272,3,2010,2009,221.154575070002,14.5,NA,"n"
40267,89,273,3,2010,2009,219.172395780002,14.6,NA,"n"
40268,90,274,3,2010,2009,237.012009390002,14,NA,"n"
40269,91,275,4,2010,2009,257.116970760002,13.4,NA,"n"
40270,92,276,4,2010,2009,246.073400430002,13.1,NA,"n"
40271,93,277,4,2010,2009,232.764482340002,12.2,NA,"n"
40272,94,278,4,2010,2009,241.259536440002,11.9,NA,"n"
40273,95,279,4,2010,2009,255.417959940002,11.3,NA,"n"
40274,96,280,4,2010,2009,263.063508630002,11.9,NA,"n"
40275,97,281,4,2010,2009,272.124899670002,13.1,NA,"n"
40276,98,282,4,2010,2009,251.170432890002,14,NA,"n"
40277,99,283,4,2010,2009,238.144683270002,14.7,NA,"n"
40278,100,284,4,2010,2009,232.198145400002,14.5,NA,"n"
40279,101,285,4,2010,2009,233.047650810002,14.3,NA,"n"
40280,102,286,4,2010,2009,240.126862560002,13,NA,"n"
40281,103,287,4,2010,2009,353.960587500003,12.5,NA,"n"
40282,104,288,4,2010,2009,557.841885900005,11.9,NA,"n"
40283,105,289,4,2010,2009,557.841885900005,13.1,NA,"n"
40284,106,290,4,2010,2009,506.871561300005,14,NA,"n"
40285,107,291,4,2010,2009,458.732921400004,14.9,NA,"n"
40286,108,292,4,2010,2009,421.921020300004,16.2,NA,"n"
40287,109,293,4,2010,2009,385.109119200003,16.6,NA,"n"
40288,110,294,4,2010,2009,373.782380400003,16.3,NA,"n"
40289,111,295,4,2010,2009,430.416074400004,15.6,NA,"n"
40290,112,296,4,2010,2009,535.188408300005,14.4,NA,"n"
40291,113,297,4,2010,2009,506.871561300005,14.9,NA,"n"
40292,114,298,4,2010,2009,433.247759100004,16.3,NA,"n"
40293,115,299,4,2010,2009,393.604173300004,17.6,NA,"n"
40294,116,300,4,2010,2009,373.782380400003,17.8,NA,"n"
40295,117,301,4,2010,2009,353.960587500003,17.2,NA,"n"
40296,118,302,4,2010,2009,348.297218100003,16.5,NA,"n"
40297,119,303,4,2010,2009,419.089335600004,15.1,NA,"n"
40298,120,304,4,2010,2009,416.257650900004,14.2,NA,"n"
40299,121,305,5,2010,2009,379.445749800003,14.8,NA,"n"
40300,122,306,5,2010,2009,353.960587500003,16,NA,"n"
40301,123,307,5,2010,2009,336.970479300003,17.1,NA,"n"
40302,124,308,5,2010,2009,325.643740500003,17.6,NA,"n"
40303,125,309,5,2010,2009,311.485317000003,17.4,NA,"n"
40304,126,310,5,2010,2009,300.158578200003,16.8,NA,"n"
40305,127,311,5,2010,2009,281.469459180003,16.1,NA,"n"
40306,128,312,5,2010,2009,259.665486990002,16.6,NA,"n"
40307,129,313,5,2010,2009,239.843694090002,16.5,NA,"n"
40308,130,314,5,2010,2009,227.101112940002,16.3,NA,"n"
40309,131,315,5,2010,2009,221.720912010002,16,NA,"n"
40310,132,316,5,2010,2009,229.932797640002,16.5,NA,"n"
40311,133,317,5,2010,2009,222.287248950002,17.5,NA,"n"
40312,134,318,5,2010,2009,200.483276760002,18.7,NA,"n"
40313,135,319,5,2010,2009,188.590201020002,19.6,NA,"n"
40314,136,320,5,2010,2009,193.120896540002,19.9,NA,"n"
40315,137,321,5,2010,2009,202.465456050002,19.5,NA,"n"
40316,138,322,5,2010,2009,213.509026380002,18.1,NA,"n"
40317,139,323,5,2010,2009,223.703091300002,17.6,NA,"n"
40318,140,324,5,2010,2009,229.083292230002,17.2,NA,"n"
40319,141,325,5,2010,2009,229.932797640002,17.2,NA,"n"
40320,142,326,5,2010,2009,229.366460700002,16.8,NA,"n"
40321,143,327,5,2010,2009,221.154575070002,16.8,NA,"n"
40322,144,328,5,2010,2009,219.738732720002,16.6,NA,"n"
40323,145,329,5,2010,2009,216.340711080002,16.1,NA,"n"
40324,146,330,5,2010,2009,220.871406600002,16.1,NA,"n"
40325,147,331,5,2010,2009,252.869443710002,16,NA,"n"
40326,148,332,5,2010,2009,302.990262900003,15.6,NA,"n"
40327,149,333,5,2010,2009,342.633848700003,16.1,NA,"n"
40328,150,334,5,2010,2009,370.950695700003,17.1,NA,"n"
40329,151,335,5,2010,2009,399.267542700004,17.7,NA,"n"
40330,152,336,6,2010,2009,407.762596800004,18,NA,"n"
40331,153,337,6,2010,2009,396.435858000004,18.2,NA,"n"
40332,154,338,6,2010,2009,351.128902800003,19,NA,"n"
40333,155,339,6,2010,2009,387.940803900003,18.5,NA,"n"
40334,156,340,6,2010,2009,410.594281500004,17,NA,"n"
40335,157,341,6,2010,2009,421.921020300004,17.9,NA,"n"
40336,158,342,6,2010,2009,424.752705000004,17.8,NA,"n"
40337,159,343,6,2010,2009,416.257650900004,17.8,NA,"n"
40338,160,344,6,2010,2009,402.099227400004,18.2,NA,"n"
40339,161,345,6,2010,2009,365.287326300003,18.1,NA,"n"
40340,162,346,6,2010,2009,325.643740500003,18.6,NA,"n"
40341,163,347,6,2010,2009,297.326893500003,18.9,NA,"n"
40342,164,348,6,2010,2009,269.293214970002,19.8,NA,"n"
40343,165,349,6,2010,2009,266.744698740002,20.5,NA,"n"
40344,166,350,6,2010,2009,250.320927480002,20.6,NA,"n"
40345,167,351,6,2010,2009,222.570417420002,20.2,NA,"n"
40346,168,352,6,2010,2009,211.526847090002,19.9,NA,"n"
40347,169,353,6,2010,2009,203.881298400002,19.7,NA,"n"
40348,170,354,6,2010,2009,195.103075830002,19.4,NA,"n"
40349,171,355,6,2010,2009,189.722874900002,19.5,NA,"n"
40350,172,356,6,2010,2009,191.705054190002,20,NA,"n"
40351,173,357,6,2010,2009,199.916939820002,20.5,NA,"n"
40352,174,358,6,2010,2009,206.429814630002,21,NA,"n"
40353,175,359,6,2010,2009,209.544667800002,21.1,NA,"n"
40354,176,360,6,2010,2009,205.297140750002,21,NA,"n"
40355,177,361,6,2010,2009,192.271391130002,21.6,NA,"n"
40356,178,362,6,2010,2009,184.059505500002,22.1,NA,"n"
40357,179,363,6,2010,2009,184.342673970002,22.5,NA,"n"
40358,180,364,6,2010,2009,184.625842440002,22.5,NA,"n"
40359,181,365,6,2010,2009,191.138717250002,22.4,NA,"n"
40360,182,1,7,2010,2010,195.386244300002,21.7,NA,"n"
40361,183,2,7,2010,2010,190.289211840002,21.3,NA,"n"
40362,184,3,7,2010,2010,188.590201020002,21.1,NA,"n"
40363,185,4,7,2010,2010,182.077326210002,21,NA,"n"
40364,186,5,7,2010,2010,184.909010910002,21.2,NA,"n"
40365,187,6,7,2010,2010,184.909010910002,21.3,NA,"n"
40366,188,7,7,2010,2010,179.528809980002,21.4,NA,"n"
40367,189,8,7,2010,2010,174.148609050002,21.7,NA,"n"
40368,190,9,7,2010,2010,175.564451400002,21.9,NA,"n"
40369,191,10,7,2010,2010,180.944652330002,22.3,NA,"n"
40370,192,11,7,2010,2010,182.643663150002,22.3,NA,"n"
40371,193,12,7,2010,2010,183.776337030002,22.2,NA,"n"
40372,194,13,7,2010,2010,186.608021730002,21.9,NA,"n"
40373,195,14,7,2010,2010,184.342673970002,21.8,NA,"n"
40374,196,15,7,2010,2010,188.590201020002,22.1,NA,"n"
40375,197,16,7,2010,2010,186.324853260002,22.4,NA,"n"
40376,198,17,7,2010,2010,186.891190200002,22.4,NA,"n"
40377,199,18,7,2010,2010,185.192179380002,22.6,NA,"n"
40378,200,19,7,2010,2010,189.156537960002,22.6,NA,"n"
40379,201,20,7,2010,2010,193.404065010002,22.3,NA,"n"
40380,202,21,7,2010,2010,191.988222660002,21.8,NA,"n"
40381,203,22,7,2010,2010,188.873369490002,21.7,NA,"n"
40382,204,23,7,2010,2010,186.041684790002,21.8,NA,"n"
40383,205,24,7,2010,2010,186.891190200002,21.9,NA,"n"
40384,206,25,7,2010,2010,188.023864080002,21.7,NA,"n"
40385,207,26,7,2010,2010,186.891190200002,21.4,NA,"n"
40386,208,27,7,2010,2010,185.758516320002,21.1,NA,"n"
40387,209,28,7,2010,2010,185.758516320002,21,NA,"n"
40388,210,29,7,2010,2010,189.156537960002,21,NA,"n"
40389,211,30,7,2010,2010,189.722874900002,21,NA,"n"
40390,212,31,7,2010,2010,196.518918180002,20.9,NA,"n"
40391,213,32,8,2010,2010,198.217929000002,20.9,NA,"y"
40392,214,33,8,2010,2010,195.386244300002,20.8,NA,"y"
40393,215,34,8,2010,2010,197.368423590002,20.9,NA,"y"
40394,216,35,8,2010,2010,197.651592060002,20.8,NA,"y"
40395,217,36,8,2010,2010,198.501097470002,20.7,NA,"y"
40396,218,37,8,2010,2010,193.120896540002,20.8,NA,"y"
40397,219,38,8,2010,2010,189.439706430002,20.9,NA,"y"
40398,220,39,8,2010,2010,186.324853260002,20.9,NA,"y"
40399,221,40,8,2010,2010,182.360494680002,20.9,NA,"y"
40400,222,41,8,2010,2010,173.299103640002,20.8,NA,"y"
40401,223,42,8,2010,2010,173.015935170002,20.6,NA,"y"
40402,224,43,8,2010,2010,168.202071180001,20.7,NA,"y"
40403,225,44,8,2010,2010,161.122859430001,20.9,NA,"y"
40404,226,45,8,2010,2010,156.308995440001,21.1,NA,"y"
40405,227,46,8,2010,2010,153.477310740001,21.2,NA,"y"
40406,228,47,8,2010,2010,149.229783690001,21.6,NA,"y"
40407,229,48,8,2010,2010,147.247604400001,21.6,NA,"y"
40408,230,49,8,2010,2010,156.308995440001,21.4,NA,"y"
40409,231,50,8,2010,2010,168.202071180001,21.1,NA,"y"
40410,232,51,8,2010,2010,160.273354020001,21,NA,"y"
40411,233,52,8,2010,2010,146.681267460001,20.7,NA,"y"
40412,234,53,8,2010,2010,137.619876420001,20.5,NA,"y"
40413,235,54,8,2010,2010,137.619876420001,20.8,NA,"y"
40414,236,55,8,2010,2010,139.318887240001,21.2,NA,"y"
40415,237,56,8,2010,2010,141.867403470001,21.6,NA,"y"
40416,238,57,8,2010,2010,137.336707950001,21.6,NA,"y"
40417,239,58,8,2010,2010,138.186213360001,21.7,NA,"y"
40418,240,59,8,2010,2010,134.505023250001,20.9,NA,"y"
40419,241,60,8,2010,2010,133.655517840001,20.4,NA,"y"
40420,242,61,8,2010,2010,133.655517840001,19.9,NA,"y"
40421,243,62,8,2010,2010,142.433740410001,19.8,NA,"y"
40422,244,63,9,2010,2010,148.380278280001,20.1,NA,"y"
40423,245,64,9,2010,2010,148.946615220001,20.7,NA,"y"
40424,246,65,9,2010,2010,158.008006260001,21.1,NA,"y"
40425,247,66,9,2010,2010,159.423848610001,21.3,NA,"y"
40426,248,67,9,2010,2010,163.105038720001,21.3,NA,"y"
40427,249,68,9,2010,2010,167.352565770001,20.6,NA,"y"
40428,250,69,9,2010,2010,162.821870250001,20,NA,"y"
40429,251,70,9,2010,2010,159.140680140001,19.5,NA,"y"
40430,252,71,9,2010,2010,165.936723420001,19.1,NA,"y"
40431,253,72,9,2010,2010,176.413956810002,18.8,NA,"y"
40432,254,73,9,2010,2010,188.307032550002,18.9,NA,"y"
40433,255,74,9,2010,2010,196.235749710002,19.1,NA,"y"
40434,256,75,9,2010,2010,204.730803810002,19,NA,"y"
40435,257,76,9,2010,2010,209.544667800002,19,NA,"y"
40436,258,77,9,2010,2010,206.996151570002,19,NA,"y"
40437,259,78,9,2010,2010,202.182287580002,19.1,NA,"y"
40438,260,79,9,2010,2010,199.916939820002,19.3,NA,"y"
40439,261,80,9,2010,2010,201.899119110002,19.5,NA,"y"
40440,262,81,9,2010,2010,202.465456050002,19.4,NA,"y"
40441,263,82,9,2010,2010,202.182287580002,19.6,NA,"y"
40442,264,83,9,2010,2010,201.615950640002,19.4,NA,"y"
40443,265,84,9,2010,2010,201.615950640002,18.8,NA,"y"
40444,266,85,9,2010,2010,203.598129930002,18.2,NA,"y"
40445,267,86,9,2010,2010,201.332782170002,18.5,NA,"y"
40446,268,87,9,2010,2010,201.899119110002,18.6,NA,"y"
40447,269,88,9,2010,2010,197.934760530002,18.8,NA,"y"
40448,270,89,9,2010,2010,195.386244300002,19,NA,"y"
40449,271,90,9,2010,2010,192.554559600002,19.1,NA,"y"
40450,272,91,9,2010,2010,190.289211840002,19.2,NA,"y"
40451,273,92,9,2010,2010,190.289211840002,19.3,NA,"y"
40452,274,93,10,2010,2010,188.873369490002,19.2,TRUE,"y"
40453,275,94,10,2010,2010,185.192179380002,19.1,TRUE,"y"
40454,276,95,10,2010,2010,182.360494680002,18.8,TRUE,"y"
40455,277,96,10,2010,2010,180.661483860002,18.3,TRUE,"y"
40456,278,97,10,2010,2010,180.378315390002,17.5,TRUE,"y"
40457,279,98,10,2010,2010,181.227820800002,17.3,TRUE,"y"
40458,280,99,10,2010,2010,177.546630690002,17,TRUE,"y"
40459,281,100,10,2010,2010,178.112967630002,17.1,TRUE,"y"
40460,282,101,10,2010,2010,171.600092820002,17.3,TRUE,"y"
40461,283,102,10,2010,2010,165.653554950001,17.9,TRUE,"y"
40462,284,103,10,2010,2010,165.653554950001,17.9,TRUE,"y"
40463,285,104,10,2010,2010,164.520881070001,17.6,TRUE,"y"
40464,286,105,10,2010,2010,164.804049540001,17.7,TRUE,"y"
40465,287,106,10,2010,2010,161.972364840001,17.8,TRUE,"y"
40466,288,107,10,2010,2010,156.308995440001,18,TRUE,"y"
40467,289,108,10,2010,2010,153.760479210001,17.7,TRUE,"y"
40468,290,109,10,2010,2010,153.194142270001,17.1,TRUE,"y"
40469,291,110,10,2010,2010,151.211962980001,16,TRUE,"y"
40470,292,111,10,2010,2010,152.627805330001,16,TRUE,"y"
40471,293,112,10,2010,2010,152.910973800001,16.2,TRUE,"y"
40472,294,113,10,2010,2010,149.796120630001,16.1,TRUE,"y"
40473,295,114,10,2010,2010,150.079289100001,15.9,TRUE,"y"
40474,296,115,10,2010,2010,150.079289100001,15.7,TRUE,"y"
40475,297,116,10,2010,2010,151.211962980001,14.7,TRUE,"y"
40476,298,117,10,2010,2010,173.582272110002,14.5,TRUE,"y"
40477,299,118,10,2010,2010,288.831839400003,14.1,TRUE,"y"
40478,300,119,10,2010,2010,259.382318520002,13.5,TRUE,"y"
40479,301,120,10,2010,2010,203.031792990002,13.4,TRUE,"y"
40480,302,121,10,2010,2010,181.510989270002,13.1,TRUE,"y"
40481,303,122,10,2010,2010,182.926831620002,13,TRUE,"y"
40482,304,123,10,2010,2010,195.952581240002,13.3,TRUE,"y"
40483,305,124,11,2010,2010,190.572380310002,14.1,TRUE,"y"
40484,306,125,11,2010,2010,182.360494680002,14.4,TRUE,"y"
40485,307,126,11,2010,2010,183.210000090002,14.5,TRUE,"y"
40486,308,127,11,2010,2010,176.130788340002,14.8,TRUE,"y"
40487,309,128,11,2010,2010,167.918902710002,15,TRUE,"y"
40488,310,129,11,2010,2010,162.821870250001,15.1,TRUE,"y"
40489,311,130,11,2010,2010,162.538701780001,14.8,TRUE,"y"
40490,312,131,11,2010,2010,161.689196370001,14.3,TRUE,"y"
40491,313,132,11,2010,2010,173.299103640002,13.7,TRUE,"y"
40492,314,133,11,2010,2010,178.962473040002,12.7,TRUE,"y"
40493,315,134,11,2010,2010,166.786228830001,12,TRUE,"y"
40494,316,135,11,2010,2010,160.556522490001,11.9,TRUE,"y"
40495,317,136,11,2010,2010,153.477310740001,11.7,TRUE,"y"
40496,318,137,11,2010,2010,149.512952160001,12.2,TRUE,"y"
40497,319,138,11,2010,2010,149.229783690001,13.1,TRUE,"y"
40498,320,139,11,2010,2010,148.946615220001,13.4,TRUE,"y"
40499,321,140,11,2010,2010,146.681267460001,13.4,TRUE,"y"
40500,322,141,11,2010,2010,150.362457570001,13,TRUE,"y"
40501,323,142,11,2010,2010,152.344636860001,12.5,TRUE,"y"
40502,324,143,11,2010,2010,164.237712600001,11.9,TRUE,"y"
40503,325,144,11,2010,2010,174.998114460002,11,TRUE,"y"
40504,326,145,11,2010,2010,184.342673970002,10.4,TRUE,"y"
40505,327,146,11,2010,2010,203.314961460002,10.6,TRUE,"y"
40506,328,147,11,2010,2010,205.297140750002,10,TRUE,"y"
40507,329,148,11,2010,2010,212.376352500002,9.1,TRUE,"y"
40508,330,149,11,2010,2010,201.615950640002,8.4,TRUE,"y"
40509,331,150,11,2010,2010,188.590201020002,8.4,TRUE,"y"
40510,332,151,11,2010,2010,186.324853260002,8.6,TRUE,"y"
40511,333,152,11,2010,2010,193.970401950002,8.4,TRUE,"y"
40512,334,153,11,2010,2010,192.271391130002,8.4,TRUE,"y"
40513,335,154,12,2010,2010,186.891190200002,8.6,TRUE,"y"
40514,336,155,12,2010,2010,182.926831620002,9.1,TRUE,"y"
40515,337,156,12,2010,2010,183.776337030002,9.7,TRUE,"y"
40516,338,157,12,2010,2010,193.404065010002,10.3,TRUE,"y"
40517,339,158,12,2010,2010,223.986259770002,10.9,TRUE,"y"
40518,340,159,12,2010,2010,242.675378790002,11.4,TRUE,"y"
40519,341,160,12,2010,2010,399.267542700004,11.7,TRUE,"y"
40520,342,161,12,2010,2010,478.554714300004,11.3,TRUE,"y"
40521,343,162,12,2010,2010,404.930912100004,11.1,TRUE,"y"
40522,344,163,12,2010,2010,376.614065100003,11.6,TRUE,"y"
40523,345,164,12,2010,2010,402.099227400004,11.8,TRUE,"y"
40524,346,165,12,2010,2010,390.772488600003,11.8,TRUE,"y"
40525,347,166,12,2010,2010,368.119011000003,11.9,TRUE,"y"
40526,348,167,12,2010,2010,345.465533400003,11.7,TRUE,"y"
40527,349,168,12,2010,2010,362.455641600003,11.4,TRUE,"y"
40528,350,169,12,2010,2010,543.683462400005,10.8,TRUE,"y"
40529,351,170,12,2010,2010,566.336940000005,10,TRUE,"y"
40530,352,171,12,2010,2010,540.851777700005,9.8,TRUE,"y"
40531,353,172,12,2010,2010,580.495363500005,10.5,TRUE,"y"
40532,354,173,12,2010,2010,682.436012700006,10.6,TRUE,"y"
40533,355,174,12,2010,2010,699.426120900006,10.2,TRUE,"y"
40534,356,175,12,2010,2010,679.604328000006,10.2,TRUE,"y"
40535,357,176,12,2010,2010,693.762751500006,10.6,TRUE,"y"
40536,358,177,12,2010,2010,705.089490300006,10.5,TRUE,"y"
40537,359,178,12,2010,2010,671.109273900006,10.5,TRUE,"y"
40538,360,179,12,2010,2010,642.792426900006,10.5,TRUE,"y"
40539,361,180,12,2010,2010,696.594436200006,10.4,TRUE,"y"
40540,362,181,12,2010,2010,688.099382100006,10,TRUE,"y"
40541,363,182,12,2010,2010,662.614219800006,10,TRUE,"y"
40542,364,183,12,2010,2010,727.742967900007,10,TRUE,"y"
40543,365,184,12,2010,2010,730.574652600007,9,TRUE,"y"
40544,1,185,1,2011,2010,707.921175000006,8.3,TRUE,"y"
40545,2,186,1,2011,2010,685.267697400006,8.3,TRUE,"y"
40546,3,187,1,2011,2010,671.109273900006,8.6,TRUE,"y"
40547,4,188,1,2011,2010,656.950850400006,8.8,TRUE,"y"
40548,5,189,1,2011,2010,634.297372800006,8.8,TRUE,"y"
40549,6,190,1,2011,2010,603.148841100005,8.8,TRUE,"y"
40550,7,191,1,2011,2010,574.831994100005,8.7,TRUE,"y"
40551,8,192,1,2011,2010,532.356723600005,8.7,TRUE,"y"
40552,9,193,1,2011,2010,504.039876600005,8.4,TRUE,"y"
40553,10,194,1,2011,2010,487.049768400004,8.3,TRUE,"y"
40554,11,195,1,2011,2010,453.069552000004,8.2,TRUE,"y"
40555,12,196,1,2011,2010,419.089335600004,8.4,TRUE,"y"
40556,13,197,1,2011,2010,396.435858000004,8.9,TRUE,"y"
40557,14,198,1,2011,2010,402.099227400004,9.5,TRUE,"y"
40558,15,199,1,2011,2010,455.901236700004,9.9,TRUE,"y"
40559,16,200,1,2011,2010,438.911128500004,9.9,TRUE,"y"
40560,17,201,1,2011,2010,404.930912100004,10.3,TRUE,"y"
40561,18,202,1,2011,2010,396.435858000004,10.7,TRUE,"y"
40562,19,203,1,2011,2010,399.267542700004,10.6,TRUE,"y"
40563,20,204,1,2011,2010,385.109119200003,10.5,TRUE,"y"
40564,21,205,1,2011,2010,370.950695700003,10.3,TRUE,"y"
40565,22,206,1,2011,2010,359.623956900003,10.2,TRUE,"y"
40566,23,207,1,2011,2010,348.297218100003,10.2,TRUE,"y"
40567,24,208,1,2011,2010,334.138794600003,10.3,TRUE,"y"
40568,25,209,1,2011,2010,319.980371100003,10.3,TRUE,"y"
40569,26,210,1,2011,2010,300.158578200003,10.3,TRUE,"y"
40570,27,211,1,2011,2010,286.000154700003,10.3,TRUE,"y"
40571,28,212,1,2011,2010,278.071437540002,10.3,TRUE,"y"
40572,29,213,1,2011,2010,275.806089780002,10.3,TRUE,"y"
40573,30,214,1,2011,2010,270.992225790002,10,TRUE,"y"
40574,31,215,1,2011,2010,266.178361800002,10,TRUE,"y"
40575,32,216,2,2011,2010,264.479350980002,10.1,TRUE,"n"
40576,33,217,2,2011,2010,261.647666280002,9.9,TRUE,"n"
40577,34,218,2,2011,2010,255.984296880002,9.9,TRUE,"n"
40578,35,219,2,2011,2010,248.905085130002,9.9,TRUE,"n"
40579,36,220,2,2011,2010,242.109041850002,10.4,TRUE,"n"
40580,37,221,2,2011,2010,236.445672450002,11.4,TRUE,"n"
40581,38,222,2,2011,2010,231.914976930002,12.2,TRUE,"n"
40582,39,223,2,2011,2010,225.685270590002,11.7,TRUE,"n"
40583,40,224,2,2011,2010,223.419922830002,11,TRUE,"n"
40584,41,225,2,2011,2010,219.172395780002,10.5,TRUE,"n"
40585,42,226,2,2011,2010,216.340711080002,10.5,TRUE,"n"
40586,43,227,2,2011,2010,213.225857910002,10.9,TRUE,"n"
40587,44,228,2,2011,2010,211.810015560002,11.3,TRUE,"n"
40588,45,229,2,2011,2010,209.544667800002,11.1,TRUE,"n"
40589,46,230,2,2011,2010,211.526847090002,10.9,TRUE,"n"
40590,47,231,2,2011,2010,223.419922830002,10.8,TRUE,"n"
40591,48,232,2,2011,2010,382.277434500003,10.3,TRUE,"n"
40592,49,233,2,2011,2010,458.732921400004,8.9,TRUE,"n"
40593,50,234,2,2011,2010,552.178516500005,7.9,TRUE,"n"
40594,51,235,2,2011,2010,555.010201200005,7.8,TRUE,"n"
40595,52,236,2,2011,2010,504.039876600005,8.6,TRUE,"n"
40596,53,237,2,2011,2010,413.425966200004,9.1,TRUE,"n"
40597,54,238,2,2011,2010,356.792272200003,9.7,TRUE,"n"
40598,55,239,2,2011,2010,325.643740500003,9.6,TRUE,"n"
40599,56,240,2,2011,2010,311.485317000003,9.5,TRUE,"n"
40600,57,241,2,2011,2010,342.633848700003,9.2,TRUE,"n"
40601,58,242,2,2011,2010,413.425966200004,8.9,TRUE,"n"
40602,59,243,2,2011,2010,379.445749800003,8.9,TRUE,"n"
40603,60,244,3,2011,2010,336.970479300003,9.7,TRUE,"n"
40604,61,245,3,2011,2010,314.317001700003,10.4,TRUE,"n"
40605,62,246,3,2011,2010,328.475425200003,10.8,TRUE,"n"
40606,63,247,3,2011,2010,438.911128500004,11,TRUE,"n"
40607,64,248,3,2011,2010,438.911128500004,11.2,TRUE,"n"
40608,65,249,3,2011,2010,385.109119200003,11.6,TRUE,"n"
40609,66,250,3,2011,2010,413.425966200004,11.7,TRUE,"n"
40610,67,251,3,2011,2010,540.851777700005,11.6,TRUE,"n"
40611,68,252,3,2011,2010,498.376507200004,11.8,TRUE,"n"
40612,69,253,3,2011,2010,430.416074400004,12.7,TRUE,"n"
40613,70,254,3,2011,2010,390.772488600003,13.1,TRUE,"n"
40614,71,255,3,2011,2010,385.109119200003,13.2,TRUE,"n"
40615,72,256,3,2011,2010,382.277434500003,12.8,TRUE,"n"
40616,73,257,3,2011,2010,362.455641600003,12.5,TRUE,"n"
40617,74,258,3,2011,2010,370.950695700003,12.3,TRUE,"n"
40618,75,259,3,2011,2010,441.742813200004,12.2,TRUE,"n"
40619,76,260,3,2011,2010,668.277589200006,11.6,TRUE,"n"
40620,77,261,3,2011,2010,736.238022000007,10.7,TRUE,"n"
40621,78,262,3,2011,2010,744.733076100007,9.9,TRUE,"n"
40622,79,263,3,2011,2010,758.891499600007,9.1,TRUE,"n"
40623,80,264,3,2011,2010,773.049923100007,9.4,TRUE,"n"
40624,81,265,3,2011,2010,784.376661900007,9.9,TRUE,"n"
40625,82,266,3,2011,2010,787.208346600007,10.1,TRUE,"n"
40626,83,267,3,2011,2010,784.376661900007,10,TRUE,"n"
40627,84,268,3,2011,2010,787.208346600007,9.6,TRUE,"n"
40628,85,269,3,2011,2010,787.208346600007,9.5,TRUE,"n"
40629,86,270,3,2011,2010,778.713292500007,9.6,TRUE,"n"
40630,87,271,3,2011,2010,781.544977200007,10.1,TRUE,"n"
40631,88,272,3,2011,2010,778.713292500007,10.6,TRUE,"n"
40632,89,273,3,2011,2010,773.049923100007,11.3,TRUE,"n"
40633,90,274,3,2011,2010,770.218238400007,11.7,TRUE,"n"
40634,91,275,4,2011,2010,767.386553700007,12,TRUE,"n"
40635,92,276,4,2011,2010,767.386553700007,12.2,TRUE,"n"
40636,93,277,4,2011,2010,767.386553700007,12,TRUE,"n"
40637,94,278,4,2011,2010,761.723184300007,11.6,TRUE,"n"
40638,95,279,4,2011,2010,753.228130200007,12,TRUE,"n"
40639,96,280,4,2011,2010,741.901391400007,12.2,TRUE,"n"
40640,97,281,4,2011,2010,730.574652600007,12.2,TRUE,"n"
40641,98,282,4,2011,2010,716.416229100006,11.9,TRUE,"n"
40642,99,283,4,2011,2010,702.257805600006,11.5,TRUE,"n"
40643,100,284,4,2011,2010,676.772643300006,11.5,TRUE,"n"
40644,101,285,4,2011,2010,654.119165700006,12.3,TRUE,"n"
40645,102,286,4,2011,2010,622.970634000006,13.1,TRUE,"n"
40646,103,287,4,2011,2010,572.000309400005,13.8,TRUE,"n"
40647,104,288,4,2011,2010,526.693354200005,13.5,TRUE,"n"
40648,105,289,4,2011,2010,487.049768400004,13.8,TRUE,"n"
40649,106,290,4,2011,2010,447.406182600004,14.6,TRUE,"n"
40650,107,291,4,2011,2010,421.921020300004,15.6,TRUE,"n"
40651,108,292,4,2011,2010,413.425966200004,15.8,TRUE,"n"
40652,109,293,4,2011,2010,433.247759100004,15.8,TRUE,"n"
40653,110,294,4,2011,2010,461.564606100004,15.3,TRUE,"n"
40654,111,295,4,2011,2010,450.237867300004,15.5,TRUE,"n"
40655,112,296,4,2011,2010,453.069552000004,15.3,TRUE,"n"
40656,113,297,4,2011,2010,467.227975500004,14.5,TRUE,"n"
40657,114,298,4,2011,2010,424.752705000004,15.3,TRUE,"n"
40658,115,299,4,2011,2010,399.267542700004,15.5,TRUE,"n"
40659,116,300,4,2011,2010,399.267542700004,15.5,TRUE,"n"
40660,117,301,4,2011,2010,390.772488600003,15.6,TRUE,"n"
40661,118,302,4,2011,2010,362.455641600003,16,TRUE,"n"
40662,119,303,4,2011,2010,325.643740500003,15.7,TRUE,"n"
40663,120,304,4,2011,2010,300.158578200003,15.2,TRUE,"n"
40664,121,305,5,2011,2010,286.000154700003,15.4,TRUE,"n"
40665,122,306,5,2011,2010,266.461530270002,16.1,TRUE,"n"
40666,123,307,5,2011,2010,239.843694090002,16.9,TRUE,"n"
40667,124,308,5,2011,2010,223.986259770002,17.5,TRUE,"n"
40668,125,309,5,2011,2010,229.083292230002,18.2,TRUE,"n"
40669,126,310,5,2011,2010,235.879335510002,18.9,TRUE,"n"
40670,127,311,5,2011,2010,237.861514800002,18.8,TRUE,"n"
40671,128,312,5,2011,2010,236.728840920002,18.4,TRUE,"n"
40672,129,313,5,2011,2010,242.109041850002,17.8,TRUE,"n"
40673,130,314,5,2011,2010,249.188253600002,17.2,TRUE,"n"
40674,131,315,5,2011,2010,241.259536440002,17.3,TRUE,"n"
40675,132,316,5,2011,2010,230.499134580002,17.7,TRUE,"n"
40676,133,317,5,2011,2010,222.287248950002,18,TRUE,"n"
40677,134,318,5,2011,2010,220.021901190002,18,TRUE,"n"
40678,135,319,5,2011,2010,225.118933650002,17.3,TRUE,"n"
40679,136,320,5,2011,2010,232.481313870002,15.9,TRUE,"n"
40680,137,321,5,2011,2010,248.905085130002,15.1,TRUE,"n"
40681,138,322,5,2011,2010,272.691236610002,14.3,TRUE,"n"
40682,139,323,5,2011,2010,399.267542700004,14.2,TRUE,"n"
40683,140,324,5,2011,2010,404.930912100004,15.9,TRUE,"n"
40684,141,325,5,2011,2010,362.455641600003,18,TRUE,"n"
40685,142,326,5,2011,2010,342.633848700003,18.9,TRUE,"n"
40686,143,327,5,2011,2010,328.475425200003,19.2,TRUE,"n"
40687,144,328,5,2011,2010,322.812055800003,19.1,TRUE,"n"
40688,145,329,5,2011,2010,328.475425200003,18.3,TRUE,"n"
40689,146,330,5,2011,2010,348.297218100003,16.6,TRUE,"n"
40690,147,331,5,2011,2010,382.277434500003,16,TRUE,"n"
40691,148,332,5,2011,2010,387.940803900003,15.6,TRUE,"n"
40692,149,333,5,2011,2010,393.604173300004,15.5,TRUE,"n"
40693,150,334,5,2011,2010,402.099227400004,15.6,TRUE,"n"
40694,151,335,5,2011,2010,399.267542700004,15.5,TRUE,"n"
40695,152,336,6,2011,2010,393.604173300004,15,TRUE,"n"
40696,153,337,6,2011,2010,402.099227400004,15.3,TRUE,"n"
40697,154,338,6,2011,2010,419.089335600004,14.7,TRUE,"n"
40698,155,339,6,2011,2010,444.574497900004,14.3,TRUE,"n"
40699,156,340,6,2011,2010,467.227975500004,14.1,TRUE,"n"
40700,157,341,6,2011,2010,574.831994100005,14.2,TRUE,"n"
40701,158,342,6,2011,2010,648.455796300006,14.6,TRUE,"n"
40702,159,343,6,2011,2010,665.445904500006,15.6,TRUE,"n"
40703,160,344,6,2011,2010,648.455796300006,17,TRUE,"n"
40704,161,345,6,2011,2010,580.495363500005,17.9,TRUE,"n"
40705,162,346,6,2011,2010,492.713137800004,18.4,TRUE,"n"
40706,163,347,6,2011,2010,421.921020300004,18.8,TRUE,"n"
40707,164,348,6,2011,2010,370.950695700003,19.4,TRUE,"n"
40708,165,349,6,2011,2010,336.970479300003,20.1,TRUE,"n"
40709,166,350,6,2011,2010,322.812055800003,21,TRUE,"n"
40710,167,351,6,2011,2010,314.317001700003,20.6,TRUE,"n"
40711,168,352,6,2011,2010,314.317001700003,19.9,TRUE,"n"
40712,169,353,6,2011,2010,302.990262900003,19.6,TRUE,"n"
40713,170,354,6,2011,2010,291.663524100003,19.8,TRUE,"n"
40714,171,355,6,2011,2010,283.168470000003,20,TRUE,"n"
40715,172,356,6,2011,2010,282.885301530003,20.6,TRUE,"n"
40716,173,357,6,2011,2010,279.204111420003,21.5,TRUE,"n"
40717,174,358,6,2011,2010,274.107078960002,21.6,TRUE,"n"
40718,175,359,6,2011,2010,264.196182510002,21.4,TRUE,"n"
40719,176,360,6,2011,2010,252.586275240002,21.3,TRUE,"n"
40720,177,361,6,2011,2010,231.631808460002,21.3,TRUE,"n"
40721,178,362,6,2011,2010,238.711020210002,21.3,TRUE,"n"
40722,179,363,6,2011,2010,242.958547260002,20.7,TRUE,"n"
40723,180,364,6,2011,2010,255.134791470002,18.8,TRUE,"n"
40724,181,365,6,2011,2010,288.831839400003,19,TRUE,"n"
40725,182,1,7,2011,2011,322.812055800003,19.2,TRUE,"n"
40726,183,2,7,2011,2011,328.475425200003,20.3,TRUE,"n"
40727,184,3,7,2011,2011,322.812055800003,21.1,TRUE,"n"
40728,185,4,7,2011,2011,305.821947600003,21.5,TRUE,"n"
40729,186,5,7,2011,2011,294.495208800003,21.7,TRUE,"n"
40730,187,6,7,2011,2011,283.168470000003,21.8,TRUE,"n"
40731,188,7,7,2011,2011,276.938763660002,22,TRUE,"n"
40732,189,8,7,2011,2011,266.461530270002,21.3,TRUE,"n"
40733,190,9,7,2011,2011,250.604095950002,21.5,TRUE,"n"
40734,191,10,7,2011,2011,240.693199500002,21.1,TRUE,"n"
40735,192,11,7,2011,2011,226.251607530002,20.9,TRUE,"n"
40736,193,12,7,2011,2011,220.871406600002,20.6,TRUE,"n"
40737,194,13,7,2011,2011,224.552596710002,20.2,TRUE,"n"
40738,195,14,7,2011,2011,225.685270590002,19.7,TRUE,"n"
40739,196,15,7,2011,2011,225.968439060002,19.6,TRUE,"n"
40740,197,16,7,2011,2011,227.101112940002,19.7,TRUE,"n"
40741,198,17,7,2011,2011,228.800123760002,19.5,TRUE,"n"
40742,199,18,7,2011,2011,227.384281410002,19.8,TRUE,"n"
40743,200,19,7,2011,2011,229.932797640002,20.1,TRUE,"n"
40744,201,20,7,2011,2011,228.233786820002,20,TRUE,"n"
40745,202,21,7,2011,2011,223.986259770002,19.9,TRUE,"n"
40746,203,22,7,2011,2011,215.491205670002,20.7,TRUE,"n"
40747,204,23,7,2011,2011,214.641700260002,21.1,TRUE,"n"
40748,205,24,7,2011,2011,215.208037200002,21.1,TRUE,"n"
40749,206,25,7,2011,2011,215.491205670002,20.8,TRUE,"n"
40750,207,26,7,2011,2011,217.190216490002,20.9,TRUE,"n"
40751,208,27,7,2011,2011,212.659520970002,20.9,TRUE,"n"
40752,209,28,7,2011,2011,206.996151570002,20.8,TRUE,"n"
40753,210,29,7,2011,2011,201.899119110002,21,TRUE,"n"
40754,211,30,7,2011,2011,202.182287580002,21,TRUE,"n"
40755,212,31,7,2011,2011,208.695162390002,21.2,TRUE,"n"
40756,213,32,8,2011,2011,214.641700260002,21.1,TRUE,"y"
40757,214,33,8,2011,2011,212.376352500002,21.2,TRUE,"y"
40758,215,34,8,2011,2011,209.261499330002,21.2,TRUE,"y"
40759,216,35,8,2011,2011,205.297140750002,20.9,TRUE,"y"
40760,217,36,8,2011,2011,211.243678620002,20.5,TRUE,"y"
40761,218,37,8,2011,2011,215.208037200002,20.6,TRUE,"y"
40762,219,38,8,2011,2011,225.685270590002,20.6,TRUE,"y"
40763,220,39,8,2011,2011,221.154575070002,20.6,TRUE,"y"
40764,221,40,8,2011,2011,213.225857910002,20.8,TRUE,"y"
40765,222,41,8,2011,2011,211.243678620002,20.8,TRUE,"y"
40766,223,42,8,2011,2011,210.960510150002,20.6,TRUE,"y"
40767,224,43,8,2011,2011,208.978330860002,20.8,TRUE,"y"
40768,225,44,8,2011,2011,206.996151570002,21.1,TRUE,"y"
40769,226,45,8,2011,2011,212.093184030002,20.9,TRUE,"y"
40770,227,46,8,2011,2011,208.695162390002,20.7,TRUE,"y"
40771,228,47,8,2011,2011,207.562488510002,20.7,TRUE,"y"
40772,229,48,8,2011,2011,205.863477690002,20.6,TRUE,"y"
40773,230,49,8,2011,2011,211.243678620002,20.6,TRUE,"y"
40774,231,50,8,2011,2011,206.146646160002,20.5,TRUE,"y"
40775,232,51,8,2011,2011,201.615950640002,20.5,TRUE,"y"
40776,233,52,8,2011,2011,205.297140750002,20.5,TRUE,"y"
40777,234,53,8,2011,2011,206.429814630002,20.5,TRUE,"y"
40778,235,54,8,2011,2011,208.695162390002,20.6,TRUE,"y"
40779,236,55,8,2011,2011,210.111004740002,20.7,TRUE,"y"
40780,237,56,8,2011,2011,212.659520970002,20.6,TRUE,"y"
40781,238,57,8,2011,2011,218.039721900002,20.9,TRUE,"y"
40782,239,58,8,2011,2011,223.419922830002,20.9,TRUE,"y"
40783,240,59,8,2011,2011,225.968439060002,21.1,TRUE,"y"
40784,241,60,8,2011,2011,229.649629170002,21.1,TRUE,"y"
40785,242,61,8,2011,2011,228.233786820002,21,TRUE,"y"
40786,243,62,8,2011,2011,231.631808460002,20.8,TRUE,"y"
40787,244,63,9,2011,2011,235.029830100002,20.8,TRUE,"y"
40788,245,64,9,2011,2011,246.922905840002,20.7,TRUE,"y"
40789,246,65,9,2011,2011,251.736769830002,20.5,TRUE,"y"
40790,247,66,9,2011,2011,247.772411250002,20.7,TRUE,"y"
40791,248,67,9,2011,2011,246.639737370002,20.5,TRUE,"y"
40792,249,68,9,2011,2011,250.320927480002,20.4,TRUE,"y"
40793,250,69,9,2011,2011,252.303106770002,20.4,TRUE,"y"
40794,251,70,9,2011,2011,252.303106770002,20.2,TRUE,"y"
40795,252,71,9,2011,2011,259.099150050002,20.3,TRUE,"y"
40796,253,72,9,2011,2011,264.196182510002,20.3,TRUE,"y"
40797,254,73,9,2011,2011,263.913014040002,20.4,TRUE,"y"
40798,255,74,9,2011,2011,268.160541090002,20.6,TRUE,"y"
40799,256,75,9,2011,2011,264.762519450002,20.6,TRUE,"y"
40800,257,76,9,2011,2011,267.027867210002,20.9,TRUE,"y"
40801,258,77,9,2011,2011,277.221932130002,20.8,TRUE,"y"
40802,259,78,9,2011,2011,276.938763660002,20.4,TRUE,"y"
40803,260,79,9,2011,2011,271.275394260002,20,TRUE,"y"
40804,261,80,9,2011,2011,266.461530270002,19.9,TRUE,"y"
40805,262,81,9,2011,2011,269.010046500002,19.7,TRUE,"y"
40806,263,82,9,2011,2011,267.311035680002,19.6,TRUE,"y"
40807,264,83,9,2011,2011,265.328856390002,19.8,TRUE,"y"
40808,265,84,9,2011,2011,266.178361800002,19.7,TRUE,"y"
40809,266,85,9,2011,2011,262.780340160002,19.4,TRUE,"y"
40810,267,86,9,2011,2011,261.081329340002,19.3,TRUE,"y"
40811,268,87,9,2011,2011,255.134791470002,19.1,TRUE,"y"
40812,269,88,9,2011,2011,249.471422070002,18.4,TRUE,"y"
40813,270,89,9,2011,2011,247.772411250002,18.3,TRUE,"y"
40814,271,90,9,2011,2011,252.586275240002,18.3,TRUE,"y"
40815,272,91,9,2011,2011,253.718949120002,18.7,TRUE,"y"
40816,273,92,9,2011,2011,255.417959940002,18.6,TRUE,"y"
40817,274,93,10,2011,2011,258.249644640002,18.5,TRUE,"y"
40818,275,94,10,2011,2011,256.550633820002,18,TRUE,"y"
40819,276,95,10,2011,2011,254.851623000002,17.6,TRUE,"y"
40820,277,96,10,2011,2011,253.435780650002,16.7,TRUE,"y"
40821,278,97,10,2011,2011,252.303106770002,15.7,TRUE,"y"
40822,279,98,10,2011,2011,264.762519450002,15,TRUE,"y"
40823,280,99,10,2011,2011,280.619953770002,14.5,TRUE,"y"
40824,281,100,10,2011,2011,278.920942950002,14.9,TRUE,"y"
40825,282,101,10,2011,2011,272.408068140002,15.6,TRUE,"y"
40826,283,102,10,2011,2011,271.558562730002,15.8,TRUE,"y"
40827,284,103,10,2011,2011,273.823910490002,15.8,TRUE,"y"
40828,285,104,10,2011,2011,280.903122240003,16.1,TRUE,"y"
40829,286,105,10,2011,2011,280.619953770002,16,TRUE,"y"
40830,287,106,10,2011,2011,272.691236610002,16.1,TRUE,"y"
40831,288,107,10,2011,2011,272.124899670002,16.1,TRUE,"y"
40832,289,108,10,2011,2011,269.859551910002,16.3,TRUE,"y"
40833,290,109,10,2011,2011,253.152612180002,16.4,TRUE,"y"
40834,291,110,10,2011,2011,226.251607530002,16.6,TRUE,"y"
40835,292,111,10,2011,2011,210.960510150002,17,TRUE,"y"
40836,293,112,10,2011,2011,203.881298400002,17.1,TRUE,"y"
40837,294,113,10,2011,2011,198.217929000002,17,TRUE,"y"
40838,295,114,10,2011,2011,204.730803810002,16.8,TRUE,"y"
40839,296,115,10,2011,2011,210.111004740002,16.5,TRUE,"y"
40840,297,116,10,2011,2011,209.827836270002,16,TRUE,"y"
40841,298,117,10,2011,2011,207.845656980002,15.7,TRUE,"y"
40842,299,118,10,2011,2011,203.314961460002,15.1,TRUE,"y"
40843,300,119,10,2011,2011,198.501097470002,14,TRUE,"y"
40844,301,120,10,2011,2011,195.386244300002,13.4,TRUE,"y"
40845,302,121,10,2011,2011,190.572380310002,13.1,TRUE,"y"
40846,303,122,10,2011,2011,187.740695610002,13.4,TRUE,"y"
40847,304,123,10,2011,2011,186.891190200002,13.8,TRUE,"y"
40848,305,124,11,2011,2011,182.360494680002,13.5,TRUE,"y"
40849,306,125,11,2011,2011,178.679304570002,12.7,TRUE,"y"
40850,307,126,11,2011,2011,178.679304570002,12.3,TRUE,"y"
40851,308,127,11,2011,2011,176.697125280002,11.4,TRUE,"y"
40852,309,128,11,2011,2011,174.431777520002,11,TRUE,"y"
40853,310,129,11,2011,2011,175.281282930002,10.6,TRUE,"y"
40854,311,130,11,2011,2011,173.015935170002,10.4,TRUE,"y"
40855,312,131,11,2011,2011,169.617913530002,10.4,TRUE,"y"
40856,313,132,11,2011,2011,166.219891890001,10.7,TRUE,"y"
40857,314,133,11,2011,2011,163.388207190001,10.7,TRUE,"y"
40858,315,134,11,2011,2011,163.388207190001,10.5,TRUE,"y"
40859,316,135,11,2011,2011,165.370386480001,11,TRUE,"y"
40860,317,136,11,2011,2011,168.485239650002,11.5,TRUE,"y"
40861,318,137,11,2011,2011,174.431777520002,11.9,TRUE,"y"
40862,319,138,11,2011,2011,174.714945990002,12.3,TRUE,"y"
40863,320,139,11,2011,2011,176.130788340002,12.3,TRUE,"y"
40864,321,140,11,2011,2011,176.697125280002,12.3,TRUE,"y"
40865,322,141,11,2011,2011,178.396136100002,11.8,TRUE,"y"
40866,323,142,11,2011,2011,180.378315390002,11.3,TRUE,"y"
40867,324,143,11,2011,2011,186.891190200002,11,TRUE,"y"
40868,325,144,11,2011,2011,196.802086650002,11,TRUE,"y"
40869,326,145,11,2011,2011,199.067434410002,10.7,TRUE,"y"
40870,327,146,11,2011,2011,203.314961460002,10.8,TRUE,"y"
40871,328,147,11,2011,2011,212.942689440002,10.9,TRUE,"y"
40872,329,148,11,2011,2011,227.101112940002,11.2,TRUE,"y"
40873,330,149,11,2011,2011,241.825873380002,11.1,TRUE,"y"
40874,331,150,11,2011,2011,236.728840920002,11.4,TRUE,"y"
40875,332,151,11,2011,2011,229.649629170002,11.3,TRUE,"y"
40876,333,152,11,2011,2011,211.526847090002,11.1,TRUE,"y"
40877,334,153,11,2011,2011,203.314961460002,11.3,TRUE,"y"
40878,335,154,12,2011,2011,197.651592060002,10.9,TRUE,"y"
40879,336,155,12,2011,2011,195.669412770002,10,TRUE,"y"
40880,337,156,12,2011,2011,193.120896540002,9.6,TRUE,"y"
40881,338,157,12,2011,2011,188.023864080002,9.2,TRUE,"y"
40882,339,158,12,2011,2011,181.227820800002,9,TRUE,"y"
40883,340,159,12,2011,2011,173.865440580002,8.9,TRUE,"y"
40884,341,160,12,2011,2011,168.485239650002,8.9,TRUE,"y"
40885,342,161,12,2011,2011,163.954544130001,9.1,TRUE,"y"
40886,343,162,12,2011,2011,158.008006260001,9,TRUE,"y"
40887,344,163,12,2011,2011,154.326816150001,8.8,TRUE,"y"
40888,345,164,12,2011,2011,154.326816150001,8.8,TRUE,"y"
40889,346,165,12,2011,2011,156.308995440001,8.8,TRUE,"y"
40890,347,166,12,2011,2011,158.291174730001,8.6,TRUE,"y"
40891,348,167,12,2011,2011,158.857511670001,8.5,TRUE,"y"
40892,349,168,12,2011,2011,160.556522490001,8.8,TRUE,"y"
40893,350,169,12,2011,2011,164.804049540001,9,TRUE,"y"
40894,351,170,12,2011,2011,167.352565770001,9.1,TRUE,"y"
40895,352,171,12,2011,2011,169.051576590002,9.2,TRUE,"y"
40896,353,172,12,2011,2011,168.202071180001,9.3,TRUE,"y"
40897,354,173,12,2011,2011,166.786228830001,9.1,TRUE,"y"
40898,355,174,12,2011,2011,164.804049540001,9.2,TRUE,"y"
40899,356,175,12,2011,2011,161.972364840001,8.8,TRUE,"y"
40900,357,176,12,2011,2011,159.423848610001,8.2,TRUE,"y"
40901,358,177,12,2011,2011,158.574343200001,7.9,TRUE,"y"
40902,359,178,12,2011,2011,158.008006260001,7.6,TRUE,"y"
40903,360,179,12,2011,2011,158.008006260001,7.6,TRUE,"y"
40904,361,180,12,2011,2011,158.291174730001,8,TRUE,"y"
40905,362,181,12,2011,2011,158.291174730001,8.6,TRUE,"y"
40906,363,182,12,2011,2011,158.008006260001,9.1,TRUE,"y"
40907,364,183,12,2011,2011,157.724837790001,9.6,TRUE,"y"
40908,365,184,12,2011,2011,156.308995440001,9.9,TRUE,"y"
40909,1,185,1,2012,2011,156.308995440001,10,TRUE,"y"
40910,2,186,1,2012,2011,157.158500850001,9.8,TRUE,"y"
40911,3,187,1,2012,2011,156.875332380001,9.8,TRUE,"y"
40912,4,188,1,2012,2011,156.025826970001,9.9,TRUE,"y"
40913,5,189,1,2012,2011,152.910973800001,10,TRUE,"y"
40914,6,190,1,2012,2011,149.229783690001,10,TRUE,"y"
40915,7,191,1,2012,2011,148.097109810001,9.9,TRUE,"y"
40916,8,192,1,2012,2011,150.928794510001,9.6,TRUE,"y"
40917,9,193,1,2012,2011,164.520881070001,9.6,TRUE,"y"
40918,10,194,1,2012,2011,169.901082000002,9.6,TRUE,"y"
40919,11,195,1,2012,2011,168.768408120002,9.6,TRUE,"y"
40920,12,196,1,2012,2011,168.485239650002,9.5,TRUE,"y"
40921,13,197,1,2012,2011,166.786228830001,9.4,TRUE,"y"
40922,14,198,1,2012,2011,165.653554950001,9.5,TRUE,"y"
40923,15,199,1,2012,2011,162.821870250001,9.5,TRUE,"y"
40924,16,200,1,2012,2011,162.821870250001,9.2,TRUE,"y"
40925,17,201,1,2012,2011,167.918902710002,8.6,TRUE,"y"
40926,18,202,1,2012,2011,166.786228830001,8.1,TRUE,"y"
40927,19,203,1,2012,2011,169.051576590002,7.9,TRUE,"y"
40928,20,204,1,2012,2011,172.449598230002,8,TRUE,"y"
40929,21,205,1,2012,2011,193.687233480002,8.8,TRUE,"y"
40930,22,206,1,2012,2011,407.762596800004,9.2,TRUE,"y"
40931,23,207,1,2012,2011,430.416074400004,8.9,TRUE,"y"
40932,24,208,1,2012,2011,552.178516500005,8.4,TRUE,"y"
40933,25,209,1,2012,2011,529.525038900005,8.5,TRUE,"y"
40934,26,210,1,2012,2011,365.287326300003,9.6,TRUE,"y"
40935,27,211,1,2012,2011,317.148686400003,10,TRUE,"y"
40936,28,212,1,2012,2011,317.148686400003,10.3,TRUE,"y"
40937,29,213,1,2012,2011,302.990262900003,10.2,TRUE,"y"
40938,30,214,1,2012,2011,277.221932130002,10.4,TRUE,"y"
40939,31,215,1,2012,2011,259.665486990002,10.9,TRUE,"y"
40940,32,216,2,2012,2011,246.356568900002,11,TRUE,"n"
40941,33,217,2,2012,2011,237.295177860002,11.3,TRUE,"n"
40942,34,218,2,2012,2011,227.384281410002,11.4,TRUE,"n"
40943,35,219,2,2012,2011,215.208037200002,11.3,TRUE,"n"
40944,36,220,2,2012,2011,206.712983100002,11.5,TRUE,"n"
40945,37,221,2,2012,2011,200.483276760002,11.4,TRUE,"n"
40946,38,222,2,2012,2011,196.235749710002,11.5,TRUE,"n"
40947,39,223,2,2012,2011,194.536738890002,12,TRUE,"n"
40948,40,224,2,2012,2011,191.705054190002,12.6,TRUE,"n"
40949,41,225,2,2012,2011,192.271391130002,12.9,TRUE,"n"
40950,42,226,2,2012,2011,199.350602880002,13.4,TRUE,"n"
40951,43,227,2,2012,2011,199.916939820002,13.5,TRUE,"n"
40952,44,228,2,2012,2011,198.217929000002,13.2,TRUE,"n"
40953,45,229,2,2012,2011,201.615950640002,12.9,TRUE,"n"
40954,46,230,2,2012,2011,214.641700260002,12.5,TRUE,"n"
40955,47,231,2,2012,2011,204.164466870002,11.8,NA,"n"
40956,48,232,2,2012,2011,195.103075830002,10.9,TRUE,"n"
40957,49,233,2,2012,2011,191.421885720002,11,TRUE,"n"
40958,50,234,2,2012,2011,186.608021730002,10.9,TRUE,"n"
40959,51,235,2,2012,2011,180.944652330002,10.9,TRUE,"n"
40960,52,236,2,2012,2011,177.546630690002,11.3,TRUE,"n"
40961,53,237,2,2012,2011,174.148609050002,12,TRUE,"n"
40962,54,238,2,2012,2011,168.202071180001,12.2,TRUE,"n"
40963,55,239,2,2012,2011,172.449598230002,12.3,TRUE,"n"
40964,56,240,2,2012,2011,174.714945990002,12.4,TRUE,"n"
40965,57,241,2,2012,2011,175.564451400002,11.9,TRUE,"n"
40966,58,242,2,2012,2011,173.865440580002,11.1,TRUE,"n"
40967,59,243,2,2012,2011,172.732766700002,10.8,TRUE,"n"
40968,60,244,2,2012,2011,168.768408120002,10.4,TRUE,"n"
40969,61,245,3,2012,2011,170.467418940002,10.5,TRUE,"n"
40970,62,246,3,2012,2011,175.281282930002,10.9,TRUE,"n"
40971,63,247,3,2012,2011,178.112967630002,11.1,TRUE,"n"
40972,64,248,3,2012,2011,174.148609050002,11.9,TRUE,"n"
40973,65,249,3,2012,2011,167.635734240001,13.1,TRUE,"n"
40974,66,250,3,2012,2011,164.804049540001,12.8,TRUE,"n"
40975,67,251,3,2012,2011,161.972364840001,12.5,TRUE,"n"
40976,68,252,3,2012,2011,157.158500850001,12.1,TRUE,"n"
40977,69,253,3,2012,2011,150.362457570001,12.6,TRUE,"n"
40978,70,254,3,2012,2011,150.079289100001,13,TRUE,"n"
40979,71,255,3,2012,2011,155.176321560001,12.8,TRUE,"n"
40980,72,256,3,2012,2011,154.326816150001,12.7,TRUE,"n"
40981,73,257,3,2012,2011,161.689196370001,12.5,TRUE,"n"
40982,74,258,3,2012,2011,178.679304570002,12.3,TRUE,"n"
40983,75,259,3,2012,2011,280.336785300002,12.2,TRUE,"n"
40984,76,260,3,2012,2011,438.911128500004,11.8,TRUE,"n"
40985,77,261,3,2012,2011,475.723029600004,11.8,TRUE,"n"
40986,78,262,3,2012,2011,549.346831800005,11.4,TRUE,"n"
40987,79,263,3,2012,2011,475.723029600004,11,TRUE,"n"
40988,80,264,3,2012,2011,376.614065100003,10.9,TRUE,"n"
40989,81,265,3,2012,2011,308.653632300003,11.8,TRUE,"n"
40990,82,266,3,2012,2011,270.425888850002,12.6,TRUE,"n"
40991,83,267,3,2012,2011,254.002117590002,12.6,TRUE,"n"
40992,84,268,3,2012,2011,265.895193330002,12.4,TRUE,"n"
40993,85,269,3,2012,2011,276.655595190002,11.8,TRUE,"n"
40994,86,270,3,2012,2011,266.744698740002,11.6,TRUE,"n"
40995,87,271,3,2012,2011,297.326893500003,11.3,TRUE,"n"
40996,88,272,3,2012,2011,308.653632300003,11.4,TRUE,"n"
40997,89,273,3,2012,2011,603.148841100005,11.3,TRUE,"n"
40998,90,274,3,2012,2011,645.624111600006,11.3,TRUE,"n"
40999,91,275,3,2012,2011,515.366615400005,12.4,TRUE,"n"
41000,92,276,4,2012,2011,506.871561300005,12.3,TRUE,"n"
41001,93,277,4,2012,2011,555.010201200005,12.1,TRUE,"n"
41002,94,278,4,2012,2011,487.049768400004,12.7,TRUE,"n"
41003,95,279,4,2012,2011,407.762596800004,13.4,TRUE,"n"
41004,96,280,4,2012,2011,362.455641600003,13.6,TRUE,"n"
41005,97,281,4,2012,2011,342.633848700003,13.5,TRUE,"n"
41006,98,282,4,2012,2011,314.317001700003,13.4,TRUE,"n"
41007,99,283,4,2012,2011,288.831839400003,13.4,TRUE,"n"
41008,100,284,4,2012,2011,274.107078960002,13.7,TRUE,"n"
41009,101,285,4,2012,2011,261.364497810002,13.7,TRUE,"n"
41010,102,286,4,2012,2011,251.453601360002,13.8,TRUE,"n"
41011,103,287,4,2012,2011,274.107078960002,14,TRUE,"n"
41012,104,288,4,2012,2011,368.119011000003,13.6,TRUE,"n"
41013,105,289,4,2012,2011,413.425966200004,13,TRUE,"n"
41014,106,290,4,2012,2011,472.891344900004,13.1,TRUE,"n"
41015,107,291,4,2012,2011,416.257650900004,14.4,TRUE,"n"
41016,108,292,4,2012,2011,353.960587500003,15.8,TRUE,"n"
41017,109,293,4,2012,2011,322.812055800003,16.2,TRUE,"n"
41018,110,294,4,2012,2011,317.148686400003,17,TRUE,"n"
41019,111,295,4,2012,2011,308.653632300003,17.9,TRUE,"n"
41020,112,296,4,2012,2011,302.990262900003,19.2,TRUE,"n"
41021,113,297,4,2012,2011,302.990262900003,20.2,TRUE,"n"
41022,114,298,4,2012,2011,311.485317000003,20.3,TRUE,"n"
41023,115,299,4,2012,2011,314.317001700003,20.1,TRUE,"n"
41024,116,300,4,2012,2011,311.485317000003,19.7,TRUE,"n"
41025,117,301,4,2012,2011,305.821947600003,19,TRUE,"n"
41026,118,302,4,2012,2011,308.653632300003,17.9,TRUE,"n"
41027,119,303,4,2012,2011,342.633848700003,16.9,TRUE,"n"
41028,120,304,4,2012,2011,319.980371100003,17.3,TRUE,"n"
41029,121,305,4,2012,2011,286.000154700003,18.2,TRUE,"n"
41030,122,306,5,2012,2011,261.647666280002,18.5,TRUE,"n"
41031,123,307,5,2012,2011,233.613987750002,18.6,TRUE,"n"
41032,124,308,5,2012,2011,203.314961460002,18.2,TRUE,"n"
41033,125,309,5,2012,2011,178.679304570002,17.9,TRUE,"n"
41034,126,310,5,2012,2011,166.786228830001,17.6,TRUE,"n"
41035,127,311,5,2012,2011,161.972364840001,17.5,TRUE,"n"
41036,128,312,5,2012,2011,144.699088170001,18.4,TRUE,"n"
41037,129,313,5,2012,2011,130.257496200001,19.7,TRUE,"n"
41038,130,314,5,2012,2011,119.213925870001,20.9,TRUE,"n"
41039,131,315,5,2012,2011,129.691159260001,20.7,TRUE,"n"
41040,132,316,5,2012,2011,136.770371010001,20.1,TRUE,"n"
41041,133,317,5,2012,2011,136.204034070001,20.3,TRUE,"n"
41042,134,318,5,2012,2011,139.035718770001,20.3,TRUE,"n"
41043,135,319,5,2012,2011,140.734729590001,19.8,TRUE,"n"
41044,136,320,5,2012,2011,140.734729590001,20.1,TRUE,"n"
41045,137,321,5,2012,2011,142.716908880001,20.7,TRUE,"n"
41046,138,322,5,2012,2011,143.566414290001,20.4,TRUE,"n"
41047,139,323,5,2012,2011,142.716908880001,20.3,TRUE,"n"
41048,140,324,5,2012,2011,153.477310740001,20,TRUE,"n"
41049,141,325,5,2012,2011,163.105038720001,20.2,TRUE,"n"
41050,142,326,5,2012,2011,168.768408120002,20,TRUE,"n"
41051,143,327,5,2012,2011,167.918902710002,20.5,TRUE,"n"
41052,144,328,5,2012,2011,175.847619870002,20.4,TRUE,"n"
41053,145,329,5,2012,2011,183.776337030002,20,TRUE,"n"
41054,146,330,5,2012,2011,185.192179380002,19.2,TRUE,"n"
41055,147,331,5,2012,2011,176.413956810002,18.5,TRUE,"n"
41056,148,332,5,2012,2011,172.449598230002,18.3,TRUE,"n"
41057,149,333,5,2012,2011,174.148609050002,18.6,TRUE,"n"
41058,150,334,5,2012,2011,177.829799160002,19.3,TRUE,"n"
41059,151,335,5,2012,2011,169.051576590002,20.1,TRUE,"n"
41060,152,336,5,2012,2011,163.671375660001,21,TRUE,"n"
41061,153,337,6,2012,2011,163.954544130001,21.9,TRUE,"n"
41062,154,338,6,2012,2011,161.972364840001,22.3,TRUE,"n"
41063,155,339,6,2012,2011,160.556522490001,22.1,TRUE,"n"
41064,156,340,6,2012,2011,157.724837790001,21.6,TRUE,"n"
41065,157,341,6,2012,2011,173.582272110002,19.7,TRUE,"n"
41066,158,342,6,2012,2011,201.899119110002,18.8,TRUE,"n"
41067,159,343,6,2012,2011,212.376352500002,18.3,TRUE,"n"
41068,160,344,6,2012,2011,211.526847090002,19.3,TRUE,"n"
41069,161,345,6,2012,2011,204.164466870002,19,TRUE,"n"
41070,162,346,6,2012,2011,194.819907360002,18.3,TRUE,"n"
41071,163,347,6,2012,2011,186.041684790002,19.2,TRUE,"n"
41072,164,348,6,2012,2011,174.148609050002,20.4,TRUE,"n"
41073,165,349,6,2012,2011,159.707017080001,21.3,TRUE,"n"
41074,166,350,6,2012,2011,144.699088170001,21.9,TRUE,"n"
41075,167,351,6,2012,2011,139.318887240001,22.1,TRUE,"n"
41076,168,352,6,2012,2011,148.663446750001,22,TRUE,"n"
41077,169,353,6,2012,2011,152.910973800001,21.9,TRUE,"n"
41078,170,354,6,2012,2011,169.617913530002,21.7,TRUE,"n"
41079,171,355,6,2012,2011,176.697125280002,21.5,TRUE,"n"
41080,172,356,6,2012,2011,174.148609050002,21.2,TRUE,"n"
41081,173,357,6,2012,2011,167.069397300001,21,TRUE,"n"
41082,174,358,6,2012,2011,164.804049540001,20.1,TRUE,"n"
41083,175,359,6,2012,2011,169.051576590002,18.8,TRUE,"n"
41084,176,360,6,2012,2011,182.077326210002,18.2,TRUE,"n"
41085,177,361,6,2012,2011,189.722874900002,18,TRUE,"n"
41086,178,362,6,2012,2011,214.075363320002,18.4,TRUE,"n"
41087,179,363,6,2012,2011,233.047650810002,18.9,TRUE,"n"
41088,180,364,6,2012,2011,232.481313870002,19.1,TRUE,"n"
41089,181,365,6,2012,2011,227.101112940002,19.6,TRUE,"n"
41090,182,366,6,2012,2011,221.437743540002,20.3,TRUE,"n"
41091,183,1,7,2012,2012,220.305069660002,20.8,TRUE,"n"
41092,184,2,7,2012,2012,222.287248950002,21.1,TRUE,"n"
41093,185,3,7,2012,2012,225.118933650002,21.3,TRUE,"n"
41094,186,4,7,2012,2012,225.968439060002,21,TRUE,"n"
41095,187,5,7,2012,2012,224.269428240002,20.5,TRUE,"n"
41096,188,6,7,2012,2012,223.986259770002,20.2,TRUE,"n"
41097,189,7,7,2012,2012,225.685270590002,20.4,TRUE,"n"
41098,190,8,7,2012,2012,225.118933650002,20.6,TRUE,"n"
41099,191,9,7,2012,2012,229.649629170002,20.4,TRUE,"n"
41100,192,10,7,2012,2012,231.631808460002,20.6,TRUE,"n"
41101,193,11,7,2012,2012,234.180324690002,20.3,TRUE,"n"
41102,194,12,7,2012,2012,235.029830100002,20.5,TRUE,"n"
41103,195,13,7,2012,2012,231.348639990002,20.2,TRUE,"n"
41104,196,14,7,2012,2012,227.101112940002,20,TRUE,"n"
41105,197,15,7,2012,2012,227.950618350002,20.4,TRUE,"n"
41106,198,16,7,2012,2012,231.631808460002,20.1,TRUE,"n"
41107,199,17,7,2012,2012,237.861514800002,19.2,TRUE,"n"
41108,200,18,7,2012,2012,241.825873380002,18.7,TRUE,"n"
41109,201,19,7,2012,2012,236.728840920002,19.2,TRUE,"n"
41110,202,20,7,2012,2012,237.578346330002,19.3,TRUE,"n"
41111,203,21,7,2012,2012,237.578346330002,20,TRUE,"n"
41112,204,22,7,2012,2012,239.277357150002,20.5,TRUE,"n"
41113,205,23,7,2012,2012,244.091221140002,20.6,TRUE,"n"
41114,206,24,7,2012,2012,242.958547260002,20.7,TRUE,"n"
41115,207,25,7,2012,2012,241.542704910002,20.6,TRUE,"n"
41116,208,26,7,2012,2012,239.560525620002,20.6,TRUE,"n"
41117,209,27,7,2012,2012,239.277357150002,19.9,TRUE,"n"
41118,210,28,7,2012,2012,239.277357150002,20.1,TRUE,"n"
41119,211,29,7,2012,2012,240.976367970002,20.4,TRUE,"n"
41120,212,30,7,2012,2012,242.958547260002,20.5,TRUE,"n"
41121,213,31,7,2012,2012,242.958547260002,20.6,TRUE,"n"
41122,214,32,8,2012,2012,242.958547260002,20.6,TRUE,"y"
41123,215,33,8,2012,2012,242.675378790002,20.8,TRUE,"y"
41124,216,34,8,2012,2012,244.940726550002,20.7,TRUE,"y"
41125,217,35,8,2012,2012,245.790231960002,20.3,TRUE,"y"
41126,218,36,8,2012,2012,246.073400430002,20.3,TRUE,"y"
41127,219,37,8,2012,2012,250.037759010002,20.4,TRUE,"y"
41128,220,38,8,2012,2012,252.019938300002,20.6,TRUE,"y"
41129,221,39,8,2012,2012,252.019938300002,20.5,TRUE,"y"
41130,222,40,8,2012,2012,249.471422070002,20.6,TRUE,"y"
41131,223,41,8,2012,2012,235.879335510002,20.8,TRUE,"y"
41132,224,42,8,2012,2012,229.083292230002,21,TRUE,"y"
41133,225,43,8,2012,2012,218.889227310002,21.1,TRUE,"y"
41134,226,44,8,2012,2012,214.358531790002,21.2,TRUE,"y"
41135,227,45,8,2012,2012,204.447635340002,21.2,TRUE,"y"
41136,228,46,8,2012,2012,193.120896540002,21.2,TRUE,"y"
41137,229,47,8,2012,2012,186.891190200002,21.1,TRUE,"y"
41138,230,48,8,2012,2012,188.023864080002,21,TRUE,"y"
41139,231,49,8,2012,2012,183.210000090002,21,TRUE,"y"
41140,232,50,8,2012,2012,182.926831620002,21,TRUE,"y"
41141,233,51,8,2012,2012,192.271391130002,21,TRUE,"y"
41142,234,52,8,2012,2012,193.970401950002,20.7,TRUE,"y"
41143,235,53,8,2012,2012,188.590201020002,20.5,TRUE,"y"
41144,236,54,8,2012,2012,190.006043370002,20.3,TRUE,"y"
41145,237,55,8,2012,2012,189.722874900002,19.9,TRUE,"y"
41146,238,56,8,2012,2012,182.643663150002,19.7,TRUE,"y"
41147,239,57,8,2012,2012,180.944652330002,19.5,TRUE,"y"
41148,240,58,8,2012,2012,180.378315390002,19.2,TRUE,"y"
41149,241,59,8,2012,2012,180.661483860002,19.4,TRUE,"y"
41150,242,60,8,2012,2012,186.324853260002,19.5,TRUE,"y"
41151,243,61,8,2012,2012,193.404065010002,19.3,TRUE,"y"
41152,244,62,8,2012,2012,196.802086650002,19,TRUE,"y"
41153,245,63,9,2012,2012,192.837728070002,18.6,TRUE,"y"
41154,246,64,9,2012,2012,193.120896540002,18.7,TRUE,"y"
41155,247,65,9,2012,2012,196.802086650002,19,TRUE,"y"
41156,248,66,9,2012,2012,203.031792990002,19,TRUE,"y"
41157,249,67,9,2012,2012,202.465456050002,18.8,TRUE,"y"
41158,250,68,9,2012,2012,203.314961460002,18.7,TRUE,"y"
41159,251,69,9,2012,2012,202.748624520002,19,TRUE,"y"
41160,252,70,9,2012,2012,199.633771350002,19.4,TRUE,"y"
41161,253,71,9,2012,2012,203.598129930002,19.6,TRUE,"y"
41162,254,72,9,2012,2012,207.562488510002,19.5,TRUE,"y"
41163,255,73,9,2012,2012,201.899119110002,19.6,TRUE,"y"
41164,256,74,9,2012,2012,198.217929000002,19.8,TRUE,"y"
41165,257,75,9,2012,2012,199.633771350002,20,TRUE,"y"
41166,258,76,9,2012,2012,193.970401950002,20.2,TRUE,"y"
41167,259,77,9,2012,2012,188.873369490002,20.3,TRUE,"y"
41168,260,78,9,2012,2012,187.740695610002,20.4,TRUE,"y"
41169,261,79,9,2012,2012,188.873369490002,20.3,TRUE,"y"
41170,262,80,9,2012,2012,188.590201020002,19.9,TRUE,"y"
41171,263,81,9,2012,2012,184.909010910002,19.8,TRUE,"y"
41172,264,82,9,2012,2012,188.307032550002,19.6,TRUE,"y"
41173,265,83,9,2012,2012,188.590201020002,19.6,TRUE,"y"
41174,266,84,9,2012,2012,188.023864080002,19.4,TRUE,"y"
41175,267,85,9,2012,2012,183.493168560002,19.3,TRUE,"y"
41176,268,86,9,2012,2012,180.661483860002,19.3,TRUE,"y"
41177,269,87,9,2012,2012,179.528809980002,19.2,TRUE,"y"
41178,270,88,9,2012,2012,180.944652330002,19.2,TRUE,"y"
41179,271,89,9,2012,2012,182.643663150002,19.2,TRUE,"y"
41180,272,90,9,2012,2012,177.546630690002,19.3,TRUE,"y"
41181,273,91,9,2012,2012,171.316924350002,19.3,TRUE,"y"
41182,274,92,9,2012,2012,169.051576590002,19.4,TRUE,"y"
41183,275,93,10,2012,2012,169.617913530002,19.3,TRUE,"y"
41184,276,94,10,2012,2012,169.901082000002,19.3,TRUE,"y"
41185,277,95,10,2012,2012,169.051576590002,19.2,TRUE,"y"
41186,278,96,10,2012,2012,167.635734240001,19,TRUE,"y"
41187,279,97,10,2012,2012,167.352565770001,18.6,TRUE,"y"
41188,280,98,10,2012,2012,163.954544130001,18.3,TRUE,"y"
41189,281,99,10,2012,2012,161.689196370001,18.1,TRUE,"y"
41190,282,100,10,2012,2012,162.821870250001,17.8,TRUE,"y"
41191,283,101,10,2012,2012,163.105038720001,17.6,TRUE,"y"
41192,284,102,10,2012,2012,158.857511670001,17.5,TRUE,"y"
41193,285,103,10,2012,2012,154.893153090001,17.3,TRUE,"y"
41194,286,104,10,2012,2012,152.344636860001,17,TRUE,"y"
41195,287,105,10,2012,2012,152.061468390001,16.3,TRUE,"y"
41196,288,106,10,2012,2012,151.211962980001,16.7,TRUE,"y"
41197,289,107,10,2012,2012,148.946615220001,17.1,TRUE,"y"
41198,290,108,10,2012,2012,148.097109810001,17.5,TRUE,"y"
41199,291,109,10,2012,2012,145.831762050001,17.3,TRUE,"y"
41200,292,110,10,2012,2012,138.186213360001,17.1,TRUE,"y"
41201,293,111,10,2012,2012,134.505023250001,17.2,TRUE,"y"
41202,294,112,10,2012,2012,133.655517840001,17.2,TRUE,"y"
41203,295,113,10,2012,2012,138.752550300001,17.1,TRUE,"y"
41204,296,114,10,2012,2012,144.132751230001,16.4,TRUE,"y"
41205,297,115,10,2012,2012,150.928794510001,15.5,TRUE,"y"
41206,298,116,10,2012,2012,158.857511670001,14.3,TRUE,"y"
41207,299,117,10,2012,2012,166.219891890001,13.8,TRUE,"y"
41208,300,118,10,2012,2012,161.972364840001,13.6,TRUE,"y"
41209,301,119,10,2012,2012,158.857511670001,14.2,TRUE,"y"
41210,302,120,10,2012,2012,153.477310740001,15,TRUE,"y"
41211,303,121,10,2012,2012,150.362457570001,15.5,TRUE,"y"
41212,304,122,10,2012,2012,148.380278280001,15.8,TRUE,"y"
41213,305,123,10,2012,2012,142.433740410001,15.6,TRUE,"y"
41214,306,124,11,2012,2012,137.903044890001,15.1,TRUE,"y"
41215,307,125,11,2012,2012,140.451561120001,15,TRUE,"y"
41216,308,126,11,2012,2012,148.380278280001,14.9,TRUE,"y"
41217,309,127,11,2012,2012,148.097109810001,15.1,TRUE,"y"
41218,310,128,11,2012,2012,147.813941340001,15.3,TRUE,"y"
41219,311,129,11,2012,2012,142.716908880001,15.4,TRUE,"y"
41220,312,130,11,2012,2012,134.505023250001,NA,NA,"y"
41221,313,131,11,2012,2012,132.806012430001,NA,NA,"y"
41222,314,132,11,2012,2012,124.877295270001,NA,NA,"y"
41223,315,133,11,2012,2012,121.479273630001,NA,NA,"y"
41224,316,134,11,2012,2012,118.647588930001,NA,NA,"y"
41225,317,135,11,2012,2012,117.514915050001,NA,NA,"y"
41226,318,136,11,2012,2012,116.099072700001,NA,NA,"y"
41227,319,137,11,2012,2012,116.099072700001,11.9,NA,"y"
41228,320,138,11,2012,2012,118.364420460001,12.4,TRUE,"y"
41229,321,139,11,2012,2012,121.479273630001,12.5,TRUE,"y"
41230,322,140,11,2012,2012,127.708979970001,13,TRUE,"y"
41231,323,141,11,2012,2012,154.326816150001,13.1,TRUE,"y"
41232,324,142,11,2012,2012,215.774374140002,12.9,TRUE,"y"
41233,325,143,11,2012,2012,225.402102120002,12.7,TRUE,"y"
41234,326,144,11,2012,2012,192.271391130002,12.9,TRUE,"y"
41235,327,145,11,2012,2012,227.950618350002,12.9,TRUE,"y"
41236,328,146,11,2012,2012,300.158578200003,12.5,TRUE,"y"
41237,329,147,11,2012,2012,240.126862560002,12.1,TRUE,"y"
41238,330,148,11,2012,2012,197.934760530002,12,TRUE,"y"
41239,331,149,11,2012,2012,178.962473040002,11.9,TRUE,"y"
41240,332,150,11,2012,2012,169.617913530002,11.7,TRUE,"y"
41241,333,151,11,2012,2012,170.467418940002,11.5,TRUE,"y"
41242,334,152,11,2012,2012,184.059505500002,11.7,TRUE,"y"
41243,335,153,11,2012,2012,221.720912010002,12.1,TRUE,"y"
41244,336,154,12,2012,2012,521.029984800005,12.5,TRUE,"y"
41245,337,155,12,2012,2012,656.950850400006,12.6,TRUE,"y"
41246,338,156,12,2012,2012,722.079598500006,12.6,TRUE,"y"
41247,339,157,12,2012,2012,750.396445500007,12.2,TRUE,"y"
41248,340,158,12,2012,2012,688.099382100006,11.4,TRUE,"y"
41249,341,159,12,2012,2012,719.247913800006,11.1,TRUE,"y"
41250,342,160,12,2012,2012,727.742967900007,11.3,TRUE,"y"
41251,343,161,12,2012,2012,668.277589200006,11.3,TRUE,"y"
41252,344,162,12,2012,2012,588.990417600005,10.8,TRUE,"y"
41253,345,163,12,2012,2012,509.703246000005,10.2,TRUE,"y"
41254,346,164,12,2012,2012,438.911128500004,10.2,TRUE,"y"
41255,347,165,12,2012,2012,373.782380400003,10.2,TRUE,"y"
41256,348,166,12,2012,2012,331.307109900003,10.1,TRUE,"y"
41257,349,167,12,2012,2012,319.980371100003,9.8,TRUE,"y"
41258,350,168,12,2012,2012,294.495208800003,9.2,TRUE,"y"
41259,351,169,12,2012,2012,275.239752840002,8.5,TRUE,"y"
41260,352,170,12,2012,2012,275.239752840002,8.7,TRUE,"y"
41261,353,171,12,2012,2012,348.297218100003,8.6,TRUE,"y"
41262,354,172,12,2012,2012,396.435858000004,8.1,TRUE,"y"
41263,355,173,12,2012,2012,345.465533400003,7.3,TRUE,"y"
41264,356,174,12,2012,2012,314.317001700003,7.1,TRUE,"y"
41265,357,175,12,2012,2012,552.178516500005,7,TRUE,"y"
41266,358,176,12,2012,2012,744.733076100007,6.8,TRUE,"y"
41267,359,177,12,2012,2012,750.396445500007,7.9,TRUE,"y"
41268,360,178,12,2012,2012,761.723184300007,8,TRUE,"y"
41269,361,179,12,2012,2012,727.742967900007,7.6,TRUE,"y"
41270,362,180,12,2012,2012,727.742967900007,7.4,TRUE,"y"
41271,363,181,12,2012,2012,713.584544400006,7.1,TRUE,"y"
41272,364,182,12,2012,2012,659.782535100006,7.1,TRUE,"y"
41273,365,183,12,2012,2012,583.327048200005,7.3,TRUE,"y"
41274,366,184,12,2012,2012,515.366615400005,7.2,TRUE,"y"
41275,1,185,1,2013,2012,453.069552000004,7.1,TRUE,"y"
41276,2,186,1,2013,2012,396.435858000004,7,TRUE,"y"
41277,3,187,1,2013,2012,359.623956900003,6.8,TRUE,"y"
41278,4,188,1,2013,2012,339.802164000003,6.9,TRUE,"y"
41279,5,189,1,2013,2012,322.812055800003,6.9,TRUE,"y"
41280,6,190,1,2013,2012,311.485317000003,7.5,TRUE,"y"
41281,7,191,1,2013,2012,302.990262900003,7.9,TRUE,"y"
41282,8,192,1,2013,2012,300.158578200003,8.1,TRUE,"y"
41283,9,193,1,2013,2012,300.158578200003,8.2,TRUE,"y"
41284,10,194,1,2013,2012,300.158578200003,8.2,TRUE,"y"
41285,11,195,1,2013,2012,302.990262900003,7.9,TRUE,"y"
41286,12,196,1,2013,2012,302.990262900003,7.5,TRUE,"y"
41287,13,197,1,2013,2012,294.495208800003,6.9,TRUE,"y"
41288,14,198,1,2013,2012,286.000154700003,6.3,TRUE,"y"
41289,15,199,1,2013,2012,276.655595190002,6,TRUE,"y"
41290,16,200,1,2013,2012,269.293214970002,6.2,TRUE,"y"
41291,17,201,1,2013,2012,264.196182510002,6.6,TRUE,"y"
41292,18,202,1,2013,2012,260.231823930002,7,TRUE,"y"
41293,19,203,1,2013,2012,248.338748190002,7.5,TRUE,"y"
41294,20,204,1,2013,2012,240.693199500002,8,TRUE,"y"
41295,21,205,1,2013,2012,239.843694090002,8.2,TRUE,"y"
41296,22,206,1,2013,2012,241.259536440002,8.2,TRUE,"y"
41297,23,207,1,2013,2012,240.126862560002,8.3,TRUE,"y"
41298,24,208,1,2013,2012,242.675378790002,8.6,TRUE,"y"
41299,25,209,1,2013,2012,259.099150050002,9.5,TRUE,"y"
41300,26,210,1,2013,2012,302.990262900003,10,TRUE,"y"
41301,27,211,1,2013,2012,311.485317000003,10,TRUE,"y"
41302,28,212,1,2013,2012,311.485317000003,9.7,TRUE,"y"
41303,29,213,1,2013,2012,302.990262900003,9.5,TRUE,"y"
41304,30,214,1,2013,2012,288.831839400003,9.3,TRUE,"y"
41305,31,215,1,2013,2012,281.469459180003,9.5,TRUE,"y"
41306,32,216,2,2013,2012,281.469459180003,9.8,TRUE,"n"
41307,33,217,2,2013,2012,277.788269070002,9.9,TRUE,"n"
41308,34,218,2,2013,2012,270.709057320002,10.1,TRUE,"n"
41309,35,219,2,2013,2012,268.443709560002,10.2,TRUE,"n"
41310,36,220,2,2013,2012,266.461530270002,10.2,TRUE,"n"
41311,37,221,2,2013,2012,261.364497810002,10.2,TRUE,"n"
41312,38,222,2,2013,2012,255.701128410002,10.4,TRUE,"n"
41313,39,223,2,2013,2012,251.170432890002,10.3,TRUE,"n"
41314,40,224,2,2013,2012,252.019938300002,9.8,TRUE,"n"
41315,41,225,2,2013,2012,254.285286060002,9.6,TRUE,"n"
41316,42,226,2,2013,2012,247.489242780002,9.8,TRUE,"n"
41317,43,227,2,2013,2012,240.976367970002,10,TRUE,"n"
41318,44,228,2,2013,2012,227.384281410002,10.4,TRUE,"n"
41319,45,229,2,2013,2012,215.774374140002,11,TRUE,"n"
41320,46,230,2,2013,2012,207.562488510002,11.4,TRUE,"n"
41321,47,231,2,2013,2012,202.182287580002,11.8,TRUE,"n"
41322,48,232,2,2013,2012,202.465456050002,12.1,TRUE,"n"
41323,49,233,2,2013,2012,203.314961460002,11.8,TRUE,"n"
41324,50,234,2,2013,2012,199.916939820002,11.4,TRUE,"n"
41325,51,235,2,2013,2012,198.501097470002,10.5,TRUE,"n"
41326,52,236,2,2013,2012,199.350602880002,10.2,TRUE,"n"
41327,53,237,2,2013,2012,199.067434410002,10.5,TRUE,"n"
41328,54,238,2,2013,2012,196.802086650002,10.9,TRUE,"n"
41329,55,239,2,2013,2012,191.421885720002,10.7,TRUE,"n"
41330,56,240,2,2013,2012,188.023864080002,11,TRUE,"n"
41331,57,241,2,2013,2012,186.324853260002,11.2,TRUE,"n"
41332,58,242,2,2013,2012,184.342673970002,11.5,TRUE,"n"
41333,59,243,2,2013,2012,181.794157740002,12.3,TRUE,"n"
41334,60,244,3,2013,2012,179.528809980002,13,TRUE,"n"
41335,61,245,3,2013,2012,177.546630690002,13.4,TRUE,"n"
41336,62,246,3,2013,2012,179.811978450002,13.8,TRUE,"n"
41337,63,247,3,2013,2012,177.829799160002,14.2,TRUE,"n"
41338,64,248,3,2013,2012,176.697125280002,14,TRUE,"n"
41339,65,249,3,2013,2012,181.227820800002,13.7,TRUE,"n"
41340,66,250,3,2013,2012,184.909010910002,12.8,TRUE,"n"
41341,67,251,3,2013,2012,188.023864080002,12.6,TRUE,"n"
41342,68,252,3,2013,2012,182.360494680002,12.7,TRUE,"n"
41343,69,253,3,2013,2012,191.705054190002,12.8,TRUE,"n"
41344,70,254,3,2013,2012,198.784265940002,13.3,TRUE,"n"
41345,71,255,3,2013,2012,195.103075830002,13.9,TRUE,"n"
41346,72,256,3,2013,2012,192.837728070002,14.6,TRUE,"n"
41347,73,257,3,2013,2012,188.023864080002,15.2,TRUE,"n"
41348,74,258,3,2013,2012,187.457527140002,15.6,TRUE,"n"
41349,75,259,3,2013,2012,191.988222660002,15.8,TRUE,"n"
41350,76,260,3,2013,2012,197.934760530002,15.3,TRUE,"n"
41351,77,261,3,2013,2012,197.085255120002,14.8,TRUE,"n"
41352,78,262,3,2013,2012,192.271391130002,14.5,TRUE,"n"
41353,79,263,3,2013,2012,189.439706430002,14.4,TRUE,"n"
41354,80,264,3,2013,2012,192.554559600002,14.7,TRUE,"n"
41355,81,265,3,2013,2012,215.208037200002,14.2,TRUE,"n"
41356,82,266,3,2013,2012,221.154575070002,13,TRUE,"n"
41357,83,267,3,2013,2012,206.146646160002,13.2,TRUE,"n"
41358,84,268,3,2013,2012,194.536738890002,13.9,TRUE,"n"
41359,85,269,3,2013,2012,190.289211840002,14.6,TRUE,"n"
41360,86,270,3,2013,2012,184.625842440002,15.4,TRUE,"n"
41361,87,271,3,2013,2012,179.245641510002,15.7,TRUE,"n"
41362,88,272,3,2013,2012,176.130788340002,16.6,TRUE,"n"
41363,89,273,3,2013,2012,170.184250470002,17.2,TRUE,"n"
41364,90,274,3,2013,2012,191.138717250002,17.4,TRUE,"n"
41365,91,275,4,2013,2012,216.340711080002,17,TRUE,"n"
41366,92,276,4,2013,2012,263.063508630002,16.5,TRUE,"n"
41367,93,277,4,2013,2012,269.293214970002,16.3,TRUE,"n"
41368,94,278,4,2013,2012,259.665486990002,16.1,TRUE,"n"
41369,95,279,4,2013,2012,253.152612180002,16,TRUE,"n"
41370,96,280,4,2013,2012,266.461530270002,16.2,TRUE,"n"
41371,97,281,4,2013,2012,291.663524100003,15.8,TRUE,"n"
41372,98,282,4,2013,2012,297.326893500003,15.4,TRUE,"n"
41373,99,283,4,2013,2012,288.831839400003,15.2,TRUE,"n"
41374,100,284,4,2013,2012,279.204111420003,15.8,TRUE,"n"
41375,101,285,4,2013,2012,267.311035680002,16.5,TRUE,"n"
41376,102,286,4,2013,2012,253.152612180002,16.7,TRUE,"n"
41377,103,287,4,2013,2012,242.958547260002,17.2,TRUE,"n"
41378,104,288,4,2013,2012,232.764482340002,17.5,TRUE,"n"
41379,105,289,4,2013,2012,215.774374140002,17.1,TRUE,"n"
41380,106,290,4,2013,2012,192.837728070002,16.1,TRUE,"n"
41381,107,291,4,2013,2012,174.431777520002,15.7,TRUE,"n"
41382,108,292,4,2013,2012,156.875332380001,16.2,TRUE,"n"
41383,109,293,4,2013,2012,137.903044890001,17.2,TRUE,"n"
41384,110,294,4,2013,2012,121.479273630001,18,TRUE,"n"
41385,111,295,4,2013,2012,112.134714120001,18.8,TRUE,"n"
41386,112,296,4,2013,2012,108.453524010001,19.3,TRUE,"n"
41387,113,297,4,2013,2012,100.807975320001,19.1,TRUE,"n"
41388,114,298,4,2013,2012,93.7287635700008,NA,NA,"n"
41389,115,299,4,2013,2012,99.1089645000009,19.3,TRUE,"n"
41390,116,300,4,2013,2012,111.285208710001,19.9,TRUE,"n"
41391,117,301,4,2013,2012,129.691159260001,20.2,TRUE,"n"
41392,118,302,4,2013,2012,143.849582760001,20.1,TRUE,"n"
41393,119,303,4,2013,2012,154.326816150001,20.1,TRUE,"n"
41394,120,304,4,2013,2012,160.839690960001,20,TRUE,"n"
41395,121,305,5,2013,2012,163.671375660001,18.4,TRUE,"n"
41396,122,306,5,2013,2012,154.326816150001,17.7,TRUE,"n"
41397,123,307,5,2013,2012,149.229783690001,18.7,TRUE,"n"
41398,124,308,5,2013,2012,136.770371010001,18.7,TRUE,"n"
41399,125,309,5,2013,2012,123.178284450001,18.6,TRUE,"n"
41400,126,310,5,2013,2012,124.877295270001,18.4,TRUE,"n"
41401,127,311,5,2013,2012,136.487202540001,17.7,TRUE,"n"
41402,128,312,5,2013,2012,156.025826970001,17.1,TRUE,"n"
41403,129,313,5,2013,2012,182.077326210002,17.8,TRUE,"n"
41404,130,314,5,2013,2012,193.970401950002,19.1,TRUE,"n"
41405,131,315,5,2013,2012,203.598129930002,20.1,TRUE,"n"
41406,132,316,5,2013,2012,206.146646160002,20.9,TRUE,"n"
41407,133,317,5,2013,2012,208.978330860002,21.1,TRUE,"n"
41408,134,318,5,2013,2012,208.411993920002,21.1,TRUE,"n"
41409,135,319,5,2013,2012,207.279320040002,20.6,TRUE,"n"
41410,136,320,5,2013,2012,203.598129930002,19.9,TRUE,"n"
41411,137,321,5,2013,2012,203.314961460002,19.5,TRUE,"n"
41412,138,322,5,2013,2012,212.093184030002,19.1,TRUE,"n"
41413,139,323,5,2013,2012,214.075363320002,19,TRUE,"n"
41414,140,324,5,2013,2012,212.376352500002,19.3,TRUE,"n"
41415,141,325,5,2013,2012,209.827836270002,19.7,TRUE,"n"
41416,142,326,5,2013,2012,209.827836270002,19.3,TRUE,"n"
41417,143,327,5,2013,2012,217.756553430002,18.5,TRUE,"n"
41418,144,328,5,2013,2012,215.774374140002,18.2,TRUE,"n"
41419,145,329,5,2013,2012,215.491205670002,18.3,TRUE,"n"
41420,146,330,5,2013,2012,212.942689440002,18.8,TRUE,"n"
41421,147,331,5,2013,2012,212.093184030002,18.3,TRUE,"n"
41422,148,332,5,2013,2012,211.243678620002,18.5,TRUE,"n"
41423,149,333,5,2013,2012,218.889227310002,19,TRUE,"n"
41424,150,334,5,2013,2012,226.251607530002,19.4,TRUE,"n"
41425,151,335,5,2013,2012,228.233786820002,20,TRUE,"n"
41426,152,336,6,2013,2012,219.455564250002,20.3,TRUE,"n"
41427,153,337,6,2013,2012,209.827836270002,20.8,TRUE,"n"
41428,154,338,6,2013,2012,202.465456050002,21.4,TRUE,"n"
41429,155,339,6,2013,2012,195.952581240002,21.5,TRUE,"n"
41430,156,340,6,2013,2012,185.758516320002,21.7,TRUE,"n"
41431,157,341,6,2013,2012,170.184250470002,22.1,TRUE,"n"
41432,158,342,6,2013,2012,167.352565770001,22.7,TRUE,"n"
41433,159,343,6,2013,2012,201.615950640002,22.8,TRUE,"n"
41434,160,344,6,2013,2012,206.996151570002,22.4,TRUE,"n"
41435,161,345,6,2013,2012,208.695162390002,21.7,TRUE,"n"
41436,162,346,6,2013,2012,216.057542610002,19.9,TRUE,"n"
41437,163,347,6,2013,2012,222.287248950002,19.8,TRUE,"n"
41438,164,348,6,2013,2012,225.968439060002,20,TRUE,"n"
41439,165,349,6,2013,2012,225.402102120002,19.6,TRUE,"n"
41440,166,350,6,2013,2012,218.889227310002,19.8,TRUE,"n"
41441,167,351,6,2013,2012,218.606058840002,20.1,TRUE,"n"
41442,168,352,6,2013,2012,217.190216490002,20.3,TRUE,"n"
41443,169,353,6,2013,2012,221.154575070002,19.8,TRUE,"n"
41444,170,354,6,2013,2012,210.111004740002,19.3,TRUE,"n"
41445,171,355,6,2013,2012,194.536738890002,19.7,TRUE,"n"
41446,172,356,6,2013,2012,197.934760530002,19.7,TRUE,"n"
41447,173,357,6,2013,2012,193.687233480002,20,TRUE,"n"
41448,174,358,6,2013,2012,193.970401950002,19.5,TRUE,"n"
41449,175,359,6,2013,2012,199.916939820002,19,TRUE,"n"
41450,176,360,6,2013,2012,203.881298400002,18.3,TRUE,"n"
41451,177,361,6,2013,2012,215.774374140002,19,TRUE,"n"
41452,178,362,6,2013,2012,253.718949120002,19.1,TRUE,"n"
41453,179,363,6,2013,2012,270.142720380002,20,TRUE,"n"
41454,180,364,6,2013,2012,262.214003220002,20.4,TRUE,"n"
41455,181,365,6,2013,2012,252.303106770002,21.3,TRUE,"n"
41456,182,1,7,2013,2013,247.489242780002,21.5,TRUE,"n"
41457,183,2,7,2013,2013,243.241715730002,21.4,TRUE,"n"
41458,184,3,7,2013,2013,232.764482340002,21.7,TRUE,"n"
41459,185,4,7,2013,2013,217.190216490002,22.4,TRUE,"n"
41460,186,5,7,2013,2013,221.720912010002,22.3,TRUE,"n"
41461,187,6,7,2013,2013,235.596167040002,21.2,TRUE,"n"
41462,188,7,7,2013,2013,233.330819280002,21,TRUE,"n"
41463,189,8,7,2013,2013,229.649629170002,21.1,TRUE,"n"
41464,190,9,7,2013,2013,231.914976930002,20.9,TRUE,"n"
41465,191,10,7,2013,2013,234.463493160002,21,TRUE,"n"
41466,192,11,7,2013,2013,226.251607530002,20.8,TRUE,"n"
41467,193,12,7,2013,2013,224.835765180002,20.8,TRUE,"n"
41468,194,13,7,2013,2013,226.251607530002,20.9,TRUE,"n"
41469,195,14,7,2013,2013,227.384281410002,21.1,TRUE,"n"
41470,196,15,7,2013,2013,224.269428240002,21,TRUE,"n"
41471,197,16,7,2013,2013,216.623879550002,20.8,TRUE,"n"
41472,198,17,7,2013,2013,217.473384960002,20.8,TRUE,"n"
41473,199,18,7,2013,2013,220.588238130002,21.1,TRUE,"n"
41474,200,19,7,2013,2013,221.154575070002,21.2,TRUE,"n"
41475,201,20,7,2013,2013,221.437743540002,21.4,TRUE,"n"
41476,202,21,7,2013,2013,222.853585890002,21.7,TRUE,"n"
41477,203,22,7,2013,2013,228.800123760002,21.6,TRUE,"n"
41478,204,23,7,2013,2013,229.366460700002,21.4,TRUE,"n"
41479,205,24,7,2013,2013,227.667449880002,21.5,TRUE,"n"
41480,206,25,7,2013,2013,228.800123760002,21.8,TRUE,"n"
41481,207,26,7,2013,2013,229.649629170002,21.5,TRUE,"n"
41482,208,27,7,2013,2013,227.950618350002,21.7,TRUE,"n"
41483,209,28,7,2013,2013,227.384281410002,21.6,TRUE,"n"
41484,210,29,7,2013,2013,229.932797640002,21,TRUE,"n"
41485,211,30,7,2013,2013,216.340711080002,20.8,TRUE,"n"
41486,212,31,7,2013,2013,204.164466870002,20.9,TRUE,"n"
41487,213,32,8,2013,2013,205.013972280002,20.4,TRUE,"y"
41488,214,33,8,2013,2013,204.447635340002,20.3,TRUE,"y"
41489,215,34,8,2013,2013,196.518918180002,20.6,TRUE,"y"
41490,216,35,8,2013,2013,190.855548780002,20.7,TRUE,"y"
41491,217,36,8,2013,2013,190.289211840002,20.5,TRUE,"y"
41492,218,37,8,2013,2013,187.457527140002,20.1,TRUE,"y"
41493,219,38,8,2013,2013,188.023864080002,19.9,TRUE,"y"
41494,220,39,8,2013,2013,189.722874900002,20.1,TRUE,"y"
41495,221,40,8,2013,2013,185.758516320002,20.1,TRUE,"y"
41496,222,41,8,2013,2013,182.643663150002,20.3,TRUE,"y"
41497,223,42,8,2013,2013,184.625842440002,20.3,TRUE,"y"
41498,224,43,8,2013,2013,188.023864080002,20.5,TRUE,"y"
41499,225,44,8,2013,2013,190.006043370002,20.6,TRUE,"y"
41500,226,45,8,2013,2013,194.819907360002,20.7,TRUE,"y"
41501,227,46,8,2013,2013,198.217929000002,20.8,TRUE,"y"
41502,228,47,8,2013,2013,204.164466870002,21,TRUE,"y"
41503,229,48,8,2013,2013,211.810015560002,21.1,TRUE,"y"
41504,230,49,8,2013,2013,205.580309220002,21.4,TRUE,"y"
41505,231,50,8,2013,2013,188.590201020002,21.3,TRUE,"y"
41506,232,51,8,2013,2013,184.625842440002,20.6,TRUE,"y"
41507,233,52,8,2013,2013,188.590201020002,21,TRUE,"y"
41508,234,53,8,2013,2013,192.271391130002,21,TRUE,"y"
41509,235,54,8,2013,2013,197.085255120002,20.6,TRUE,"y"
41510,236,55,8,2013,2013,196.235749710002,20.6,TRUE,"y"
41511,237,56,8,2013,2013,192.554559600002,20.6,TRUE,"y"
41512,238,57,8,2013,2013,192.271391130002,20.7,TRUE,"y"
41513,239,58,8,2013,2013,188.873369490002,21,TRUE,"y"
41514,240,59,8,2013,2013,184.909010910002,20.9,TRUE,"y"
41515,241,60,8,2013,2013,185.475347850002,21,TRUE,"y"
41516,242,61,8,2013,2013,180.661483860002,21.4,TRUE,"y"
41517,243,62,8,2013,2013,176.413956810002,21.9,TRUE,"y"
41518,244,63,9,2013,2013,171.316924350002,21.5,TRUE,"y"
41519,245,64,9,2013,2013,168.768408120002,21.1,TRUE,"y"
41520,246,65,9,2013,2013,170.750587410002,21.2,TRUE,"y"
41521,247,66,9,2013,2013,173.015935170002,21.2,TRUE,"y"
41522,248,67,9,2013,2013,174.998114460002,21.1,TRUE,"y"
41523,249,68,9,2013,2013,176.697125280002,21.1,TRUE,"y"
41524,250,69,9,2013,2013,177.546630690002,21.1,TRUE,"y"
41525,251,70,9,2013,2013,176.697125280002,21.2,TRUE,"y"
41526,252,71,9,2013,2013,176.130788340002,21.3,TRUE,"y"
41527,253,72,9,2013,2013,177.829799160002,21.4,TRUE,"y"
41528,254,73,9,2013,2013,182.077326210002,20.9,TRUE,"y"
41529,255,74,9,2013,2013,180.095146920002,21.1,TRUE,"y"
41530,256,75,9,2013,2013,178.679304570002,21.4,TRUE,"y"
41531,257,76,9,2013,2013,186.041684790002,21.4,TRUE,"y"
41532,258,77,9,2013,2013,192.554559600002,20.8,TRUE,"y"
41533,259,78,9,2013,2013,194.819907360002,20.6,TRUE,"y"
41534,260,79,9,2013,2013,191.705054190002,20.1,TRUE,"y"
41535,261,80,9,2013,2013,189.439706430002,19.7,TRUE,"y"
41536,262,81,9,2013,2013,183.210000090002,19.3,TRUE,"y"
41537,263,82,9,2013,2013,183.776337030002,19.2,TRUE,"y"
41538,264,83,9,2013,2013,187.457527140002,18.6,TRUE,"y"
41539,265,84,9,2013,2013,195.669412770002,17.8,TRUE,"y"
41540,266,85,9,2013,2013,198.784265940002,17.7,TRUE,"y"
41541,267,86,9,2013,2013,193.404065010002,18.2,TRUE,"y"
41542,268,87,9,2013,2013,190.289211840002,18.1,TRUE,"y"
41543,269,88,9,2013,2013,191.138717250002,17.7,TRUE,"y"
41544,270,89,9,2013,2013,193.687233480002,17,TRUE,"y"
41545,271,90,9,2013,2013,193.687233480002,16.6,TRUE,"y"
41546,272,91,9,2013,2013,184.909010910002,16.5,TRUE,"y"
41547,273,92,9,2013,2013,176.130788340002,17.2,TRUE,"y"
41548,274,93,10,2013,2013,169.334745060002,17.8,TRUE,"y"
41549,275,94,10,2013,2013,163.388207190001,18.4,TRUE,"y"
41550,276,95,10,2013,2013,164.237712600001,18.1,TRUE,"y"
41551,277,96,10,2013,2013,161.122859430001,16.6,TRUE,"y"
41552,278,97,10,2013,2013,158.291174730001,15.9,TRUE,"y"
41553,279,98,10,2013,2013,158.008006260001,16,TRUE,"y"
41554,280,99,10,2013,2013,158.291174730001,16.4,TRUE,"y"
41555,281,100,10,2013,2013,153.194142270001,16.2,TRUE,"y"
41556,282,101,10,2013,2013,147.813941340001,16,TRUE,"y"
41557,283,102,10,2013,2013,142.150571940001,15.6,TRUE,"y"
41558,284,103,10,2013,2013,139.602055710001,15.9,TRUE,"y"
41559,285,104,10,2013,2013,137.619876420001,16.2,TRUE,"y"
41560,286,105,10,2013,2013,133.655517840001,16.3,TRUE,"y"
41561,287,106,10,2013,2013,130.823833140001,16.2,TRUE,"y"
41562,288,107,10,2013,2013,130.823833140001,15.9,TRUE,"y"
41563,289,108,10,2013,2013,127.142643030001,15.7,TRUE,"y"
41564,290,109,10,2013,2013,120.346599750001,15.9,TRUE,"y"
41565,291,110,10,2013,2013,114.683230350001,16,TRUE,"y"
41566,292,111,10,2013,2013,106.471344720001,15.9,TRUE,"y"
41567,293,112,10,2013,2013,100.524806850001,16,TRUE,"y"
41568,294,113,10,2013,2013,101.091143790001,16.3,TRUE,"y"
41569,295,114,10,2013,2013,102.223817670001,16.4,TRUE,"y"
41570,296,115,10,2013,2013,106.471344720001,16.4,TRUE,"y"
41571,297,116,10,2013,2013,99.9584699100009,16.2,TRUE,"y"
41572,298,117,10,2013,2013,94.5782689800008,16,TRUE,"y"
41573,299,118,10,2013,2013,94.8614374500008,15.9,TRUE,"y"
41574,300,119,10,2013,2013,100.807975320001,15.8,TRUE,"y"
41575,301,120,10,2013,2013,104.489165430001,15.2,TRUE,"y"
41576,302,121,10,2013,2013,107.887187070001,14.5,TRUE,"y"
41577,303,122,10,2013,2013,116.382241170001,14.5,TRUE,"y"
41578,304,123,10,2013,2013,127.425811500001,14.4,TRUE,"y"
41579,305,124,11,2013,2013,145.265425110001,14.3,TRUE,"y"
41580,306,125,11,2013,2013,158.857511670001,14.3,TRUE,"y"
41581,307,126,11,2013,2013,163.388207190001,13.9,TRUE,"y"
41582,308,127,11,2013,2013,159.140680140001,12.6,TRUE,"y"
41583,309,128,11,2013,2013,154.043647680001,12.1,TRUE,"y"
41584,310,129,11,2013,2013,152.627805330001,12.5,TRUE,"y"
41585,311,130,11,2013,2013,148.663446750001,12.9,TRUE,"y"
41586,312,131,11,2013,2013,143.283245820001,13.5,TRUE,"y"
41587,313,132,11,2013,2013,140.168392650001,14,TRUE,"y"
41588,314,133,11,2013,2013,135.920865600001,14,TRUE,"y"
41589,315,134,11,2013,2013,130.257496200001,13.8,TRUE,"y"
41590,316,135,11,2013,2013,128.275316910001,13.6,TRUE,"y"
41591,317,136,11,2013,2013,127.142643030001,13.6,TRUE,"y"
41592,318,137,11,2013,2013,126.859474560001,13.8,TRUE,"y"
41593,319,138,11,2013,2013,125.726800680001,13.6,TRUE,"y"
41594,320,139,11,2013,2013,123.461452920001,13.2,TRUE,"y"
41595,321,140,11,2013,2013,122.611947510001,12.8,TRUE,"y"
41596,322,141,11,2013,2013,127.142643030001,12.6,TRUE,"y"
41597,323,142,11,2013,2013,122.328779040001,12.3,TRUE,"y"
41598,324,143,11,2013,2013,123.178284450001,12.4,TRUE,"y"
41599,325,144,11,2013,2013,129.974327730001,12.3,TRUE,"y"
41600,326,145,11,2013,2013,138.469381830001,11.3,TRUE,"y"
41601,327,146,11,2013,2013,142.433740410001,10.4,TRUE,"y"
41602,328,147,11,2013,2013,139.318887240001,10.3,TRUE,"y"
41603,329,148,11,2013,2013,136.204034070001,10,TRUE,"y"
41604,330,149,11,2013,2013,130.540664670001,9.9,TRUE,"y"
41605,331,150,11,2013,2013,127.708979970001,10.2,TRUE,"y"
41606,332,151,11,2013,2013,127.425811500001,10.6,TRUE,"y"
41607,333,152,11,2013,2013,127.992148440001,10.9,TRUE,"y"
41608,334,153,11,2013,2013,129.407990790001,11,TRUE,"y"
41609,335,154,12,2013,2013,129.407990790001,11.3,TRUE,"y"
41610,336,155,12,2013,2013,128.841653850001,11.2,TRUE,"y"
41611,337,156,12,2013,2013,126.293137620001,11.1,TRUE,"y"
41612,338,157,12,2013,2013,125.443632210001,10.5,TRUE,"y"
41613,339,158,12,2013,2013,125.160463740001,9,TRUE,"y"
41614,340,159,12,2013,2013,125.160463740001,7.8,TRUE,"y"
41615,341,160,12,2013,2013,128.841653850001,7.2,TRUE,"y"
41616,342,161,12,2013,2013,132.239675490001,6.7,TRUE,"y"
41617,343,162,12,2013,2013,132.239675490001,6,TRUE,"y"
41618,344,163,12,2013,2013,130.540664670001,5.6,TRUE,"y"
41619,345,164,12,2013,2013,130.257496200001,5.9,TRUE,"y"
41620,346,165,12,2013,2013,130.823833140001,6.2,TRUE,"y"
41621,347,166,12,2013,2013,131.107001610001,6.7,TRUE,"y"
41622,348,167,12,2013,2013,130.823833140001,7.3,TRUE,"y"
41623,349,168,12,2013,2013,130.540664670001,7.7,TRUE,"y"
41624,350,169,12,2013,2013,129.691159260001,8.1,TRUE,"y"
41625,351,170,12,2013,2013,131.390170080001,8.3,TRUE,"y"
41626,352,171,12,2013,2013,131.673338550001,8.4,TRUE,"y"
41627,353,172,12,2013,2013,132.239675490001,8.3,TRUE,"y"
41628,354,173,12,2013,2013,130.257496200001,7.9,TRUE,"y"
41629,355,174,12,2013,2013,131.107001610001,8,TRUE,"y"
41630,356,175,12,2013,2013,131.956507020001,8.3,TRUE,"y"
41631,357,176,12,2013,2013,131.673338550001,8.6,TRUE,"y"
41632,358,177,12,2013,2013,131.673338550001,9,TRUE,"y"
41633,359,178,12,2013,2013,130.540664670001,9.4,TRUE,"y"
41634,360,179,12,2013,2013,130.823833140001,9.3,TRUE,"y"
41635,361,180,12,2013,2013,131.673338550001,9.2,TRUE,"y"
41636,362,181,12,2013,2013,132.239675490001,8.9,TRUE,"y"
41637,363,182,12,2013,2013,131.673338550001,8.6,TRUE,"y"
41638,364,183,12,2013,2013,132.806012430001,8.5,TRUE,"y"
41639,365,184,12,2013,2013,133.089180900001,8.6,TRUE,"y"
41640,1,185,1,2014,2013,132.239675490001,8.8,TRUE,"y"
41641,2,186,1,2014,2013,129.407990790001,9,TRUE,"y"
41642,3,187,1,2014,2013,128.558485380001,9.2,TRUE,"y"
41643,4,188,1,2014,2013,126.293137620001,9.2,TRUE,"y"
41644,5,189,1,2014,2013,125.160463740001,9.1,TRUE,"y"
41645,6,190,1,2014,2013,125.443632210001,8.9,TRUE,"y"
41646,7,191,1,2014,2013,118.081251990001,8.8,TRUE,"y"
41647,8,192,1,2014,2013,111.002040240001,8.6,TRUE,"y"
41648,9,193,1,2014,2013,109.869366360001,8.8,TRUE,"y"
41649,10,194,1,2014,2013,109.586197890001,9,TRUE,"y"
41650,11,195,1,2014,2013,106.471344720001,9.2,TRUE,"y"
41651,12,196,1,2014,2013,105.621839310001,9.5,TRUE,"y"
41652,13,197,1,2014,2013,107.320850130001,9.6,TRUE,"y"
41653,14,198,1,2014,2013,109.869366360001,9.6,TRUE,"y"
41654,15,199,1,2014,2013,109.586197890001,9.7,TRUE,"y"
41655,16,200,1,2014,2013,107.037681660001,9.7,TRUE,"y"
41656,17,201,1,2014,2013,99.1089645000009,9.9,TRUE,"y"
41657,18,202,1,2014,2013,97.9762906200009,9.9,TRUE,"y"
41658,19,203,1,2014,2013,97.9762906200009,9.9,TRUE,"y"
41659,20,204,1,2014,2013,98.2594590900009,9.8,TRUE,"y"
41660,21,205,1,2014,2013,98.5426275600009,9.6,TRUE,"y"
41661,22,206,1,2014,2013,98.8257960300009,9.6,TRUE,"y"
41662,23,207,1,2014,2013,98.5426275600009,9.8,TRUE,"y"
41663,24,208,1,2014,2013,97.6931221500009,10.2,TRUE,"y"
41664,25,209,1,2014,2013,97.9762906200009,10.4,TRUE,"y"
41665,26,210,1,2014,2013,97.6931221500009,10.6,TRUE,"y"
41666,27,211,1,2014,2013,96.2772798000009,10.5,TRUE,"y"
41667,28,212,1,2014,2013,93.1624266300008,11.7,TRUE,"y"
41668,29,213,1,2014,2013,94.8614374500008,11.4,TRUE,"y"
41669,30,214,1,2014,2013,104.489165430001,11.6,TRUE,"y"
41670,31,215,1,2014,2013,113.267388000001,11.4,TRUE,"y"
41671,32,216,2,2014,2013,117.231746580001,11.2,TRUE,"n"
41672,33,217,2,2014,2013,108.453524010001,10.4,TRUE,"n"
41673,34,218,2,2014,2013,107.604018600001,10,TRUE,"n"
41674,35,219,2,2014,2013,107.037681660001,9.7,TRUE,"n"
41675,36,220,2,2014,2013,108.736692480001,9.5,TRUE,"n"
41676,37,221,2,2014,2013,118.647588930001,9.2,TRUE,"n"
41677,38,222,2,2014,2013,122.611947510001,9.2,TRUE,"n"
41678,39,223,2,2014,2013,134.221854780001,10,TRUE,"n"
41679,40,224,2,2014,2013,158.291174730001,11.2,TRUE,"n"
41680,41,225,2,2014,2013,215.774374140002,12,TRUE,"n"
41681,42,226,2,2014,2013,402.099227400004,11.8,TRUE,"n"
41682,43,227,2,2014,2013,351.128902800003,12.2,TRUE,"n"
41683,44,228,2,2014,2013,250.604095950002,12.3,TRUE,"n"
41684,45,229,2,2014,2013,209.827836270002,13.2,TRUE,"n"
41685,46,230,2,2014,2013,198.501097470002,13.4,TRUE,"n"
41686,47,231,2,2014,2013,193.687233480002,13.4,TRUE,"n"
41687,48,232,2,2014,2013,183.493168560002,13.3,TRUE,"n"
41688,49,233,2,2014,2013,193.404065010002,12.9,TRUE,"n"
41689,50,234,2,2014,2013,176.980293750002,12.9,TRUE,"n"
41690,51,235,2,2014,2013,157.158500850001,12.5,TRUE,"n"
41691,52,236,2,2014,2013,145.265425110001,12.6,TRUE,"n"
41692,53,237,2,2014,2013,133.372349370001,13,TRUE,"n"
41693,54,238,2,2014,2013,128.275316910001,13.4,TRUE,"n"
41694,55,239,2,2014,2013,126.576306090001,13.8,TRUE,"n"
41695,56,240,2,2014,2013,121.479273630001,14.1,TRUE,"n"
41696,57,241,2,2014,2013,121.479273630001,13.9,TRUE,"n"
41697,58,242,2,2014,2013,125.160463740001,13.8,TRUE,"n"
41698,59,243,2,2014,2013,192.554559600002,13.6,TRUE,"n"
41699,60,244,3,2014,2013,314.317001700003,12.9,TRUE,"n"
41700,61,245,3,2014,2013,368.119011000003,12.4,TRUE,"n"
41701,62,246,3,2014,2013,359.623956900003,12.4,TRUE,"n"
41702,63,247,3,2014,2013,291.663524100003,12.6,TRUE,"n"
41703,64,248,3,2014,2013,523.861669500005,12.7,TRUE,"n"
41704,65,249,3,2014,2013,552.178516500005,12.9,TRUE,"n"
41705,66,250,3,2014,2013,461.564606100004,14,TRUE,"n"
41706,67,251,3,2014,2013,444.574497900004,13.8,TRUE,"n"
41707,68,252,3,2014,2013,359.623956900003,14.1,TRUE,"n"
41708,69,253,3,2014,2013,291.663524100003,14.1,TRUE,"n"
41709,70,254,3,2014,2013,455.901236700004,14,TRUE,"n"
41710,71,255,3,2014,2013,574.831994100005,13.1,TRUE,"n"
41711,72,256,3,2014,2013,413.425966200004,13.8,TRUE,"n"
41712,73,257,3,2014,2013,308.653632300003,14.1,TRUE,"n"
41713,74,258,3,2014,2013,258.532813110002,14.7,TRUE,"n"
41714,75,259,3,2014,2013,227.101112940002,15.7,TRUE,"n"
41715,76,260,3,2014,2013,205.863477690002,16,TRUE,"n"
41716,77,261,3,2014,2013,182.360494680002,15.4,TRUE,"n"
41717,78,262,3,2014,2013,156.875332380001,15,TRUE,"n"
41718,79,263,3,2014,2013,147.813941340001,15.6,TRUE,"n"
41719,80,264,3,2014,2013,141.301066530001,16.2,TRUE,"n"
41720,81,265,3,2014,2013,146.398098990001,16.6,TRUE,"n"
41721,82,266,3,2014,2013,148.380278280001,16.9,TRUE,"n"
41722,83,267,3,2014,2013,145.831762050001,17.2,TRUE,"n"
41723,84,268,3,2014,2013,140.168392650001,17.1,TRUE,"n"
41724,85,269,3,2014,2013,141.301066530001,16.1,TRUE,"n"
41725,86,270,3,2014,2013,144.132751230001,15.1,TRUE,"n"
41726,87,271,3,2014,2013,150.362457570001,14.8,TRUE,"n"
41727,88,272,3,2014,2013,160.556522490001,14.4,TRUE,"n"
41728,89,273,3,2014,2013,187.740695610002,14,TRUE,"n"
41729,90,274,3,2014,2013,402.099227400004,13.4,TRUE,"n"
41730,91,275,4,2014,2013,365.287326300003,11.6,TRUE,"n"
41731,92,276,4,2014,2013,336.970479300003,11.6,TRUE,"n"
41732,93,277,4,2014,2013,331.307109900003,12.2,TRUE,"n"
41733,94,278,4,2014,2013,291.663524100003,12.8,TRUE,"n"
41734,95,279,4,2014,2013,259.099150050002,13.8,TRUE,"n"
41735,96,280,4,2014,2013,232.764482340002,15.2,TRUE,"n"
41736,97,281,4,2014,2013,211.526847090002,16.5,TRUE,"n"
41737,98,282,4,2014,2013,199.916939820002,17.8,TRUE,"n"
41738,99,283,4,2014,2013,189.156537960002,19.2,TRUE,"n"
41739,100,284,4,2014,2013,186.324853260002,20.1,TRUE,"n"
41740,101,285,4,2014,2013,182.360494680002,20.5,TRUE,"n"
41741,102,286,4,2014,2013,176.413956810002,20.5,TRUE,"n"
41742,103,287,4,2014,2013,170.467418940002,20.4,TRUE,"n"
41743,104,288,4,2014,2013,161.972364840001,20.3,TRUE,"n"
41744,105,289,4,2014,2013,148.663446750001,20.7,TRUE,"n"
41745,106,290,4,2014,2013,136.770371010001,20.8,TRUE,"n"
41746,107,291,4,2014,2013,128.841653850001,20.8,TRUE,"n"
41747,108,292,4,2014,2013,131.390170080001,20.6,TRUE,"n"
41748,109,293,4,2014,2013,132.522843960001,20.3,TRUE,"n"
41749,110,294,4,2014,2013,137.053539480001,20.5,TRUE,"n"
41750,111,295,4,2014,2013,141.017898060001,20.4,TRUE,"n"
41751,112,296,4,2014,2013,133.938686310001,19.5,TRUE,"n"
41752,113,297,4,2014,2013,128.558485380001,19.1,TRUE,"n"
41753,114,298,4,2014,2013,124.310958330001,18.9,TRUE,"n"
41754,115,299,4,2014,2013,118.647588930001,18.6,TRUE,"n"
41755,116,300,4,2014,2013,117.514915050001,17.2,TRUE,"n"
41756,117,301,4,2014,2013,118.647588930001,17,TRUE,"n"
41757,118,302,4,2014,2013,118.647588930001,17.2,TRUE,"n"
41758,119,303,4,2014,2013,113.267388000001,18.3,TRUE,"n"
41759,120,304,4,2014,2013,111.851545650001,19.4,TRUE,"n"
41760,121,305,5,2014,2013,105.338670840001,20.6,TRUE,"n"
41761,122,306,5,2014,2013,101.657480730001,21,TRUE,"n"
41762,123,307,5,2014,2013,100.807975320001,21.3,TRUE,"n"
41763,124,308,5,2014,2013,102.223817670001,21,TRUE,"n"
41764,125,309,5,2014,2013,100.524806850001,20.7,TRUE,"n"
41765,126,310,5,2014,2013,98.2594590900009,19.9,TRUE,"n"
41766,127,311,5,2014,2013,94.8614374500008,19.9,TRUE,"n"
41767,128,312,5,2014,2013,95.4277743900008,19.1,TRUE,"n"
41768,129,313,5,2014,2013,99.9584699100009,19.5,TRUE,"n"
41769,130,314,5,2014,2013,98.8257960300009,19.2,TRUE,"n"
41770,131,315,5,2014,2013,101.374312260001,18.9,TRUE,"n"
41771,132,316,5,2014,2013,101.940649200001,19.4,TRUE,"n"
41772,133,317,5,2014,2013,100.524806850001,20.5,TRUE,"n"
41773,134,318,5,2014,2013,95.1446059200009,21.4,TRUE,"n"
41774,135,319,5,2014,2013,92.8792581600008,NA,NA,"n"
41775,136,320,5,2014,2013,89.7644049900008,NA,NA,"n"
41776,137,321,5,2014,2013,87.7822257000008,NA,NA,"n"
41777,138,322,5,2014,2013,90.8970788700008,NA,NA,"n"
41778,139,323,5,2014,2013,96.8436167400009,21.6,TRUE,"n"
41779,140,324,5,2014,2013,99.3921329700009,21.3,TRUE,"n"
41780,141,325,5,2014,2013,100.524806850001,21.5,TRUE,"n"
41781,142,326,5,2014,2013,101.940649200001,21.9,TRUE,"n"
41782,143,327,5,2014,2013,105.338670840001,23.1,TRUE,"n"
41783,144,328,5,2014,2013,111.568377180001,24,TRUE,"n"
41784,145,329,5,2014,2013,112.134714120001,24.3,TRUE,"n"
41785,146,330,5,2014,2013,112.984219530001,24.3,TRUE,"n"
41786,147,331,5,2014,2013,114.966398820001,23.8,TRUE,"n"
41787,148,332,5,2014,2013,118.647588930001,23.1,TRUE,"n"
41788,149,333,5,2014,2013,125.726800680001,21.9,TRUE,"n"
41789,150,334,5,2014,2013,126.859474560001,21.2,TRUE,"n"
41790,151,335,5,2014,2013,125.160463740001,21.7,TRUE,"n"
41791,152,336,6,2014,2013,132.522843960001,22.2,TRUE,"n"
41792,153,337,6,2014,2013,138.752550300001,22.1,TRUE,"n"
41793,154,338,6,2014,2013,140.734729590001,22,TRUE,"n"
41794,155,339,6,2014,2013,141.584235000001,22.8,TRUE,"n"
41795,156,340,6,2014,2013,139.318887240001,23.4,TRUE,"n"
41796,157,341,6,2014,2013,136.487202540001,23.8,TRUE,"n"
41797,158,342,6,2014,2013,138.186213360001,24.2,TRUE,"n"
41798,159,343,6,2014,2013,139.035718770001,24.6,TRUE,"n"
41799,160,344,6,2014,2013,137.903044890001,24.8,TRUE,"n"
41800,161,345,6,2014,2013,134.788191720001,24.9,TRUE,"n"
41801,162,346,6,2014,2013,128.841653850001,24.3,TRUE,"n"
41802,163,347,6,2014,2013,125.726800680001,23.4,TRUE,"n"
41803,164,348,6,2014,2013,122.328779040001,23.2,TRUE,"n"
41804,165,349,6,2014,2013,127.425811500001,22.7,TRUE,"n"
41805,166,350,6,2014,2013,129.407990790001,22.1,TRUE,"n"
41806,167,351,6,2014,2013,129.691159260001,21.6,TRUE,"n"
41807,168,352,6,2014,2013,129.691159260001,21.5,TRUE,"n"
41808,169,353,6,2014,2013,128.275316910001,21.9,TRUE,"n"
41809,170,354,6,2014,2013,128.558485380001,22.2,TRUE,"n"
41810,171,355,6,2014,2013,133.938686310001,22.7,TRUE,"n"
41811,172,356,6,2014,2013,138.469381830001,22.8,TRUE,"n"
41812,173,357,6,2014,2013,155.176321560001,22.5,TRUE,"n"
41813,174,358,6,2014,2013,163.671375660001,22.4,TRUE,"n"
41814,175,359,6,2014,2013,174.431777520002,22.4,TRUE,"n"
41815,176,360,6,2014,2013,174.431777520002,22.3,TRUE,"n"
41816,177,361,6,2014,2013,175.564451400002,21.8,TRUE,"n"
41817,178,362,6,2014,2013,171.600092820002,22.1,TRUE,"n"
41818,179,363,6,2014,2013,168.202071180001,22.3,TRUE,"n"
41819,180,364,6,2014,2013,157.441669320001,23.1,TRUE,"n"
41820,181,365,6,2014,2013,147.247604400001,23.8,TRUE,"n"
41821,182,1,7,2014,2014,143.283245820001,23.7,TRUE,"n"
41822,183,2,7,2014,2014,138.186213360001,23.7,TRUE,"n"
41823,184,3,7,2014,2014,132.522843960001,24,TRUE,"n"
41824,185,4,7,2014,2014,126.576306090001,24.4,TRUE,"n"
41825,186,5,7,2014,2014,125.726800680001,23.9,TRUE,"n"
41826,187,6,7,2014,2014,126.859474560001,24.1,TRUE,"n"
41827,188,7,7,2014,2014,129.691159260001,23.6,TRUE,"n"
41828,189,8,7,2014,2014,131.390170080001,23.6,TRUE,"n"
41829,190,9,7,2014,2014,133.089180900001,23.7,TRUE,"n"
41830,191,10,7,2014,2014,134.221854780001,23.3,TRUE,"n"
41831,192,11,7,2014,2014,134.221854780001,23.1,TRUE,"n"
41832,193,12,7,2014,2014,131.390170080001,23.4,TRUE,"n"
41833,194,13,7,2014,2014,131.956507020001,23.8,TRUE,"n"
41834,195,14,7,2014,2014,137.053539480001,24.2,TRUE,"n"
41835,196,15,7,2014,2014,135.071360190001,23.9,TRUE,"n"
41836,197,16,7,2014,2014,137.619876420001,23.7,TRUE,"n"
41837,198,17,7,2014,2014,136.487202540001,23.2,TRUE,"n"
41838,199,18,7,2014,2014,134.788191720001,23,TRUE,"n"
41839,200,19,7,2014,2014,132.522843960001,23.3,TRUE,"n"
41840,201,20,7,2014,2014,136.487202540001,23,TRUE,"n"
41841,202,21,7,2014,2014,139.885224180001,22.7,TRUE,"n"
41842,203,22,7,2014,2014,144.415919700001,22.4,TRUE,"n"
41843,204,23,7,2014,2014,148.097109810001,22.3,TRUE,"n"
41844,205,24,7,2014,2014,146.964435930001,22.5,TRUE,"n"
41845,206,25,7,2014,2014,144.415919700001,23,TRUE,"n"
41846,207,26,7,2014,2014,144.982256640001,23.2,TRUE,"n"
41847,208,27,7,2014,2014,146.964435930001,22.9,TRUE,"n"
41848,209,28,7,2014,2014,148.380278280001,22.8,TRUE,"n"
41849,210,29,7,2014,2014,147.530772870001,22.7,TRUE,"n"
41850,211,30,7,2014,2014,146.964435930001,23.1,TRUE,"n"
41851,212,31,7,2014,2014,137.053539480001,23.8,TRUE,"n"
41852,213,32,8,2014,2014,134.788191720001,24.4,TRUE,"y"
41853,214,33,8,2014,2014,133.938686310001,24.4,TRUE,"y"
41854,215,34,8,2014,2014,134.221854780001,23.8,TRUE,"y"
41855,216,35,8,2014,2014,135.920865600001,23.1,TRUE,"y"
41856,217,36,8,2014,2014,141.017898060001,21.6,TRUE,"y"
41857,218,37,8,2014,2014,147.247604400001,20.8,TRUE,"y"
41858,219,38,8,2014,2014,153.194142270001,20.7,TRUE,"y"
41859,220,39,8,2014,2014,155.176321560001,21.6,TRUE,"y"
41860,221,40,8,2014,2014,155.459490030001,22.3,TRUE,"y"
41861,222,41,8,2014,2014,150.645626040001,22.7,TRUE,"y"
41862,223,42,8,2014,2014,142.433740410001,23.1,TRUE,"y"
41863,224,43,8,2014,2014,139.318887240001,22.9,TRUE,"y"
41864,225,44,8,2014,2014,144.982256640001,22.4,TRUE,"y"
41865,226,45,8,2014,2014,138.469381830001,22.4,TRUE,"y"
41866,227,46,8,2014,2014,128.841653850001,22.8,TRUE,"y"
41867,228,47,8,2014,2014,127.708979970001,23.2,TRUE,"y"
41868,229,48,8,2014,2014,126.576306090001,23.4,TRUE,"y"
41869,230,49,8,2014,2014,125.726800680001,23.4,TRUE,"y"
41870,231,50,8,2014,2014,126.859474560001,23.1,TRUE,"y"
41871,232,51,8,2014,2014,125.443632210001,22.8,TRUE,"y"
41872,233,52,8,2014,2014,122.895115980001,23.2,TRUE,"y"
41873,234,53,8,2014,2014,130.823833140001,23.2,TRUE,"y"
41874,235,54,8,2014,2014,124.877295270001,23.4,TRUE,"y"
41875,236,55,8,2014,2014,127.142643030001,23.6,TRUE,"y"
41876,237,56,8,2014,2014,132.806012430001,23,TRUE,"y"
41877,238,57,8,2014,2014,133.089180900001,23,TRUE,"y"
41878,239,58,8,2014,2014,133.089180900001,23.2,TRUE,"y"
41879,240,59,8,2014,2014,135.920865600001,23.5,TRUE,"y"
41880,241,60,8,2014,2014,142.150571940001,23,TRUE,"y"
41881,242,61,8,2014,2014,141.867403470001,22.8,TRUE,"y"
41882,243,62,8,2014,2014,141.301066530001,22.9,TRUE,"y"
41883,244,63,9,2014,2014,140.168392650001,22.6,TRUE,"y"
41884,245,64,9,2014,2014,138.752550300001,22.7,TRUE,"y"
41885,246,65,9,2014,2014,143.849582760001,22.6,TRUE,"y"
41886,247,66,9,2014,2014,148.380278280001,22.6,TRUE,"y"
41887,248,67,9,2014,2014,146.114930520001,22.3,TRUE,"y"
41888,249,68,9,2014,2014,145.265425110001,22.2,TRUE,"y"
41889,250,69,9,2014,2014,145.265425110001,22.2,TRUE,"y"
41890,251,70,9,2014,2014,142.433740410001,21.8,TRUE,"y"
41891,252,71,9,2014,2014,139.035718770001,21.6,TRUE,"y"
41892,253,72,9,2014,2014,139.602055710001,21.8,TRUE,"y"
41893,254,73,9,2014,2014,139.035718770001,22.1,TRUE,"y"
41894,255,74,9,2014,2014,139.035718770001,22.4,TRUE,"y"
41895,256,75,9,2014,2014,135.920865600001,22.7,TRUE,"y"
41896,257,76,9,2014,2014,135.071360190001,22.8,TRUE,"y"
41897,258,77,9,2014,2014,139.318887240001,22.6,TRUE,"y"
41898,259,78,9,2014,2014,138.752550300001,22.3,TRUE,"y"
41899,260,79,9,2014,2014,136.204034070001,22,TRUE,"y"
41900,261,80,9,2014,2014,135.354528660001,22,TRUE,"y"
41901,262,81,9,2014,2014,137.336707950001,21.8,TRUE,"y"
41902,263,82,9,2014,2014,137.336707950001,21.8,TRUE,"y"
41903,264,83,9,2014,2014,135.920865600001,21.7,TRUE,"y"
41904,265,84,9,2014,2014,136.204034070001,22.2,TRUE,"y"
41905,266,85,9,2014,2014,135.354528660001,22.1,TRUE,"y"
41906,267,86,9,2014,2014,133.938686310001,22,TRUE,"y"
41907,268,87,9,2014,2014,134.505023250001,21.8,TRUE,"y"
41908,269,88,9,2014,2014,138.186213360001,21.3,TRUE,"y"
41909,270,89,9,2014,2014,144.982256640001,21.1,TRUE,"y"
41910,271,90,9,2014,2014,137.619876420001,20.6,TRUE,"y"
41911,272,91,9,2014,2014,130.540664670001,20.1,TRUE,"y"
41912,273,92,9,2014,2014,127.708979970001,20.4,TRUE,"y"
41913,274,93,10,2014,2014,126.859474560001,20.3,TRUE,"y"
41914,275,94,10,2014,2014,125.443632210001,19.8,TRUE,"y"
41915,276,95,10,2014,2014,126.293137620001,20,TRUE,"y"
41916,277,96,10,2014,2014,126.293137620001,20.4,TRUE,"y"
41917,278,97,10,2014,2014,125.443632210001,20.8,TRUE,"y"
41918,279,98,10,2014,2014,120.912936690001,21.1,TRUE,"y"
41919,280,99,10,2014,2014,118.647588930001,21.1,TRUE,"y"
41920,281,100,10,2014,2014,115.249567290001,21.3,TRUE,"y"
41921,282,101,10,2014,2014,111.285208710001,21.3,TRUE,"y"
41922,283,102,10,2014,2014,108.736692480001,21,TRUE,"y"
41923,284,103,10,2014,2014,106.754513190001,20.8,TRUE,"y"
41924,285,104,10,2014,2014,102.506986140001,20.6,TRUE,"y"
41925,286,105,10,2014,2014,100.524806850001,19.6,TRUE,"y"
41926,287,106,10,2014,2014,103.639660020001,19.2,TRUE,"y"
41927,288,107,10,2014,2014,103.073323080001,18.3,TRUE,"y"
41928,289,108,10,2014,2014,102.790154610001,18.3,TRUE,"y"
41929,290,109,10,2014,2014,103.073323080001,18.1,TRUE,"y"
41930,291,110,10,2014,2014,102.506986140001,18.3,TRUE,"y"
41931,292,111,10,2014,2014,103.639660020001,18.8,TRUE,"y"
41932,293,112,10,2014,2014,103.639660020001,18.8,TRUE,"y"
41933,294,113,10,2014,2014,104.772333900001,18.2,TRUE,"y"
41934,295,114,10,2014,2014,108.453524010001,17.8,TRUE,"y"
41935,296,115,10,2014,2014,110.152534830001,17.7,TRUE,"y"
41936,297,116,10,2014,2014,110.152534830001,17.2,TRUE,"y"
41937,298,117,10,2014,2014,111.851545650001,17,TRUE,"y"
41938,299,118,10,2014,2014,112.984219530001,16.7,TRUE,"y"
41939,300,119,10,2014,2014,118.081251990001,16.4,TRUE,"y"
41940,301,120,10,2014,2014,127.142643030001,16.5,TRUE,"y"
41941,302,121,10,2014,2014,120.063431280001,16.6,TRUE,"y"
41942,303,122,10,2014,2014,118.930757400001,16.5,TRUE,"y"
41943,304,123,10,2014,2014,116.382241170001,16.4,TRUE,"y"
41944,305,124,11,2014,2014,121.479273630001,16.3,TRUE,"y"
41945,306,125,11,2014,2014,135.637697130001,16.1,TRUE,"y"
41946,307,126,11,2014,2014,144.415919700001,15.7,TRUE,"y"
41947,308,127,11,2014,2014,140.734729590001,15.2,TRUE,"y"
41948,309,128,11,2014,2014,140.451561120001,15.5,TRUE,"y"
41949,310,129,11,2014,2014,143.849582760001,15.8,TRUE,"y"
41950,311,130,11,2014,2014,141.584235000001,16.2,TRUE,"y"
41951,312,131,11,2014,2014,139.602055710001,16.6,TRUE,"y"
41952,313,132,11,2014,2014,139.318887240001,16.8,TRUE,"y"
41953,314,133,11,2014,2014,140.451561120001,16.8,TRUE,"y"
41954,315,134,11,2014,2014,140.168392650001,16.5,TRUE,"y"
41955,316,135,11,2014,2014,141.017898060001,15.9,TRUE,"y"
41956,317,136,11,2014,2014,144.132751230001,15.6,TRUE,"y"
41957,318,137,11,2014,2014,143.000077350001,15.4,TRUE,"y"
41958,319,138,11,2014,2014,143.566414290001,15.6,TRUE,"y"
41959,320,139,11,2014,2014,143.849582760001,15.3,TRUE,"y"
41960,321,140,11,2014,2014,145.831762050001,14.6,TRUE,"y"
41961,322,141,11,2014,2014,145.831762050001,13.6,TRUE,"y"
41962,323,142,11,2014,2014,144.132751230001,12.8,TRUE,"y"
41963,324,143,11,2014,2014,144.982256640001,12.3,TRUE,"y"
41964,325,144,11,2014,2014,142.716908880001,12.6,TRUE,"y"
41965,326,145,11,2014,2014,142.150571940001,12.9,TRUE,"y"
41966,327,146,11,2014,2014,146.114930520001,13.2,TRUE,"y"
41967,328,147,11,2014,2014,173.015935170002,12.8,TRUE,"y"
41968,329,148,11,2014,2014,168.202071180001,12.7,TRUE,"y"
41969,330,149,11,2014,2014,156.592163910001,12.6,TRUE,"y"
41970,331,150,11,2014,2014,144.699088170001,12.7,TRUE,"y"
41971,332,151,11,2014,2014,140.734729590001,12.8,TRUE,"y"
41972,333,152,11,2014,2014,140.168392650001,12.8,TRUE,"y"
41973,334,153,11,2014,2014,143.283245820001,12.9,TRUE,"y"
41974,335,154,12,2014,2014,166.786228830001,13.1,TRUE,"y"
41975,336,155,12,2014,2014,214.924868730002,13.2,TRUE,"y"
41976,337,156,12,2014,2014,226.817944470002,13.2,TRUE,"y"
41977,338,157,12,2014,2014,302.990262900003,13.5,TRUE,"y"
41978,339,158,12,2014,2014,622.970634000006,13.3,TRUE,"y"
41979,340,159,12,2014,2014,518.198300100005,13.4,TRUE,"y"
41980,341,160,12,2014,2014,484.218083700004,13.9,TRUE,"y"
41981,342,161,12,2014,2014,467.227975500004,13.8,TRUE,"y"
41982,343,162,12,2014,2014,351.128902800003,13.6,TRUE,"y"
41983,344,163,12,2014,2014,286.000154700003,13.5,TRUE,"y"
41984,345,164,12,2014,2014,273.257573550002,13.2,TRUE,"y"
41985,346,165,12,2014,2014,614.475579900006,13,TRUE,"y"
41986,347,166,12,2014,2014,761.723184300007,12.2,TRUE,"y"
41987,348,167,12,2014,2014,747.564760800007,11.6,TRUE,"y"
41988,349,168,12,2014,2014,682.436012700006,11.3,TRUE,"y"
41989,350,169,12,2014,2014,634.297372800006,11.2,TRUE,"y"
41990,351,170,12,2014,2014,702.257805600006,11,TRUE,"y"
41991,352,171,12,2014,2014,722.079598500006,10.9,TRUE,"y"
41992,353,172,12,2014,2014,710.752859700006,11.3,TRUE,"y"
41993,354,173,12,2014,2014,719.247913800006,11.4,TRUE,"y"
41994,355,174,12,2014,2014,733.406337300006,11.7,TRUE,"y"
41995,356,175,12,2014,2014,722.079598500006,12.2,TRUE,"y"
41996,357,176,12,2014,2014,702.257805600006,12.5,TRUE,"y"
41997,358,177,12,2014,2014,639.960742200006,12.7,TRUE,"y"
41998,359,178,12,2014,2014,552.178516500005,12.3,TRUE,"y"
41999,360,179,12,2014,2014,487.049768400004,11.4,TRUE,"y"
42000,361,180,12,2014,2014,436.079443800004,10.5,TRUE,"y"
42001,362,181,12,2014,2014,393.604173300004,9.9,TRUE,"y"
42002,363,182,12,2014,2014,362.455641600003,9.5,TRUE,"y"
42003,364,183,12,2014,2014,336.970479300003,9.2,TRUE,"y"
42004,365,184,12,2014,2014,308.653632300003,8.3,TRUE,"y"
42005,1,185,1,2015,2014,286.000154700003,7.5,TRUE,"y"
42006,2,186,1,2015,2014,269.576383440002,7.4,TRUE,"y"
42007,3,187,1,2015,2014,255.134791470002,7.6,TRUE,"y"
42008,4,188,1,2015,2014,244.091221140002,8,TRUE,"y"
42009,5,189,1,2015,2014,236.162503980002,8.4,TRUE,"y"
42010,6,190,1,2015,2014,227.950618350002,8.9,TRUE,"y"
42011,7,191,1,2015,2014,218.889227310002,9.5,TRUE,"y"
42012,8,192,1,2015,2014,213.225857910002,10,TRUE,"y"
42013,9,193,1,2015,2014,206.429814630002,10.3,TRUE,"y"
42014,10,194,1,2015,2014,202.465456050002,10.9,TRUE,"y"
42015,11,195,1,2015,2014,196.802086650002,11.2,TRUE,"y"
42016,12,196,1,2015,2014,191.421885720002,11.1,TRUE,"y"
42017,13,197,1,2015,2014,186.608021730002,11.3,TRUE,"y"
42018,14,198,1,2015,2014,180.378315390002,11.4,TRUE,"y"
42019,15,199,1,2015,2014,177.263462220002,11.2,TRUE,"y"
42020,16,200,1,2015,2014,174.998114460002,11.1,TRUE,"y"
42021,17,201,1,2015,2014,173.015935170002,11.1,TRUE,"y"
42022,18,202,1,2015,2014,172.732766700002,11.2,TRUE,"y"
42023,19,203,1,2015,2014,173.299103640002,11.7,TRUE,"y"
42024,20,204,1,2015,2014,174.148609050002,12.2,TRUE,"y"
42025,21,205,1,2015,2014,174.998114460002,12.1,TRUE,"y"
42026,22,206,1,2015,2014,172.166429760002,11.8,TRUE,"y"
42027,23,207,1,2015,2014,169.051576590002,11.4,TRUE,"y"
42028,24,208,1,2015,2014,166.786228830001,11.6,TRUE,"y"
42029,25,209,1,2015,2014,164.520881070001,11.5,TRUE,"y"
42030,26,210,1,2015,2014,162.821870250001,11.8,TRUE,"y"
42031,27,211,1,2015,2014,162.538701780001,12,TRUE,"y"
42032,28,212,1,2015,2014,161.972364840001,12.3,TRUE,"y"
42033,29,213,1,2015,2014,161.689196370001,12.5,TRUE,"y"
42034,30,214,1,2015,2014,162.538701780001,12.6,TRUE,"y"
42035,31,215,1,2015,2014,161.689196370001,12.7,TRUE,"y"
42036,32,216,2,2015,2014,159.990185550001,12.5,TRUE,"n"
42037,33,217,2,2015,2014,159.140680140001,12.4,TRUE,"n"
42038,34,218,2,2015,2014,158.574343200001,12.6,TRUE,"n"
42039,35,219,2,2015,2014,159.423848610001,12.7,TRUE,"n"
42040,36,220,2,2015,2014,166.786228830001,12.7,TRUE,"n"
42041,37,221,2,2015,2014,178.396136100002,12.4,TRUE,"n"
42042,38,222,2,2015,2014,207.845656980002,12.8,TRUE,"n"
42043,39,223,2,2015,2014,605.980525800005,12.8,TRUE,"n"
42044,40,224,2,2015,2014,702.257805600006,12.8,TRUE,"n"
42045,41,225,2,2015,2014,696.594436200006,13.1,TRUE,"n"
42046,42,226,2,2015,2014,676.772643300006,12.7,TRUE,"n"
42047,43,227,2,2015,2014,594.653787000005,12.1,TRUE,"n"
42048,44,228,2,2015,2014,489.881453100004,12.5,TRUE,"n"
42049,45,229,2,2015,2014,413.425966200004,13.2,TRUE,"n"
42050,46,230,2,2015,2014,365.287326300003,13.6,TRUE,"n"
42051,47,231,2,2015,2014,328.475425200003,13.9,TRUE,"n"
42052,48,232,2,2015,2014,302.990262900003,14,TRUE,"n"
42053,49,233,2,2015,2014,286.000154700003,14,TRUE,"n"
42054,50,234,2,2015,2014,272.691236610002,13.8,TRUE,"n"
42055,51,235,2,2015,2014,260.798160870002,14,TRUE,"n"
42056,52,236,2,2015,2014,249.471422070002,14.5,TRUE,"n"
42057,53,237,2,2015,2014,239.277357150002,14.4,TRUE,"n"
42058,54,238,2,2015,2014,227.950618350002,13.6,TRUE,"n"
42059,55,239,2,2015,2014,215.774374140002,12.7,TRUE,"n"
42060,56,240,2,2015,2014,208.411993920002,12.6,TRUE,"n"
42061,57,241,2,2015,2014,202.182287580002,12.8,TRUE,"n"
42062,58,242,2,2015,2014,196.518918180002,13.5,TRUE,"n"
42063,59,243,2,2015,2014,192.271391130002,13.7,TRUE,"n"
42064,60,244,3,2015,2014,184.342673970002,13.7,TRUE,"n"
42065,61,245,3,2015,2014,175.281282930002,14,TRUE,"n"
42066,62,246,3,2015,2014,172.166429760002,14,TRUE,"n"
42067,63,247,3,2015,2014,168.485239650002,14,TRUE,"n"
42068,64,248,3,2015,2014,162.538701780001,14,TRUE,"n"
42069,65,249,3,2015,2014,156.592163910001,14.4,TRUE,"n"
42070,66,250,3,2015,2014,153.477310740001,14.8,TRUE,"n"
42071,67,251,3,2015,2014,152.344636860001,15.2,TRUE,"n"
42072,68,252,3,2015,2014,151.495131450001,15.8,TRUE,"n"
42073,69,253,3,2015,2014,148.097109810001,15.7,TRUE,"n"
42074,70,254,3,2015,2014,144.132751230001,15.8,TRUE,"n"
42075,71,255,3,2015,2014,144.415919700001,16.3,TRUE,"n"
42076,72,256,3,2015,2014,144.699088170001,16.5,TRUE,"n"
42077,73,257,3,2015,2014,146.964435930001,17,TRUE,"n"
42078,74,258,3,2015,2014,144.699088170001,17.1,TRUE,"n"
42079,75,259,3,2015,2014,141.301066530001,17,TRUE,"n"
42080,76,260,3,2015,2014,139.602055710001,16.8,TRUE,"n"
42081,77,261,3,2015,2014,138.186213360001,16.9,TRUE,"n"
42082,78,262,3,2015,2014,133.089180900001,16.9,TRUE,"n"
42083,79,263,3,2015,2014,129.974327730001,16.9,TRUE,"n"
42084,80,264,3,2015,2014,127.992148440001,17.2,TRUE,"n"
42085,81,265,3,2015,2014,126.576306090001,17.5,TRUE,"n"
42086,82,266,3,2015,2014,124.877295270001,17.4,TRUE,"n"
42087,83,267,3,2015,2014,126.009969150001,17.1,TRUE,"n"
42088,84,268,3,2015,2014,126.576306090001,17.3,TRUE,"n"
42089,85,269,3,2015,2014,124.027789860001,17.9,TRUE,"n"
42090,86,270,3,2015,2014,118.647588930001,18.5,TRUE,"n"
42091,87,271,3,2015,2014,114.116893410001,18.8,TRUE,"n"
42092,88,272,3,2015,2014,110.718871770001,19.1,TRUE,"n"
42093,89,273,3,2015,2014,110.152534830001,19.4,TRUE,"n"
42094,90,274,3,2015,2014,109.586197890001,19.2,TRUE,"n"
42095,91,275,4,2015,2014,109.019860950001,18.7,TRUE,"n"
42096,92,276,4,2015,2014,107.320850130001,18.2,TRUE,"n"
42097,93,277,4,2015,2014,110.152534830001,17.1,TRUE,"n"
42098,94,278,4,2015,2014,116.099072700001,16.9,TRUE,"n"
42099,95,279,4,2015,2014,118.364420460001,16.7,TRUE,"n"
42100,96,280,4,2015,2014,118.081251990001,16,TRUE,"n"
42101,97,281,4,2015,2014,120.912936690001,15.1,TRUE,"n"
42102,98,282,4,2015,2014,125.160463740001,15.3,TRUE,"n"
42103,99,283,4,2015,2014,126.859474560001,15.3,TRUE,"n"
42104,100,284,4,2015,2014,129.691159260001,16,TRUE,"n"
42105,101,285,4,2015,2014,128.841653850001,17.2,TRUE,"n"
42106,102,286,4,2015,2014,127.708979970001,17.8,TRUE,"n"
42107,103,287,4,2015,2014,126.009969150001,18.4,TRUE,"n"
42108,104,288,4,2015,2014,123.461452920001,18.2,TRUE,"n"
42109,105,289,4,2015,2014,118.647588930001,18,TRUE,"n"
42110,106,290,4,2015,2014,114.116893410001,17.6,TRUE,"n"
42111,107,291,4,2015,2014,109.303029420001,18.5,TRUE,"n"
42112,108,292,4,2015,2014,107.320850130001,19.5,TRUE,"n"
42113,109,293,4,2015,2014,116.665409640001,20.5,TRUE,"n"
42114,110,294,4,2015,2014,115.815904230001,21.2,TRUE,"n"
42115,111,295,4,2015,2014,109.586197890001,21.1,TRUE,"n"
42116,112,296,4,2015,2014,101.374312260001,21.4,TRUE,"n"
42117,113,297,4,2015,2014,98.8257960300009,21.5,TRUE,"n"
42118,114,298,4,2015,2014,103.073323080001,21.2,TRUE,"n"
42119,115,299,4,2015,2014,111.851545650001,20.7,TRUE,"n"
42120,116,300,4,2015,2014,118.081251990001,20.6,TRUE,"n"
42121,117,301,4,2015,2014,119.780262810001,20.8,TRUE,"n"
42122,118,302,4,2015,2014,120.912936690001,20.9,TRUE,"n"
42123,119,303,4,2015,2014,113.833724940001,21.6,TRUE,"n"
42124,120,304,4,2015,2014,106.471344720001,21.6,TRUE,"n"
42125,121,305,5,2015,2014,100.524806850001,21.7,TRUE,"n"
42126,122,306,5,2015,2014,101.091143790001,21.7,TRUE,"n"
42127,123,307,5,2015,2014,103.073323080001,21.8,TRUE,"n"
42128,124,308,5,2015,2014,108.736692480001,21.5,TRUE,"n"
42129,125,309,5,2015,2014,111.002040240001,21.5,TRUE,"n"
42130,126,310,5,2015,2014,109.586197890001,21.4,TRUE,"n"
42131,127,311,5,2015,2014,107.887187070001,21.2,TRUE,"n"
42132,128,312,5,2015,2014,104.205996960001,20,TRUE,"n"
42133,129,313,5,2015,2014,102.506986140001,20,TRUE,"n"
42134,130,314,5,2015,2014,103.073323080001,20.5,TRUE,"n"
42135,131,315,5,2015,2014,103.073323080001,20.8,TRUE,"n"
42136,132,316,5,2015,2014,103.356491550001,21,TRUE,"n"
42137,133,317,5,2015,2014,105.621839310001,20.7,TRUE,"n"
42138,134,318,5,2015,2014,106.188176250001,20,TRUE,"n"
42139,135,319,5,2015,2014,108.736692480001,20,TRUE,"n"
42140,136,320,5,2015,2014,111.285208710001,20.2,TRUE,"n"
42141,137,321,5,2015,2014,116.382241170001,20.4,TRUE,"n"
42142,138,322,5,2015,2014,122.045610570001,20.6,TRUE,"n"
42143,139,323,5,2015,2014,124.877295270001,20.8,TRUE,"n"
42144,140,324,5,2015,2014,131.673338550001,21.1,TRUE,"n"
42145,141,325,5,2015,2014,136.204034070001,21,TRUE,"n"
42146,142,326,5,2015,2014,140.168392650001,21.4,TRUE,"n"
42147,143,327,5,2015,2014,143.849582760001,21,TRUE,"n"
42148,144,328,5,2015,2014,144.982256640001,22,TRUE,"n"
42149,145,329,5,2015,2014,148.663446750001,21.9,TRUE,"n"
42150,146,330,5,2015,2014,145.265425110001,21.8,TRUE,"n"
42151,147,331,5,2015,2014,139.602055710001,22.2,TRUE,"n"
42152,148,332,5,2015,2014,131.673338550001,22.8,TRUE,"n"
42153,149,333,5,2015,2014,120.912936690001,23.2,TRUE,"n"
42154,150,334,5,2015,2014,114.683230350001,23.9,TRUE,"n"
42155,151,335,5,2015,2014,116.948578110001,23.7,TRUE,"n"
42156,152,336,6,2015,2014,117.798083520001,22.9,TRUE,"n"
42157,153,337,6,2015,2014,120.063431280001,22.6,TRUE,"n"
42158,154,338,6,2015,2014,124.027789860001,22.7,TRUE,"n"
42159,155,339,6,2015,2014,121.762442100001,23.2,TRUE,"n"
42160,156,340,6,2015,2014,118.081251990001,24.1,TRUE,"n"
42161,157,341,6,2015,2014,114.400061880001,24.4,TRUE,"n"
42162,158,342,6,2015,2014,114.116893410001,25.1,TRUE,"n"
42163,159,343,6,2015,2014,113.550556470001,25.9,TRUE,"n"
42164,160,344,6,2015,2014,110.718871770001,26.1,TRUE,"n"
42165,161,345,6,2015,2014,107.320850130001,25.6,TRUE,"n"
42166,162,346,6,2015,2014,103.922828490001,25.5,TRUE,"n"
42167,163,347,6,2015,2014,103.639660020001,26.4,TRUE,"n"
42168,164,348,6,2015,2014,100.524806850001,26.4,TRUE,"n"
42169,165,349,6,2015,2014,99.3921329700009,26.1,TRUE,"n"
42170,166,350,6,2015,2014,96.2772798000009,25.8,TRUE,"n"
42171,167,351,6,2015,2014,93.7287635700008,25.8,TRUE,"n"
42172,168,352,6,2015,2014,93.1624266300008,26.1,TRUE,"n"
42173,169,353,6,2015,2014,90.0475734600008,25.8,TRUE,"n"
42174,170,354,6,2015,2014,88.0653941700008,25.7,TRUE,"n"
42175,171,355,6,2015,2014,90.3307419300008,25.6,TRUE,"n"
42176,172,356,6,2015,2014,90.0475734600008,25.4,TRUE,"n"
42177,173,357,6,2015,2014,88.6317311100008,25,TRUE,"n"
42178,174,358,6,2015,2014,87.7822257000008,25.2,TRUE,"n"
42179,175,359,6,2015,2014,87.4990572300008,25.4,TRUE,"n"
42180,176,360,6,2015,2014,86.0832148800008,26.3,TRUE,"n"
42181,177,361,6,2015,2014,83.8178671200007,26.9,TRUE,"n"
42182,178,362,6,2015,2014,82.4020247700007,26.7,TRUE,"n"
42183,179,363,6,2015,2014,82.1188563000007,26.7,TRUE,"n"
42184,180,364,6,2015,2014,82.9683617100007,26.8,TRUE,"n"
42185,181,365,6,2015,2014,84.1010355900007,26.8,TRUE,"n"
42186,182,1,7,2015,2015,85.5168779400008,26.7,TRUE,"n"
42187,183,2,7,2015,2015,85.2337094700008,26.4,TRUE,"n"
42188,184,3,7,2015,2015,84.3842040600008,26.2,TRUE,"n"
42189,185,4,7,2015,2015,83.5346986500007,26.7,TRUE,"n"
42190,186,5,7,2015,2015,84.1010355900007,26.7,TRUE,"n"
42191,187,6,7,2015,2015,84.9505410000008,26.3,TRUE,"n"
42192,188,7,7,2015,2015,86.6495518200008,26.1,TRUE,"n"
42193,189,8,7,2015,2015,87.7822257000008,25.8,TRUE,"n"
42194,190,9,7,2015,2015,88.3485626400008,25.5,TRUE,"n"
42195,191,10,7,2015,2015,88.9148995800008,24.2,TRUE,"n"
42196,192,11,7,2015,2015,88.9148995800008,23.7,TRUE,"n"
42197,193,12,7,2015,2015,90.3307419300008,23.9,TRUE,"n"
42198,194,13,7,2015,2015,92.3129212200008,24.5,TRUE,"n"
42199,195,14,7,2015,2015,93.1624266300008,25,TRUE,"n"
42200,196,15,7,2015,2015,94.5782689800008,25.2,TRUE,"n"
42201,197,16,7,2015,2015,96.2772798000009,25.5,TRUE,"n"
42202,198,17,7,2015,2015,92.5960896900008,25.9,TRUE,"n"
42203,199,18,7,2015,2015,90.6139104000008,25.8,TRUE,"n"
42204,200,19,7,2015,2015,89.1980680500008,26.1,TRUE,"n"
42205,201,20,7,2015,2015,88.9148995800008,26.6,TRUE,"n"
42206,202,21,7,2015,2015,89.4812365200008,26.5,TRUE,"n"
42207,203,22,7,2015,2015,90.0475734600008,26,TRUE,"n"
42208,204,23,7,2015,2015,89.4812365200008,25.2,TRUE,"n"
42209,205,24,7,2015,2015,88.3485626400008,25,TRUE,"n"
42210,206,25,7,2015,2015,86.3663833500008,24.6,TRUE,"n"
42211,207,26,7,2015,2015,87.2158887600008,24.5,TRUE,"n"
42212,208,27,7,2015,2015,86.3663833500008,24.7,TRUE,"n"
42213,209,28,7,2015,2015,86.0832148800008,24.8,NA,"n"
42214,210,29,7,2015,2015,87.4990572300008,25.3,TRUE,"n"
42215,211,30,7,2015,2015,90.0475734600008,25.5,TRUE,"n"
42216,212,31,7,2015,2015,87.7822257000008,25.5,TRUE,"n"
42217,213,32,8,2015,2015,86.3663833500008,25.2,TRUE,"y"
42218,214,33,8,2015,2015,87.4990572300008,24.8,TRUE,"y"
42219,215,34,8,2015,2015,88.0653941700008,24.6,TRUE,"y"
42220,216,35,8,2015,2015,88.9148995800008,24.1,TRUE,"y"
42221,217,36,8,2015,2015,92.3129212200008,23.3,TRUE,"y"
42222,218,37,8,2015,2015,95.7109428600009,23.3,TRUE,"y"
42223,219,38,8,2015,2015,96.2772798000009,23.7,TRUE,"y"
42224,220,39,8,2015,2015,97.9762906200009,23.5,TRUE,"y"
42225,221,40,8,2015,2015,101.657480730001,24,TRUE,"y"
42226,222,41,8,2015,2015,101.940649200001,23.9,TRUE,"y"
42227,223,42,8,2015,2015,104.205996960001,24,TRUE,"y"
42228,224,43,8,2015,2015,109.303029420001,23.9,TRUE,"y"
42229,225,44,8,2015,2015,110.435703300001,23.7,TRUE,"y"
42230,226,45,8,2015,2015,109.303029420001,23.6,TRUE,"y"
42231,227,46,8,2015,2015,108.170355540001,23.6,TRUE,"y"
42232,228,47,8,2015,2015,108.736692480001,23.6,TRUE,"y"
42233,229,48,8,2015,2015,109.869366360001,24,TRUE,"y"
42234,230,49,8,2015,2015,113.267388000001,23.8,TRUE,"y"
42235,231,50,8,2015,2015,116.382241170001,23.7,TRUE,"y"
42236,232,51,8,2015,2015,117.231746580001,23.5,TRUE,"y"
42237,233,52,8,2015,2015,119.497094340001,23.5,TRUE,"y"
42238,234,53,8,2015,2015,124.594126800001,23.3,TRUE,"y"
42239,235,54,8,2015,2015,129.691159260001,23.2,TRUE,"y"
42240,236,55,8,2015,2015,131.956507020001,23.3,TRUE,"y"
42241,237,56,8,2015,2015,136.204034070001,23.6,TRUE,"y"
42242,238,57,8,2015,2015,139.318887240001,23.3,TRUE,"y"
42243,239,58,8,2015,2015,141.301066530001,23.6,TRUE,"y"
42244,240,59,8,2015,2015,142.150571940001,23.7,TRUE,"y"
42245,241,60,8,2015,2015,141.017898060001,23.6,TRUE,"y"
42246,242,61,8,2015,2015,145.265425110001,27,TRUE,"y"
42247,243,62,8,2015,2015,147.813941340001,22.9,TRUE,"y"
42248,244,63,9,2015,2015,153.194142270001,24.2,TRUE,"y"
42249,245,64,9,2015,2015,152.061468390001,25,TRUE,"y"
42250,246,65,9,2015,2015,155.459490030001,22.7,TRUE,"y"
42251,247,66,9,2015,2015,157.441669320001,21.9,TRUE,"y"
42252,248,67,9,2015,2015,159.140680140001,21.4,TRUE,"y"
42253,249,68,9,2015,2015,163.105038720001,20.9,TRUE,"y"
42254,250,69,9,2015,2015,165.653554950001,20.6,TRUE,"y"
42255,251,70,9,2015,2015,168.202071180001,23.5,TRUE,"y"
42256,252,71,9,2015,2015,169.051576590002,24,TRUE,"y"
42257,253,72,9,2015,2015,167.069397300001,25.9,TRUE,"y"
42258,254,73,9,2015,2015,165.936723420001,21.8,TRUE,"y"
42259,255,74,9,2015,2015,166.503060360001,21.6,TRUE,"y"
42260,256,75,9,2015,2015,166.786228830001,21.1,TRUE,"y"
42261,257,76,9,2015,2015,167.635734240001,20.5,TRUE,"y"
42262,258,77,9,2015,2015,170.184250470002,19,TRUE,"y"
42263,259,78,9,2015,2015,172.166429760002,17.8,TRUE,"y"
42264,260,79,9,2015,2015,171.600092820002,17.6,TRUE,"y"
42265,261,80,9,2015,2015,173.582272110002,18.1,TRUE,"y"
42266,262,81,9,2015,2015,173.865440580002,21.1,TRUE,"y"
42267,263,82,9,2015,2015,174.714945990002,19.6,TRUE,"y"
42268,264,83,9,2015,2015,174.714945990002,20.4,TRUE,"y"
42269,265,84,9,2015,2015,173.865440580002,20.6,TRUE,"y"
42270,266,85,9,2015,2015,174.148609050002,20.5,TRUE,"y"
42271,267,86,9,2015,2015,173.865440580002,20.9,TRUE,"y"
42272,268,87,9,2015,2015,173.865440580002,21.9,TRUE,"y"
42273,269,88,9,2015,2015,171.883261290002,22,TRUE,"y"
42274,270,89,9,2015,2015,168.768408120002,23,TRUE,"y"
42275,271,90,9,2015,2015,166.503060360001,21.9,TRUE,"y"
42276,272,91,9,2015,2015,166.503060360001,20.1,TRUE,"y"
42277,273,92,9,2015,2015,169.901082000002,19.6,TRUE,"y"
42278,274,93,10,2015,2015,169.051576590002,18.6,TRUE,"y"
42279,275,94,10,2015,2015,167.069397300001,18.5,TRUE,"y"
42280,276,95,10,2015,2015,168.768408120002,18.5,TRUE,"y"
42281,277,96,10,2015,2015,169.051576590002,18.4,TRUE,"y"
42282,278,97,10,2015,2015,166.503060360001,18.8,TRUE,"y"
42283,279,98,10,2015,2015,165.653554950001,19.1,TRUE,"y"
42284,280,99,10,2015,2015,165.936723420001,19.3,TRUE,"y"
42285,281,100,10,2015,2015,167.918902710002,19.5,TRUE,"y"
42286,282,101,10,2015,2015,166.503060360001,20.3,TRUE,"y"
42287,283,102,10,2015,2015,165.370386480001,19.4,TRUE,"y"
42288,284,103,10,2015,2015,164.520881070001,22,TRUE,"y"
42289,285,104,10,2015,2015,163.105038720001,19.7,TRUE,"y"
42290,286,105,10,2015,2015,161.406027900001,19.4,TRUE,"y"
42291,287,106,10,2015,2015,160.556522490001,19.4,TRUE,"y"
42292,288,107,10,2015,2015,159.990185550001,19.4,TRUE,"y"
42293,289,108,10,2015,2015,158.291174730001,21,TRUE,"y"
42294,290,109,10,2015,2015,157.158500850001,18.6,TRUE,"y"
42295,291,110,10,2015,2015,157.158500850001,18.4,TRUE,"y"
42296,292,111,10,2015,2015,159.140680140001,18.3,TRUE,"y"
42297,293,112,10,2015,2015,158.857511670001,18,TRUE,"y"
42298,294,113,10,2015,2015,162.255533310001,17.6,TRUE,"y"
42299,295,114,10,2015,2015,157.158500850001,17,TRUE,"y"
42300,296,115,10,2015,2015,148.097109810001,17,TRUE,"y"
42301,297,116,10,2015,2015,143.000077350001,16.8,TRUE,"y"
42302,298,117,10,2015,2015,137.903044890001,16.9,TRUE,"y"
42303,299,118,10,2015,2015,134.788191720001,17,TRUE,"y"
42304,300,119,10,2015,2015,135.071360190001,16.7,TRUE,"y"
42305,301,120,10,2015,2015,132.239675490001,16.4,TRUE,"y"
42306,302,121,10,2015,2015,131.107001610001,16.3,TRUE,"y"
42307,303,122,10,2015,2015,132.806012430001,16.1,TRUE,"y"
42308,304,123,10,2015,2015,136.204034070001,16.4,TRUE,"y"
42309,305,124,11,2015,2015,130.540664670001,16.3,TRUE,"y"
42310,306,125,11,2015,2015,127.425811500001,16.2,TRUE,"y"
42311,307,126,11,2015,2015,124.877295270001,15.7,TRUE,"y"
42312,308,127,11,2015,2015,119.213925870001,15.2,TRUE,"y"
42313,309,128,11,2015,2015,114.683230350001,14.2,TRUE,"y"
42314,310,129,11,2015,2015,113.267388000001,13.6,TRUE,"y"
42315,311,130,11,2015,2015,115.815904230001,13.3,TRUE,"y"
42316,312,131,11,2015,2015,117.514915050001,13.1,TRUE,"y"
42317,313,132,11,2015,2015,118.930757400001,12.8,TRUE,"y"
42318,314,133,11,2015,2015,122.045610570001,12.6,TRUE,"y"
42319,315,134,11,2015,2015,125.160463740001,12.6,TRUE,"y"
42320,316,135,11,2015,2015,124.594126800001,12.5,TRUE,"y"
42321,317,136,11,2015,2015,122.895115980001,12.6,TRUE,"y"
42322,318,137,11,2015,2015,120.346599750001,12.7,TRUE,"y"
42323,319,138,11,2015,2015,118.081251990001,12.7,TRUE,"y"
42324,320,139,11,2015,2015,117.514915050001,12.5,TRUE,"y"
42325,321,140,11,2015,2015,118.364420460001,12.1,TRUE,"y"
42326,322,141,11,2015,2015,114.683230350001,11.9,TRUE,"y"
42327,323,142,11,2015,2015,111.002040240001,12.1,TRUE,"y"
42328,324,143,11,2015,2015,111.285208710001,12.6,TRUE,"y"
42329,325,144,11,2015,2015,111.568377180001,13.1,TRUE,"y"
42330,326,145,11,2015,2015,112.134714120001,13.3,TRUE,"y"
42331,327,146,11,2015,2015,112.701051060001,13.3,TRUE,"y"
42332,328,147,11,2015,2015,113.833724940001,13.2,TRUE,"y"
42333,329,148,11,2015,2015,114.400061880001,12.6,TRUE,"y"
42334,330,149,11,2015,2015,114.966398820001,11.9,TRUE,"y"
42335,331,150,11,2015,2015,114.966398820001,10.6,TRUE,"y"
42336,332,151,11,2015,2015,114.116893410001,9.4,TRUE,"y"
42337,333,152,11,2015,2015,114.116893410001,9,TRUE,"y"
42338,334,153,11,2015,2015,114.400061880001,8.4,TRUE,"y"
42339,335,154,12,2015,2015,114.683230350001,8.3,TRUE,"y"
42340,336,155,12,2015,2015,115.249567290001,9.3,TRUE,"y"
42341,337,156,12,2015,2015,116.382241170001,9.5,TRUE,"y"
42342,338,157,12,2015,2015,118.364420460001,10.2,TRUE,"y"
42343,339,158,12,2015,2015,124.877295270001,10.6,TRUE,"y"
42344,340,159,12,2015,2015,132.239675490001,11,TRUE,"y"
42345,341,160,12,2015,2015,134.788191720001,11.6,TRUE,"y"
42346,342,161,12,2015,2015,139.602055710001,11.7,TRUE,"y"
42347,343,162,12,2015,2015,142.716908880001,12,TRUE,"y"
42348,344,163,12,2015,2015,142.433740410001,12.4,TRUE,"y"
42349,345,164,12,2015,2015,152.627805330001,12.3,TRUE,"y"
42350,346,165,12,2015,2015,214.924868730002,11.9,TRUE,"y"
42351,347,166,12,2015,2015,198.501097470002,11.4,TRUE,"y"
42352,348,167,12,2015,2015,178.112967630002,10.7,TRUE,"y"
42353,349,168,12,2015,2015,231.065471520002,9.8,TRUE,"y"
42354,350,169,12,2015,2015,205.013972280002,9.1,TRUE,"y"
42355,351,170,12,2015,2015,162.255533310001,8.8,TRUE,"y"
42356,352,171,12,2015,2015,145.831762050001,8.8,TRUE,"y"
42357,353,172,12,2015,2015,143.566414290001,9.2,TRUE,"y"
42358,354,173,12,2015,2015,302.990262900003,9.3,TRUE,"y"
42359,355,174,12,2015,2015,322.812055800003,9,TRUE,"y"
42360,356,175,12,2015,2015,300.158578200003,9.4,TRUE,"y"
42361,357,176,12,2015,2015,526.693354200005,9.4,TRUE,"y"
42362,358,177,12,2015,2015,552.178516500005,9.4,TRUE,"y"
42363,359,178,12,2015,2015,390.772488600003,9,TRUE,"y"
42364,360,179,12,2015,2015,286.000154700003,8.5,TRUE,"y"
42365,361,180,12,2015,2015,227.950618350002,8,TRUE,"y"
42366,362,181,12,2015,2015,192.554559600002,7.6,TRUE,"y"
42367,363,182,12,2015,2015,168.202071180001,7.8,TRUE,"y"
42368,364,183,12,2015,2015,155.742658500001,7.9,TRUE,"y"
42369,365,184,12,2015,2015,147.530772870001,8,TRUE,"y"
42370,1,185,1,2016,2015,140.734729590001,7.7,TRUE,"y"
42371,2,186,1,2016,2015,135.920865600001,7.2,TRUE,"y"
42372,3,187,1,2016,2015,133.089180900001,7.4,TRUE,"y"
42373,4,188,1,2016,2015,131.390170080001,7.8,TRUE,"y"
42374,5,189,1,2016,2015,132.239675490001,8.1,TRUE,"y"
42375,6,190,1,2016,2015,235.312998570002,8.8,TRUE,"y"
42376,7,191,1,2016,2015,549.346831800005,8.8,TRUE,"y"
42377,8,192,1,2016,2015,611.643895200005,8.7,TRUE,"y"
42378,9,193,1,2016,2015,487.049768400004,8.8,TRUE,"y"
42379,10,194,1,2016,2015,336.970479300003,9.3,TRUE,"y"
42380,11,195,1,2016,2015,342.633848700003,9.7,TRUE,"y"
42381,12,196,1,2016,2015,325.643740500003,9.5,TRUE,"y"
42382,13,197,1,2016,2015,271.558562730002,9.8,TRUE,"y"
42383,14,198,1,2016,2015,317.148686400003,9.8,TRUE,"y"
42384,15,199,1,2016,2015,506.871561300005,9.7,TRUE,"y"
42385,16,200,1,2016,2015,594.653787000005,9,TRUE,"y"
42386,17,201,1,2016,2015,614.475579900006,9.1,TRUE,"y"
42387,18,202,1,2016,2015,668.277589200006,10.3,TRUE,"y"
42388,19,203,1,2016,2015,736.238022000007,11.1,TRUE,"y"
42389,20,204,1,2016,2015,744.733076100007,11.2,TRUE,"y"
42390,21,205,1,2016,2015,744.733076100007,11.2,TRUE,"y"
42391,22,206,1,2016,2015,710.752859700006,10.9,TRUE,"y"
42392,23,207,1,2016,2015,682.436012700006,10.9,TRUE,"y"
42393,24,208,1,2016,2015,710.752859700006,10.9,TRUE,"y"
42394,25,209,1,2016,2015,722.079598500006,10.9,TRUE,"y"
42395,26,210,1,2016,2015,690.931066800006,10.4,TRUE,"y"
42396,27,211,1,2016,2015,639.960742200006,10.5,TRUE,"y"
42397,28,212,1,2016,2015,540.851777700005,10.6,TRUE,"y"
42398,29,213,1,2016,2015,461.564606100004,10.8,TRUE,"y"
42399,30,214,1,2016,2015,484.218083700004,11.1,TRUE,"y"
42400,31,215,1,2016,2015,713.584544400006,10.7,TRUE,"y"
42401,32,216,2,2016,2015,693.762751500006,10.1,TRUE,"n"
42402,33,217,2,2016,2015,617.307264600006,9,TRUE,"n"
42403,34,218,2,2016,2015,512.534930700005,8.5,TRUE,"n"
42404,35,219,2,2016,2015,438.911128500004,8.6,TRUE,"n"
42405,36,220,2,2016,2015,390.772488600003,9.1,TRUE,"n"
42406,37,221,2,2016,2015,359.623956900003,9.7,TRUE,"n"
42407,38,222,2,2016,2015,331.307109900003,10.6,TRUE,"n"
42408,39,223,2,2016,2015,308.653632300003,11.4,TRUE,"n"
42409,40,224,2,2016,2015,291.663524100003,12,TRUE,"n"
42410,41,225,2,2016,2015,280.903122240003,12.3,TRUE,"n"
42411,42,226,2,2016,2015,270.142720380002,12.7,TRUE,"n"
42412,43,227,2,2016,2015,263.063508630002,13,TRUE,"n"
42413,44,228,2,2016,2015,255.984296880002,13.2,TRUE,"n"
42414,45,229,2,2016,2015,248.055579720002,13.3,TRUE,"n"
42415,46,230,2,2016,2015,240.410031030002,13.8,TRUE,"n"
42416,47,231,2,2016,2015,232.481313870002,14.2,TRUE,"n"
42417,48,232,2,2016,2015,226.534776000002,14,TRUE,"n"
42418,49,233,2,2016,2015,226.251607530002,13.5,TRUE,"n"
42419,50,234,2,2016,2015,241.825873380002,12.8,TRUE,"n"
42420,51,235,2,2016,2015,282.035796120003,12,TRUE,"n"
42421,52,236,2,2016,2015,288.831839400003,11.4,TRUE,"n"
42422,53,237,2,2016,2015,277.505100600002,11.8,TRUE,"n"
42423,54,238,2,2016,2015,260.231823930002,12.1,TRUE,"n"
42424,55,239,2,2016,2015,246.922905840002,12.4,TRUE,"n"
42425,56,240,2,2016,2015,232.198145400002,12.9,TRUE,"n"
42426,57,241,2,2016,2015,218.889227310002,13.5,TRUE,"n"
42427,58,242,2,2016,2015,207.562488510002,13.6,TRUE,"n"
42428,59,243,2,2016,2015,206.429814630002,13.4,TRUE,"n"
42429,60,244,2,2016,2015,205.580309220002,13.6,TRUE,"n"
42430,61,245,3,2016,2015,202.182287580002,13.8,TRUE,"n"
42431,62,246,3,2016,2015,198.217929000002,14.2,TRUE,"n"
42432,63,247,3,2016,2015,194.819907360002,14.2,TRUE,"n"
42433,64,248,3,2016,2015,196.518918180002,14,TRUE,"n"
42434,65,249,3,2016,2015,202.748624520002,14,TRUE,"n"
42435,66,250,3,2016,2015,257.683307700002,13.9,TRUE,"n"
42436,67,251,3,2016,2015,642.792426900006,13.3,TRUE,"n"
42437,68,252,3,2016,2015,727.742967900007,11.9,TRUE,"n"
42438,69,253,3,2016,2015,713.584544400006,10.8,TRUE,"n"
42439,70,254,3,2016,2015,668.277589200006,11.1,TRUE,"n"
42440,71,255,3,2016,2015,685.267697400006,11.4,TRUE,"n"
42441,72,256,3,2016,2015,741.901391400007,11.4,TRUE,"n"
42442,73,257,3,2016,2015,758.891499600007,11.2,TRUE,"n"
42443,74,258,3,2016,2015,767.386553700007,11.2,TRUE,"n"
42444,75,259,3,2016,2015,767.386553700007,11.7,TRUE,"n"
42445,76,260,3,2016,2015,750.396445500007,11.9,TRUE,"n"
42446,77,261,3,2016,2015,724.911283200006,12.5,TRUE,"n"
42447,78,262,3,2016,2015,699.426120900006,13.3,TRUE,"n"
42448,79,263,3,2016,2015,685.267697400006,14,TRUE,"n"
42449,80,264,3,2016,2015,710.752859700006,14.2,TRUE,"n"
42450,81,265,3,2016,2015,719.247913800006,13.4,TRUE,"n"
42451,82,266,3,2016,2015,727.742967900007,12.7,TRUE,"n"
42452,83,267,3,2016,2015,733.406337300006,11.9,TRUE,"n"
42453,84,268,3,2016,2015,722.079598500006,12,TRUE,"n"
42454,85,269,3,2016,2015,702.257805600006,12.5,TRUE,"n"
42455,86,270,3,2016,2015,676.772643300006,13.2,TRUE,"n"
42456,87,271,3,2016,2015,651.287481000006,13.6,TRUE,"n"
42457,88,272,3,2016,2015,594.653787000005,13.4,TRUE,"n"
42458,89,273,3,2016,2015,515.366615400005,13.2,TRUE,"n"
42459,90,274,3,2016,2015,441.742813200004,14,TRUE,"n"
42460,91,275,3,2016,2015,399.267542700004,14.9,TRUE,"n"
42461,92,276,4,2016,2015,373.782380400003,15.4,TRUE,"n"
42462,93,277,4,2016,2015,356.792272200003,16.4,TRUE,"n"
42463,94,278,4,2016,2015,342.633848700003,17.2,TRUE,"n"
42464,95,279,4,2016,2015,331.307109900003,17.6,TRUE,"n"
42465,96,280,4,2016,2015,322.812055800003,17.6,TRUE,"n"
42466,97,281,4,2016,2015,308.653632300003,17.5,TRUE,"n"
42467,98,282,4,2016,2015,291.663524100003,17.8,TRUE,"n"
42468,99,283,4,2016,2015,278.071437540002,17.9,TRUE,"n"
42469,100,284,4,2016,2015,272.974405080002,17.9,TRUE,"n"
42470,101,285,4,2016,2015,274.107078960002,17.3,TRUE,"n"
42471,102,286,4,2016,2015,274.390247430002,17.3,TRUE,"n"
42472,103,287,4,2016,2015,274.107078960002,17.7,TRUE,"n"
42473,104,288,4,2016,2015,267.877372620002,17.7,TRUE,"n"
42474,105,289,4,2016,2015,264.479350980002,17.5,TRUE,"n"
42475,106,290,4,2016,2015,261.364497810002,17,TRUE,"n"
42476,107,291,4,2016,2015,252.869443710002,16.7,TRUE,"n"
42477,108,292,4,2016,2015,240.410031030002,17.2,TRUE,"n"
42478,109,293,4,2016,2015,228.233786820002,18.1,TRUE,"n"
42479,110,294,4,2016,2015,210.960510150002,19.3,TRUE,"n"
42480,111,295,4,2016,2015,191.988222660002,19.7,TRUE,"n"
42481,112,296,4,2016,2015,175.281282930002,19.9,TRUE,"n"
42482,113,297,4,2016,2015,164.804049540001,19.3,TRUE,"n"
42483,114,298,4,2016,2015,157.441669320001,18.3,TRUE,"n"
42484,115,299,4,2016,2015,175.564451400002,18.7,TRUE,"n"
42485,116,300,4,2016,2015,166.503060360001,18,TRUE,"n"
42486,117,301,4,2016,2015,148.097109810001,17.1,TRUE,"n"
42487,118,302,4,2016,2015,136.204034070001,17.3,TRUE,"n"
42488,119,303,4,2016,2015,121.762442100001,17.6,TRUE,"n"
42489,120,304,4,2016,2015,111.568377180001,18.6,TRUE,"n"
42490,121,305,4,2016,2015,107.887187070001,18.5,TRUE,"n"
42491,122,306,5,2016,2015,99.1089645000009,19,TRUE,"n"
42492,123,307,5,2016,2015,91.7465842800008,20.1,TRUE,"n"
42493,124,308,5,2016,2015,88.9148995800008,20.7,TRUE,"n"
42494,125,309,5,2016,2015,86.6495518200008,21.1,TRUE,"n"
42495,126,310,5,2016,2015,81.8356878300007,20.8,TRUE,"n"
42496,127,311,5,2016,2015,86.6495518200008,19.4,TRUE,"n"
42497,128,312,5,2016,2015,96.2772798000009,19,TRUE,"n"
42498,129,313,5,2016,2015,109.019860950001,18.4,TRUE,"n"
42499,130,314,5,2016,2015,127.425811500001,19.4,TRUE,"n"
42500,131,315,5,2016,2015,137.053539480001,20.6,TRUE,"n"
42501,132,316,5,2016,2015,136.204034070001,21.4,TRUE,"n"
42502,133,317,5,2016,2015,130.823833140001,22.2,TRUE,"n"
42503,134,318,5,2016,2015,121.196105160001,22.4,TRUE,"n"
42504,135,319,5,2016,2015,110.435703300001,21.9,TRUE,"n"
42505,136,320,5,2016,2015,101.091143790001,22.2,TRUE,"n"
42506,137,321,5,2016,2015,97.6931221500009,22.4,TRUE,"n"
42507,138,322,5,2016,2015,95.4277743900008,22.5,TRUE,"n"
42508,139,323,5,2016,2015,91.4634158100008,22.9,TRUE,"n"
42509,140,324,5,2016,2015,89.1980680500008,22.8,TRUE,"n"
42510,141,325,5,2016,2015,87.4990572300008,22.7,TRUE,"n"
42511,142,326,5,2016,2015,88.9148995800008,21.5,TRUE,"n"
42512,143,327,5,2016,2015,96.2772798000009,20,TRUE,"n"
42513,144,328,5,2016,2015,107.320850130001,19.5,TRUE,"n"
42514,145,329,5,2016,2015,111.285208710001,19.7,TRUE,"n"
42515,146,330,5,2016,2015,110.435703300001,20.6,TRUE,"n"
42516,147,331,5,2016,2015,107.887187070001,21.4,TRUE,"n"
42517,148,332,5,2016,2015,107.887187070001,22.6,TRUE,"n"
42518,149,333,5,2016,2015,107.320850130001,22.6,TRUE,"n"
42519,150,334,5,2016,2015,99.9584699100009,22.9,TRUE,"n"
42520,151,335,5,2016,2015,95.7109428600009,23.7,TRUE,"n"
42521,152,336,5,2016,2015,93.4455951000008,24.6,TRUE,"n"
42522,153,337,6,2016,2015,88.6317311100008,24.8,TRUE,"n"
42523,154,338,6,2016,2015,85.5168779400008,25.3,TRUE,"n"
42524,155,339,6,2016,2015,94.5782689800008,25.6,TRUE,"n"
42525,156,340,6,2016,2015,105.338670840001,25.6,TRUE,"n"
42526,157,341,6,2016,2015,106.754513190001,24.6,TRUE,"n"
42527,158,342,6,2016,2015,107.320850130001,24.8,TRUE,"n"
42528,159,343,6,2016,2015,110.435703300001,24.5,TRUE,"n"
42529,160,344,6,2016,2015,112.134714120001,24,TRUE,"n"
42530,161,345,6,2016,2015,109.019860950001,23.7,TRUE,"n"
42531,162,346,6,2016,2015,109.303029420001,23.4,TRUE,"n"
42532,163,347,6,2016,2015,105.055502370001,22.6,TRUE,"n"
42533,164,348,6,2016,2015,101.374312260001,22.5,TRUE,"n"
42534,165,349,6,2016,2015,101.374312260001,22.4,TRUE,"n"
42535,166,350,6,2016,2015,97.9762906200009,22.1,TRUE,"n"
42536,167,351,6,2016,2015,93.7287635700008,21.8,TRUE,"n"
42537,168,352,6,2016,2015,90.8970788700008,20.1,TRUE,"n"
42538,169,353,6,2016,2015,89.7644049900008,19.7,TRUE,"n"
42539,170,354,6,2016,2015,93.4455951000008,19.9,TRUE,"n"
42540,171,355,6,2016,2015,105.621839310001,20.5,TRUE,"n"
42541,172,356,6,2016,2015,129.407990790001,21.5,TRUE,"n"
42542,173,357,6,2016,2015,137.336707950001,22.1,TRUE,"n"
42543,174,358,6,2016,2015,136.770371010001,22.6,TRUE,"n"
42544,175,359,6,2016,2015,131.107001610001,22.8,TRUE,"n"
42545,176,360,6,2016,2015,125.443632210001,23,TRUE,"n"
42546,177,361,6,2016,2015,121.479273630001,23.4,TRUE,"n"
42547,178,362,6,2016,2015,120.063431280001,23.5,TRUE,"n"
42548,179,363,6,2016,2015,110.152534830001,23.9,TRUE,"n"
42549,180,364,6,2016,2015,104.489165430001,24.5,TRUE,"n"
42550,181,365,6,2016,2015,99.1089645000009,24.6,TRUE,"n"
42551,182,366,6,2016,2015,95.4277743900008,25,NA,"n"
42552,183,1,7,2016,2016,92.8792581600008,NA,NA,"n"
42553,184,2,7,2016,2016,92.0297527500008,25.1,NA,"n"
42554,185,3,7,2016,2016,100.524806850001,24.8,NA,"n"
42555,186,4,7,2016,2016,105.621839310001,24.2,TRUE,"n"
42556,187,5,7,2016,2016,106.754513190001,23.7,TRUE,"n"
42557,188,6,7,2016,2016,105.338670840001,23.4,TRUE,"n"
42558,189,7,7,2016,2016,103.922828490001,23.2,TRUE,"n"
42559,190,8,7,2016,2016,104.489165430001,23,TRUE,"n"
42560,191,9,7,2016,2016,106.471344720001,23.1,TRUE,"n"
42561,192,10,7,2016,2016,118.930757400001,22.4,TRUE,"n"
42562,193,11,7,2016,2016,127.992148440001,21.8,TRUE,"n"
42563,194,12,7,2016,2016,128.275316910001,21.8,TRUE,"n"
42564,195,13,7,2016,2016,126.293137620001,22.2,TRUE,"n"
42565,196,14,7,2016,2016,120.063431280001,22.8,TRUE,"n"
42566,197,15,7,2016,2016,115.249567290001,23.1,TRUE,"n"
42567,198,16,7,2016,2016,113.267388000001,23,TRUE,"n"
42568,199,17,7,2016,2016,115.532735760001,22.6,TRUE,"n"
42569,200,18,7,2016,2016,117.514915050001,22,TRUE,"n"
42570,201,19,7,2016,2016,118.930757400001,22,TRUE,"n"
42571,202,20,7,2016,2016,120.063431280001,22.1,TRUE,"n"
42572,203,21,7,2016,2016,121.762442100001,22,TRUE,"n"
42573,204,22,7,2016,2016,123.178284450001,21.9,TRUE,"n"
42574,205,23,7,2016,2016,123.461452920001,NA,NA,"n"
42575,206,24,7,2016,2016,121.762442100001,22.7,TRUE,"n"
42576,207,25,7,2016,2016,121.479273630001,22.8,TRUE,"n"
42577,208,26,7,2016,2016,123.178284450001,23.1,TRUE,"n"
42578,209,27,7,2016,2016,126.576306090001,23.1,TRUE,"n"
42579,210,28,7,2016,2016,126.293137620001,23.1,TRUE,"n"
42580,211,29,7,2016,2016,130.823833140001,23.1,TRUE,"n"
42581,212,30,7,2016,2016,133.655517840001,23,TRUE,"n"
42582,213,31,7,2016,2016,137.903044890001,22.7,NA,"n"
42583,214,32,8,2016,2016,141.584235000001,22.2,TRUE,"y"
42584,215,33,8,2016,2016,143.000077350001,22,TRUE,"y"
42585,216,34,8,2016,2016,143.849582760001,22.1,TRUE,"y"
42586,217,35,8,2016,2016,144.132751230001,22.2,TRUE,"y"
42587,218,36,8,2016,2016,143.566414290001,21.4,TRUE,"y"
42588,219,37,8,2016,2016,144.982256640001,21.3,TRUE,"y"
42589,220,38,8,2016,2016,147.247604400001,21.3,TRUE,"y"
42590,221,39,8,2016,2016,151.495131450001,21.4,TRUE,"y"
42591,222,40,8,2016,2016,154.893153090001,21.4,TRUE,"y"
42592,223,41,8,2016,2016,154.609984620001,21.4,TRUE,"y"
42593,224,42,8,2016,2016,156.025826970001,21.4,TRUE,"y"
42594,225,43,8,2016,2016,161.689196370001,21.6,TRUE,"y"
42595,226,44,8,2016,2016,163.671375660001,21.7,TRUE,"y"
42596,227,45,8,2016,2016,165.936723420001,21.7,TRUE,"y"
42597,228,46,8,2016,2016,168.485239650002,21.5,TRUE,"y"
42598,229,47,8,2016,2016,171.316924350002,21.4,TRUE,"y"
42599,230,48,8,2016,2016,173.582272110002,21.4,TRUE,"y"
42600,231,49,8,2016,2016,174.998114460002,21.6,TRUE,"y"
42601,232,50,8,2016,2016,179.245641510002,21.7,TRUE,"y"
42602,233,51,8,2016,2016,186.324853260002,21.7,TRUE,"y"
42603,234,52,8,2016,2016,191.421885720002,21.5,TRUE,"y"
42604,235,53,8,2016,2016,193.687233480002,21.1,TRUE,"y"
42605,236,54,8,2016,2016,196.235749710002,20.7,TRUE,"y"
42606,237,55,8,2016,2016,199.350602880002,20.4,TRUE,"y"
42607,238,56,8,2016,2016,206.146646160002,20.3,TRUE,"y"
42608,239,57,8,2016,2016,212.942689440002,20.3,TRUE,"y"
42609,240,58,8,2016,2016,218.606058840002,19.9,TRUE,"y"
42610,241,59,8,2016,2016,222.570417420002,19.7,TRUE,"y"
42611,242,60,8,2016,2016,225.402102120002,19.6,TRUE,"y"
42612,243,61,8,2016,2016,219.738732720002,19,TRUE,"y"
42613,244,62,8,2016,2016,222.287248950002,19.2,TRUE,"y"
42614,245,63,9,2016,2016,225.118933650002,19,TRUE,"y"
42615,246,64,9,2016,2016,227.950618350002,19.1,TRUE,"y"
42616,247,65,9,2016,2016,223.703091300002,NA,NA,"y"
42617,248,66,9,2016,2016,222.853585890002,18.8,TRUE,"y"
42618,249,67,9,2016,2016,224.835765180002,18.5,TRUE,"y"
42619,250,68,9,2016,2016,227.667449880002,18.4,TRUE,"y"
42620,251,69,9,2016,2016,230.499134580002,18.3,TRUE,"y"
42621,252,70,9,2016,2016,224.269428240002,18.6,TRUE,"y"
42622,253,71,9,2016,2016,220.305069660002,18.9,TRUE,"y"
42623,254,72,9,2016,2016,223.419922830002,19,TRUE,"y"
42624,255,73,9,2016,2016,216.907048020002,18.9,TRUE,"y"
42625,256,74,9,2016,2016,212.659520970002,18.6,TRUE,"y"
42626,257,75,9,2016,2016,214.075363320002,18.5,TRUE,"y"
42627,258,76,9,2016,2016,216.340711080002,18.1,TRUE,"y"
42628,259,77,9,2016,2016,217.756553430002,18,TRUE,"y"
42629,260,78,9,2016,2016,218.606058840002,17.9,TRUE,"y"
42630,261,79,9,2016,2016,220.588238130002,18,TRUE,"y"
42631,262,80,9,2016,2016,221.154575070002,18.4,TRUE,"y"
42632,263,81,9,2016,2016,222.287248950002,18.8,TRUE,"y"
42633,264,82,9,2016,2016,221.437743540002,18.7,TRUE,"y"
42634,265,83,9,2016,2016,222.004080480002,18.5,TRUE,"y"
42635,266,84,9,2016,2016,216.623879550002,17.9,TRUE,"y"
42636,267,85,9,2016,2016,212.376352500002,17.2,TRUE,"y"
42637,268,86,9,2016,2016,206.429814630002,17.2,TRUE,"y"
42638,269,87,9,2016,2016,200.483276760002,17.6,TRUE,"y"
42639,270,88,9,2016,2016,199.067434410002,17.9,TRUE,"y"
42640,271,89,9,2016,2016,199.067434410002,18.2,TRUE,"y"
42641,272,90,9,2016,2016,197.651592060002,18.4,TRUE,"y"
42642,273,91,9,2016,2016,193.970401950002,18.3,TRUE,"y"
42643,274,92,9,2016,2016,188.873369490002,17.8,TRUE,"y"
42644,275,93,10,2016,2016,187.174358670002,17.5,NA,"y"
42645,276,94,10,2016,2016,186.608021730002,17,NA,"y"
42646,277,95,10,2016,2016,184.342673970002,16.1,NA,"y"
42647,278,96,10,2016,2016,189.722874900002,14.9,NA,"y"
42648,279,97,10,2016,2016,187.457527140002,14.7,NA,"y"
42649,280,98,10,2016,2016,179.811978450002,15,NA,"y"
42650,281,99,10,2016,2016,174.998114460002,15.4,NA,"y"
42651,282,100,10,2016,2016,169.617913530002,16,NA,"y"
42652,283,101,10,2016,2016,165.370386480001,16.5,NA,"y"
42653,284,102,10,2016,2016,163.671375660001,16.7,NA,"y"
42654,285,103,10,2016,2016,162.255533310001,16.9,NA,"y"
42655,286,104,10,2016,2016,155.742658500001,16.8,NA,"y"
42656,287,105,10,2016,2016,151.495131450001,16.5,NA,"y"
42657,288,106,10,2016,2016,150.645626040001,16.3,NA,"y"
42658,289,107,10,2016,2016,156.308995440001,16.1,NA,"y"
42659,290,108,10,2016,2016,167.918902710002,15.5,NA,"y"
42660,291,109,10,2016,2016,166.503060360001,15.1,NA,"y"
42661,292,110,10,2016,2016,163.105038720001,15.2,NA,"y"
42662,293,111,10,2016,2016,157.441669320001,15.3,NA,"y"
42663,294,112,10,2016,2016,145.265425110001,15.2,NA,"y"
42664,295,113,10,2016,2016,135.071360190001,15.5,NA,"y"
42665,296,114,10,2016,2016,129.974327730001,15.6,NA,"y"
42666,297,115,10,2016,2016,122.045610570001,15.6,NA,"y"
42667,298,116,10,2016,2016,113.550556470001,15.4,NA,"y"
42668,299,117,10,2016,2016,114.400061880001,15.2,NA,"y"
42669,300,118,10,2016,2016,138.469381830001,15.4,NA,"y"
42670,301,119,10,2016,2016,179.528809980002,15.1,NA,"y"
42671,302,120,10,2016,2016,167.635734240001,15.5,NA,"y"
42672,303,121,10,2016,2016,187.174358670002,15.7,NA,"y"
42673,304,122,10,2016,2016,220.305069660002,15.3,NA,"y"
42674,305,123,10,2016,2016,227.667449880002,15,NA,"y"
42675,306,124,11,2016,2016,252.303106770002,14.7,NA,"y"
42676,307,125,11,2016,2016,297.326893500003,14.2,NA,"y"
42677,308,126,11,2016,2016,322.812055800003,14,NA,"y"
42678,309,127,11,2016,2016,265.328856390002,14,NA,"y"
42679,310,128,11,2016,2016,222.004080480002,14,NA,"y"
42680,311,129,11,2016,2016,193.970401950002,14.2,NA,"y"
42681,312,130,11,2016,2016,178.112967630002,14.7,NA,"y"
42682,313,131,11,2016,2016,168.202071180001,14.9,NA,"y"
42683,314,132,11,2016,2016,161.406027900001,15.3,NA,"y"
42684,315,133,11,2016,2016,152.910973800001,15.3,NA,"y"
42685,316,134,11,2016,2016,144.982256640001,15.3,NA,"y"
42686,317,135,11,2016,2016,143.283245820001,15.2,NA,"y"
42687,318,136,11,2016,2016,142.716908880001,15.1,NA,"y"
42688,319,137,11,2016,2016,142.150571940001,15,NA,"y"
42689,320,138,11,2016,2016,142.716908880001,14.8,NA,"y"
42690,321,139,11,2016,2016,140.734729590001,14.5,NA,"y"
42691,322,140,11,2016,2016,139.035718770001,13.7,NA,"y"
42692,323,141,11,2016,2016,139.318887240001,12.9,NA,"y"
42693,324,142,11,2016,2016,145.831762050001,12.4,NA,"y"
42694,325,143,11,2016,2016,169.617913530002,12,NA,"y"
42695,326,144,11,2016,2016,283.168470000003,11.9,NA,"y"
42696,327,145,11,2016,2016,419.089335600004,11.8,NA,"y"
42697,328,146,11,2016,2016,342.633848700003,12.2,NA,"y"
42698,329,147,11,2016,2016,288.831839400003,11.9,NA,"y"
42699,330,148,11,2016,2016,291.663524100003,11.6,NA,"y"
42700,331,149,11,2016,2016,261.930834750002,11,NA,"y"
42701,332,150,11,2016,2016,252.869443710002,10.6,NA,"y"
42702,333,151,11,2016,2016,334.138794600003,10.4,NA,"y"
42703,334,152,11,2016,2016,345.465533400003,10.3,NA,"y"
42704,335,153,11,2016,2016,302.990262900003,10.3,NA,"y"
42705,336,154,12,2016,2016,270.425888850002,10.2,NA,"y"
42706,337,155,12,2016,2016,246.356568900002,9.8,NA,"y"
42707,338,156,12,2016,2016,227.101112940002,9.6,NA,"y"
42708,339,157,12,2016,2016,211.810015560002,9.7,NA,"y"
42709,340,158,12,2016,2016,201.332782170002,9.6,NA,"y"
42710,341,159,12,2016,2016,194.819907360002,9.2,NA,"y"
42711,342,160,12,2016,2016,191.988222660002,8.9,NA,"y"
42712,343,161,12,2016,2016,190.289211840002,8.5,NA,"y"
42713,344,162,12,2016,2016,194.536738890002,8.5,NA,"y"
42714,345,163,12,2016,2016,266.744698740002,9.3,NA,"y"
42715,346,164,12,2016,2016,478.554714300004,10.1,NA,"y"
42716,347,165,12,2016,2016,637.129057500006,9.9,NA,"y"
42717,348,166,12,2016,2016,555.010201200005,9.6,NA,"y"
42718,349,167,12,2016,2016,438.911128500004,9.3,NA,"y"
42719,350,168,12,2016,2016,484.218083700004,10.1,NA,"y"
42720,351,169,12,2016,2016,648.455796300006,11,NA,"y"
42721,352,170,12,2016,2016,699.426120900006,11,NA,"y"
42722,353,171,12,2016,2016,690.931066800006,9.9,NA,"y"
42723,354,172,12,2016,2016,637.129057500006,8.3,NA,"y"
42724,355,173,12,2016,2016,580.495363500005,7.5,NA,"y"
42725,356,174,12,2016,2016,529.525038900005,8,NA,"y"
42726,357,175,12,2016,2016,484.218083700004,8.7,NA,"y"
42727,358,176,12,2016,2016,487.049768400004,9,NA,"y"
42728,359,177,12,2016,2016,498.376507200004,9.2,NA,"y"
42729,360,178,12,2016,2016,600.317156400005,9.1,NA,"y"
42730,361,179,12,2016,2016,560.673570600005,8.1,NA,"y"
42731,362,180,12,2016,2016,487.049768400004,7.6,NA,"y"
42732,363,181,12,2016,2016,441.742813200004,7.6,NA,"y"
42733,364,182,12,2016,2016,416.257650900004,8.2,NA,"y"
42734,365,183,12,2016,2016,396.435858000004,8.6,NA,"y"
42735,366,184,12,2016,2016,382.277434500003,9,NA,"y"
42736,1,185,1,2017,2016,356.792272200003,9.2,NA,"y"
42737,2,186,1,2017,2016,322.812055800003,9.1,NA,"y"
42738,3,187,1,2017,2016,294.495208800003,8.9,NA,"y"
42739,4,188,1,2017,2016,300.158578200003,8.6,NA,"y"
42740,5,189,1,2017,2016,532.356723600005,8.6,NA,"y"
42741,6,190,1,2017,2016,594.653787000005,7.8,NA,"y"
42742,7,191,1,2017,2016,492.713137800004,7,NA,"y"
42743,8,192,1,2017,2016,509.703246000005,7.2,NA,"y"
42744,9,193,1,2017,2016,673.940958600006,8.5,NA,"y"
42745,10,194,1,2017,2016,719.247913800006,8.8,NA,"y"
42746,11,195,1,2017,2016,730.574652600007,9,NA,"y"
42747,12,196,1,2017,2016,733.406337300006,9.2,NA,"y"
42748,13,197,1,2017,2016,733.406337300006,9.1,NA,"y"
42749,14,198,1,2017,2016,724.911283200006,8.6,NA,"y"
42750,15,199,1,2017,2016,716.416229100006,8.9,NA,"y"
42751,16,200,1,2017,2016,710.752859700006,8.9,NA,"y"
42752,17,201,1,2017,2016,705.089490300006,NA,NA,"y"
42753,18,202,1,2017,2016,699.426120900006,NA,NA,"y"
42754,19,203,1,2017,2016,699.426120900006,9.1,NA,"y"
42755,20,204,1,2017,2016,716.416229100006,9,NA,"y"
42756,21,205,1,2017,2016,724.911283200006,8.8,NA,"y"
42757,22,206,1,2017,2016,727.742967900007,8.9,NA,"y"
42758,23,207,1,2017,2016,727.742967900007,8.9,NA,"y"
42759,24,208,1,2017,2016,730.574652600007,8.9,NA,"y"
42760,25,209,1,2017,2016,719.247913800006,8.9,NA,"y"
42761,26,210,1,2017,2016,707.921175000006,8.8,NA,"y"
42762,27,211,1,2017,2016,696.594436200006,8.8,NA,"y"
42763,28,212,1,2017,2016,690.931066800006,9,NA,"y"
42764,29,213,1,2017,2016,685.267697400006,NA,NA,"y"
42765,30,214,1,2017,2016,673.940958600006,8.9,NA,"y"
42766,31,215,1,2017,2016,668.277589200006,8.9,NA,"y"
42767,32,216,2,2017,2016,665.445904500006,8.8,NA,"n"
42768,33,217,2,2017,2016,665.445904500006,8.7,NA,"n"
42769,34,218,2,2017,2016,665.445904500006,9.4,NA,"n"
42770,35,219,2,2017,2016,685.267697400006,10.2,NA,"n"
42771,36,220,2,2017,2016,699.426120900006,10.2,NA,"n"
42772,37,221,2,2017,2016,696.594436200006,10.2,NA,"n"
42773,38,222,2,2017,2016,702.257805600006,10.7,NA,"n"
42774,39,223,2,2017,2016,722.079598500006,11.3,NA,"n"
42775,40,224,2,2017,2016,739.069706700007,11.6,NA,"n"
42776,41,225,2,2017,2016,744.733076100007,11.6,NA,"n"
42777,42,226,2,2017,2016,753.228130200007,11.5,NA,"n"
42778,43,227,2,2017,2016,756.059814900007,11.1,NA,"n"
42779,44,228,2,2017,2016,750.396445500007,10.3,NA,"n"
42780,45,229,2,2017,2016,747.564760800007,9.9,NA,"n"
42781,46,230,2,2017,2016,747.564760800007,9.8,NA,"n"
42782,47,231,2,2017,2016,744.733076100007,10,NA,"n"
42783,48,232,2,2017,2016,744.733076100007,10.2,NA,"n"
42784,49,233,2,2017,2016,741.901391400007,10.3,NA,"n"
42785,50,234,2,2017,2016,741.901391400007,10.5,NA,"n"
42786,51,235,2,2017,2016,750.396445500007,10.5,NA,"n"
42787,52,236,2,2017,2016,753.228130200007,10.4,NA,"n"
42788,53,237,2,2017,2016,747.564760800007,10.4,NA,"n"
42789,54,238,2,2017,2016,736.238022000007,10.3,NA,"n"
42790,55,239,2,2017,2016,733.406337300006,9.7,NA,"n"
42791,56,240,2,2017,2016,733.406337300006,9.3,NA,"n"
42792,57,241,2,2017,2016,730.574652600007,9.3,NA,"n"
42793,58,242,2,2017,2016,730.574652600007,9.3,NA,"n"
42794,59,243,2,2017,2016,727.742967900007,9.4,NA,"n"
42795,60,244,3,2017,2016,724.911283200006,9.5,NA,"n"
42796,61,245,3,2017,2016,722.079598500006,9.6,NA,"n"
42797,62,246,3,2017,2016,719.247913800006,9.8,NA,"n"
42798,63,247,3,2017,2016,716.416229100006,9.9,NA,"n"
42799,64,248,3,2017,2016,707.921175000006,9.9,NA,"n"
42800,65,249,3,2017,2016,699.426120900006,9.8,NA,"n"
42801,66,250,3,2017,2016,690.931066800006,9.3,NA,"n"
42802,67,251,3,2017,2016,679.604328000006,NA,NA,"n"
42803,68,252,3,2017,2016,668.277589200006,10.6,NA,"n"
42804,69,253,3,2017,2016,654.119165700006,11.2,NA,"n"
42805,70,254,3,2017,2016,642.792426900006,11.6,NA,"n"
42806,71,255,3,2017,2016,625.802318700006,12,NA,"n"
42807,72,256,3,2017,2016,611.643895200005,12.4,NA,"n"
42808,73,257,3,2017,2016,594.653787000005,12.8,NA,"n"
42809,74,258,3,2017,2016,577.663678800005,13.2,NA,"n"
42810,75,259,3,2017,2016,555.010201200005,13.2,NA,"n"
42811,76,260,3,2017,2016,526.693354200005,NA,NA,"n"
42812,77,261,3,2017,2016,512.534930700005,12.9,NA,"n"
42813,78,262,3,2017,2016,515.366615400005,13.3,NA,"n"
42814,79,263,3,2017,2016,526.693354200005,13,NA,"n"
42815,80,264,3,2017,2016,532.356723600005,13,NA,"n"
42816,81,265,3,2017,2016,552.178516500005,13.4,NA,"n"
42817,82,266,3,2017,2016,603.148841100005,NA,NA,"n"
42818,83,267,3,2017,2016,620.138949300005,12.6,NA,"n"
42819,84,268,3,2017,2016,622.970634000006,11.7,NA,"n"
42820,85,269,3,2017,2016,662.614219800006,NA,NA,"n"
42821,86,270,3,2017,2016,645.624111600006,NA,NA,"n"
42822,87,271,3,2017,2016,634.297372800006,12.2,NA,"n"
42823,88,272,3,2017,2016,625.802318700006,12.9,NA,"n"
42824,89,273,3,2017,2016,608.812210500005,13.4,NA,"n"
42825,90,274,3,2017,2016,600.317156400005,13.2,NA,"n"
42826,91,275,4,2017,2016,594.653787000005,13.3,NA,"n"
42827,92,276,4,2017,2016,580.495363500005,14,NA,"n"
42828,93,277,4,2017,2016,560.673570600005,14.7,NA,"n"
42829,94,278,4,2017,2016,538.020093000005,15,NA,"n"
42830,95,279,4,2017,2016,518.198300100005,15,NA,"n"
42831,96,280,4,2017,2016,506.871561300005,14.6,NA,"n"
42832,97,281,4,2017,2016,515.366615400005,13.6,NA,"n"
42833,98,282,4,2017,2016,637.129057500006,12.8,NA,"n"
42834,99,283,4,2017,2016,659.782535100006,12.6,NA,"n"
42835,100,284,4,2017,2016,637.129057500006,12.6,NA,"n"
42836,101,285,4,2017,2016,614.475579900006,13.1,NA,"n"
42837,102,286,4,2017,2016,603.148841100005,13.2,NA,"n"
42838,103,287,4,2017,2016,603.148841100005,12.9,NA,"n"
42839,104,288,4,2017,2016,637.129057500006,12.9,NA,"n"
42840,105,289,4,2017,2016,668.277589200006,12.3,NA,"n"
42841,106,290,4,2017,2016,671.109273900006,11.8,NA,"n"
42842,107,291,4,2017,2016,671.109273900006,11.8,NA,"n"
42843,108,292,4,2017,2016,671.109273900006,12.1,NA,"n"
42844,109,293,4,2017,2016,673.940958600006,12.7,NA,"n"
42845,110,294,4,2017,2016,676.772643300006,13.2,NA,"n"
42846,111,295,4,2017,2016,679.604328000006,13.1,NA,"n"
42847,112,296,4,2017,2016,682.436012700006,13.2,NA,"n"
42848,113,297,4,2017,2016,679.604328000006,13.4,NA,"n"
42849,114,298,4,2017,2016,679.604328000006,13.7,NA,"n"
42850,115,299,4,2017,2016,676.772643300006,13.5,NA,"n"
42851,116,300,4,2017,2016,676.772643300006,NA,NA,"n"
42852,117,301,4,2017,2016,662.614219800006,NA,NA,"n"
42853,118,302,4,2017,2016,648.455796300006,13.7,NA,"n"
42854,119,303,4,2017,2016,628.634003400006,14,NA,"n"
42855,120,304,4,2017,2016,611.643895200005,NA,NA,"n"
42856,121,305,5,2017,2016,588.990417600005,NA,NA,"n"
42857,122,306,5,2017,2016,543.683462400005,17,NA,"n"
42858,123,307,5,2017,2016,487.049768400004,18.4,NA,"n"
42859,124,308,5,2017,2016,430.416074400004,19.7,NA,"n"
42860,125,309,5,2017,2016,376.614065100003,20,NA,"n"
42861,126,310,5,2017,2016,334.138794600003,19.7,NA,"n"
42862,127,311,5,2017,2016,297.326893500003,19.3,NA,"n"
42863,128,312,5,2017,2016,280.903122240003,18.6,NA,"n"
42864,129,313,5,2017,2016,353.960587500003,18.4,NA,"n"
42865,130,314,5,2017,2016,368.119011000003,17.7,NA,"n"
42866,131,315,5,2017,2016,362.455641600003,17.9,NA,"n"
42867,132,316,5,2017,2016,362.455641600003,17.7,NA,"n"
42868,133,317,5,2017,2016,365.287326300003,17.2,NA,"n"
42869,134,318,5,2017,2016,365.287326300003,16.6,NA,"n"
42870,135,319,5,2017,2016,359.623956900003,16.6,NA,"n"
42871,136,320,5,2017,2016,348.297218100003,16.2,NA,"n"
42872,137,321,5,2017,2016,336.970479300003,16.2,NA,"n"
42873,138,322,5,2017,2016,325.643740500003,NA,NA,"n"
42874,139,323,5,2017,2016,314.317001700003,17,NA,"n"
42875,140,324,5,2017,2016,302.990262900003,18.2,NA,"n"
42876,141,325,5,2017,2016,300.158578200003,19.2,NA,"n"
42877,142,326,5,2017,2016,302.990262900003,20.1,NA,"n"
42878,143,327,5,2017,2016,305.821947600003,19.9,NA,"n"
42879,144,328,5,2017,2016,311.485317000003,19.8,NA,"n"
42880,145,329,5,2017,2016,314.317001700003,NA,NA,"n"
42881,146,330,5,2017,2016,302.990262900003,19,NA,"n"
42882,147,331,5,2017,2016,288.831839400003,19.9,NA,"n"
42883,148,332,5,2017,2016,286.000154700003,19.9,NA,"n"
42884,149,333,5,2017,2016,283.168470000003,20,NA,"n"
42885,150,334,5,2017,2016,283.168470000003,NA,NA,"n"
42886,151,335,5,2017,2016,291.663524100003,19.8,NA,"n"
42887,152,336,6,2017,2016,297.326893500003,19.9,NA,"n"
42888,153,337,6,2017,2016,297.326893500003,19.9,NA,"n"
42889,154,338,6,2017,2016,294.495208800003,20.6,NA,"n"
42890,155,339,6,2017,2016,291.663524100003,20.4,NA,"n"
42891,156,340,6,2017,2016,286.000154700003,20.3,NA,"n"
42892,157,341,6,2017,2016,282.602133060003,20.5,NA,"n"
42893,158,342,6,2017,2016,277.505100600002,20,NA,"n"
42894,159,343,6,2017,2016,273.257573550002,19.4,NA,"n"
42895,160,344,6,2017,2016,271.275394260002,18.3,NA,"n"
42896,161,345,6,2017,2016,263.913014040002,18,NA,"n"
42897,162,346,6,2017,2016,262.214003220002,18,NA,"n"
42898,163,347,6,2017,2016,258.532813110002,17.9,NA,"n"
42899,164,348,6,2017,2016,253.718949120002,18.4,NA,"n"
42900,165,349,6,2017,2016,248.338748190002,19.2,NA,"n"
42901,166,350,6,2017,2016,237.578346330002,20.2,NA,"n"
42902,167,351,6,2017,2016,217.190216490002,21.2,NA,"n"
42903,168,352,6,2017,2016,206.146646160002,21.8,NA,"n"
42904,169,353,6,2017,2016,200.200108290002,22.6,NA,"n"
42905,170,354,6,2017,2016,198.784265940002,23.4,NA,"n"
42906,171,355,6,2017,2016,197.085255120002,23.8,NA,"n"
42907,172,356,6,2017,2016,201.899119110002,24,NA,"n"
42908,173,357,6,2017,2016,199.067434410002,23.9,NA,"n"
42909,174,358,6,2017,2016,188.590201020002,23.4,NA,"n"
42910,175,359,6,2017,2016,176.130788340002,23.5,NA,"n"
42911,176,360,6,2017,2016,167.352565770001,23.3,NA,"n"
42912,177,361,6,2017,2016,162.255533310001,22.9,NA,"n"
42913,178,362,6,2017,2016,164.237712600001,22.5,NA,"n"
42914,179,363,6,2017,2016,159.990185550001,22.4,NA,"n"
42915,180,364,6,2017,2016,154.043647680001,22.5,NA,"n"
42916,181,365,6,2017,2016,154.326816150001,22.5,NA,"n"
42917,182,1,7,2017,2017,152.627805330001,22.6,NA,"n"
42918,183,2,7,2017,2017,153.760479210001,22.8,NA,"n"
42919,184,3,7,2017,2017,154.609984620001,22.8,NA,"n"
42920,185,4,7,2017,2017,158.291174730001,22.8,NA,"n"
42921,186,5,7,2017,2017,157.158500850001,22.5,NA,"n"
42922,187,6,7,2017,2017,156.592163910001,22.6,NA,"n"
42923,188,7,7,2017,2017,156.875332380001,22.8,NA,"n"
42924,189,8,7,2017,2017,152.344636860001,23,NA,"n"
42925,190,9,7,2017,2017,151.495131450001,22.9,NA,"n"
42926,191,10,7,2017,2017,150.928794510001,23,NA,"n"
42927,192,11,7,2017,2017,151.778299920001,22.9,NA,"n"
42928,193,12,7,2017,2017,155.176321560001,22.7,NA,"n"
42929,194,13,7,2017,2017,152.061468390001,22.6,NA,"n"
42930,195,14,7,2017,2017,149.229783690001,22.8,NA,"n"
42931,196,15,7,2017,2017,152.344636860001,22.9,NA,"n"
42932,197,16,7,2017,2017,154.609984620001,23.1,NA,"n"
42933,198,17,7,2017,2017,155.742658500001,23.1,NA,"n"
42934,199,18,7,2017,2017,155.742658500001,22.7,NA,"n"
42935,200,19,7,2017,2017,151.211962980001,22.4,NA,"n"
42936,201,20,7,2017,2017,149.796120630001,22.3,NA,"n"
42937,202,21,7,2017,2017,150.362457570001,22.4,NA,"n"
42938,203,22,7,2017,2017,148.946615220001,22.5,NA,"n"
42939,204,23,7,2017,2017,151.211962980001,22.9,NA,"n"
42940,205,24,7,2017,2017,152.061468390001,22.7,NA,"n"
42941,206,25,7,2017,2017,150.928794510001,22.6,NA,"n"
42942,207,26,7,2017,2017,152.910973800001,22.5,NA,"n"
42943,208,27,7,2017,2017,157.441669320001,22.5,NA,"n"
42944,209,28,7,2017,2017,159.423848610001,22.6,NA,"n"
42945,210,29,7,2017,2017,160.556522490001,22.6,NA,"n"
42946,211,30,7,2017,2017,159.423848610001,22.5,NA,"n"
42947,212,31,7,2017,2017,156.308995440001,22.5,NA,"n"
42948,213,32,8,2017,2017,159.423848610001,22.7,NA,"y"
42949,214,33,8,2017,2017,160.839690960001,22.6,NA,"y"
42950,215,34,8,2017,2017,163.388207190001,22.4,NA,"y"
42951,216,35,8,2017,2017,155.742658500001,22.1,NA,"y"
42952,217,36,8,2017,2017,157.441669320001,22,NA,"y"
42953,218,37,8,2017,2017,156.308995440001,22,NA,"y"
42954,219,38,8,2017,2017,154.043647680001,22.2,NA,"y"
42955,220,39,8,2017,2017,158.008006260001,22.1,NA,"y"
42956,221,40,8,2017,2017,162.255533310001,22.2,NA,"y"
42957,222,41,8,2017,2017,165.936723420001,22.1,NA,"y"
42958,223,42,8,2017,2017,165.087218010001,22,NA,"y"
42959,224,43,8,2017,2017,169.617913530002,22,NA,"y"
42960,225,44,8,2017,2017,175.847619870002,21.6,NA,"y"
42961,226,45,8,2017,2017,179.528809980002,21.4,NA,"y"
42962,227,46,8,2017,2017,180.378315390002,21.2,NA,"y"
42963,228,47,8,2017,2017,184.909010910002,21.1,NA,"y"
42964,229,48,8,2017,2017,188.873369490002,21.3,NA,"y"
42965,230,49,8,2017,2017,191.988222660002,21.4,NA,"y"
42966,231,50,8,2017,2017,192.554559600002,21.4,NA,"y"
42967,232,51,8,2017,2017,193.120896540002,21.4,NA,"y"
42968,233,52,8,2017,2017,194.536738890002,21.2,NA,"y"
42969,234,53,8,2017,2017,193.120896540002,20.9,NA,"y"
42970,235,54,8,2017,2017,191.988222660002,20.7,NA,"y"
42971,236,55,8,2017,2017,198.217929000002,20.8,NA,"y"
42972,237,56,8,2017,2017,206.712983100002,20.6,NA,"y"
42973,238,57,8,2017,2017,210.111004740002,20.7,NA,"y"
42974,239,58,8,2017,2017,209.544667800002,20.6,NA,"y"
42975,240,59,8,2017,2017,210.677341680002,20.5,NA,"y"
42976,241,60,8,2017,2017,213.509026380002,20.5,NA,"y"
42977,242,61,8,2017,2017,213.225857910002,20.4,NA,"y"
42978,243,62,8,2017,2017,195.952581240002,20.4,NA,"y"
42979,244,63,9,2017,2017,186.891190200002,20.8,NA,"y"
42980,245,64,9,2017,2017,188.873369490002,21.1,NA,"y"
42981,246,65,9,2017,2017,192.554559600002,20.7,NA,"y"
42982,247,66,9,2017,2017,195.386244300002,20.8,NA,"y"
42983,248,67,9,2017,2017,199.350602880002,20.8,NA,"y"
42984,249,68,9,2017,2017,205.580309220002,20.8,NA,"y"
42985,250,69,9,2017,2017,209.261499330002,20.6,NA,"y"
42986,251,70,9,2017,2017,215.208037200002,20.6,NA,"y"
42987,252,71,9,2017,2017,226.534776000002,20.3,NA,"y"
42988,253,72,9,2017,2017,229.932797640002,20.2,NA,"y"
42989,254,73,9,2017,2017,226.534776000002,20.2,NA,"y"
42990,255,74,9,2017,2017,225.685270590002,20.1,NA,"y"
42991,256,75,9,2017,2017,227.384281410002,NA,NA,"y"
42992,257,76,9,2017,2017,227.667449880002,19.6,NA,"y"
42993,258,77,9,2017,2017,226.534776000002,19.1,NA,"y"
42994,259,78,9,2017,2017,227.101112940002,18.8,NA,"y"
42995,260,79,9,2017,2017,228.233786820002,18.4,NA,"y"
42996,261,80,9,2017,2017,228.800123760002,17.7,NA,"y"
42997,262,81,9,2017,2017,231.065471520002,17.2,NA,"y"
42998,263,82,9,2017,2017,233.613987750002,16.9,NA,"y"
42999,264,83,9,2017,2017,233.047650810002,16.6,NA,"y"
43000,265,84,9,2017,2017,229.083292230002,16.3,NA,"y"
43001,266,85,9,2017,2017,228.800123760002,16,NA,"y"
43002,267,86,9,2017,2017,229.083292230002,15.8,NA,"y"
43003,268,87,9,2017,2017,230.499134580002,15.9,NA,"y"
43004,269,88,9,2017,2017,230.499134580002,16.2,NA,"y"
43005,270,89,9,2017,2017,233.047650810002,16.6,NA,"y"
43006,271,90,9,2017,2017,231.631808460002,16.8,NA,"y"
43007,272,91,9,2017,2017,229.932797640002,16.9,NA,"y"
43008,273,92,9,2017,2017,228.233786820002,16.9,NA,"y"
43009,274,93,10,2017,2017,228.516955290002,16.5,NA,"y"
43010,275,94,10,2017,2017,226.534776000002,15.8,NA,"y"
43011,276,95,10,2017,2017,212.376352500002,15.1,NA,"y"
43012,277,96,10,2017,2017,205.580309220002,15.3,NA,"y"
43013,278,97,10,2017,2017,202.748624520002,15.5,NA,"y"
43014,279,98,10,2017,2017,193.687233480002,15.6,NA,"y"
43015,280,99,10,2017,2017,193.404065010002,15.9,NA,"y"
43016,281,100,10,2017,2017,197.651592060002,15.6,NA,"y"
43017,282,101,10,2017,2017,197.085255120002,15,NA,"y"
43018,283,102,10,2017,2017,193.687233480002,14.9,NA,"y"
43019,284,103,10,2017,2017,192.554559600002,14.8,NA,"y"
43020,285,104,10,2017,2017,188.023864080002,14.3,NA,"y"
43021,286,105,10,2017,2017,185.192179380002,14.1,NA,"y"
43022,287,106,10,2017,2017,183.210000090002,14,NA,"y"
43023,288,107,10,2017,2017,182.643663150002,14.1,NA,"y"
43024,289,108,10,2017,2017,182.077326210002,14.3,NA,"y"
43025,290,109,10,2017,2017,179.811978450002,14.5,NA,"y"
43026,291,110,10,2017,2017,176.697125280002,14.4,NA,"y"
43027,292,111,10,2017,2017,173.865440580002,14.5,NA,"y"
43028,293,112,10,2017,2017,168.768408120002,14.6,NA,"y"
43029,294,113,10,2017,2017,168.485239650002,14.3,NA,"y"
43030,295,114,10,2017,2017,173.015935170002,14.6,NA,"y"
43031,296,115,10,2017,2017,176.413956810002,15,NA,"y"
43032,297,116,10,2017,2017,175.281282930002,15.5,NA,"y"
43033,298,117,10,2017,2017,174.148609050002,16,NA,"y"
43034,299,118,10,2017,2017,172.449598230002,16.3,NA,"y"
43035,300,119,10,2017,2017,167.069397300001,16.2,NA,"y"
43036,301,120,10,2017,2017,162.538701780001,16,NA,"y"
43037,302,121,10,2017,2017,160.839690960001,15.5,NA,"y"
43038,303,122,10,2017,2017,160.556522490001,15.2,NA,"y"
43039,304,123,10,2017,2017,161.972364840001,14.8,NA,"y"
43040,305,124,11,2017,2017,165.087218010001,14.6,NA,"y"
43041,306,125,11,2017,2017,160.839690960001,14.3,NA,"y"
43042,307,126,11,2017,2017,159.990185550001,13.9,NA,"y"
43043,308,127,11,2017,2017,164.237712600001,13.6,NA,"y"
43044,309,128,11,2017,2017,171.883261290002,13.2,NA,"y"
43045,310,129,11,2017,2017,186.891190200002,13.2,NA,"y"
43046,311,130,11,2017,2017,174.431777520002,12.9,NA,"y"
43047,312,131,11,2017,2017,151.495131450001,12.6,NA,"y"
43048,313,132,11,2017,2017,147.247604400001,13,NA,"y"
43049,314,133,11,2017,2017,154.609984620001,13.4,NA,"y"
43050,315,134,11,2017,2017,171.316924350002,13.5,NA,"y"
43051,316,135,11,2017,2017,169.334745060002,13.4,NA,"y"
43052,317,136,11,2017,2017,163.671375660001,13.3,NA,"y"
43053,318,137,11,2017,2017,159.990185550001,13,NA,"y"
43054,319,138,11,2017,2017,159.140680140001,12.9,NA,"y"
43055,320,139,11,2017,2017,167.069397300001,13,NA,"y"
43056,321,140,11,2017,2017,208.978330860002,12.9,NA,"y"
43057,322,141,11,2017,2017,288.831839400003,12.4,NA,"y"
43058,323,142,11,2017,2017,260.514992400002,11.8,NA,"y"
43059,324,143,11,2017,2017,209.261499330002,11.5,NA,"y"
43060,325,144,11,2017,2017,186.608021730002,11.8,NA,"y"
43061,326,145,11,2017,2017,215.774374140002,12.1,NA,"y"
43062,327,146,11,2017,2017,241.825873380002,12.3,NA,"y"
43063,328,147,11,2017,2017,215.208037200002,12.7,NA,"y"
43064,329,148,11,2017,2017,199.067434410002,13.3,NA,"y"
43065,330,149,11,2017,2017,190.006043370002,13.6,NA,"y"
43066,331,150,11,2017,2017,186.608021730002,13.7,NA,"y"
43067,332,151,11,2017,2017,208.978330860002,13.4,NA,"y"
43068,333,152,11,2017,2017,233.047650810002,12.9,NA,"y"
43069,334,153,11,2017,2017,213.792194850002,12.2,NA,"y"
43070,335,154,12,2017,2017,195.103075830002,11.6,NA,"y"
43071,336,155,12,2017,2017,183.493168560002,11.1,NA,"y"
43072,337,156,12,2017,2017,177.829799160002,10.8,NA,"y"
43073,338,157,12,2017,2017,173.865440580002,10.5,NA,"y"
43074,339,158,12,2017,2017,170.467418940002,9.9,NA,"y"
43075,340,159,12,2017,2017,167.635734240001,9.5,NA,"y"
43076,341,160,12,2017,2017,161.122859430001,9.6,NA,"y"
43077,342,161,12,2017,2017,155.459490030001,9.6,NA,"y"
43078,343,162,12,2017,2017,153.760479210001,9.7,NA,"y"
43079,344,163,12,2017,2017,148.380278280001,9.8,NA,"y"
43080,345,164,12,2017,2017,147.813941340001,9.6,NA,"y"
43081,346,165,12,2017,2017,148.097109810001,9.5,NA,"y"
43082,347,166,12,2017,2017,146.964435930001,9.4,NA,"y"
43083,348,167,12,2017,2017,144.982256640001,9.3,NA,"y"
43084,349,168,12,2017,2017,145.548593580001,9.3,NA,"y"
43085,350,169,12,2017,2017,149.229783690001,9.3,NA,"y"
43086,351,170,12,2017,2017,147.530772870001,8.9,NA,"y"
43087,352,171,12,2017,2017,146.114930520001,9.2,NA,"y"
43088,353,172,12,2017,2017,145.265425110001,9.2,NA,"y"
43089,354,173,12,2017,2017,145.265425110001,9.4,NA,"y"
43090,355,174,12,2017,2017,146.681267460001,9.2,NA,"y"
43091,356,175,12,2017,2017,147.813941340001,8.8,NA,"y"
43092,357,176,12,2017,2017,146.964435930001,8.6,NA,"y"
43093,358,177,12,2017,2017,141.867403470001,8.9,NA,"y"
43094,359,178,12,2017,2017,144.415919700001,8.9,NA,"y"
43095,360,179,12,2017,2017,150.362457570001,9,NA,"y"
43096,361,180,12,2017,2017,152.627805330001,9.2,NA,"y"
43097,362,181,12,2017,2017,152.344636860001,9.3,NA,"y"
43098,363,182,12,2017,2017,150.079289100001,9.3,NA,"y"
43099,364,183,12,2017,2017,148.663446750001,9.2,NA,"y"
43100,365,184,12,2017,2017,149.796120630001,9.3,NA,"y"
43101,1,185,1,2018,2017,150.645626040001,9.5,NA,"y"
43102,2,186,1,2018,2017,150.079289100001,9.7,NA,"y"
43103,3,187,1,2018,2017,147.813941340001,10.1,NA,"y"
43104,4,188,1,2018,2017,147.247604400001,10.8,NA,"y"
43105,5,189,1,2018,2017,144.132751230001,11.5,NA,"y"
43106,6,190,1,2018,2017,143.283245820001,11.8,NA,"y"
43107,7,191,1,2018,2017,143.283245820001,11.7,NA,"y"
43108,8,192,1,2018,2017,153.477310740001,11.6,NA,"y"
43109,9,193,1,2018,2017,178.962473040002,11.8,NA,"y"
43110,10,194,1,2018,2017,271.558562730002,12.2,NA,"y"
43111,11,195,1,2018,2017,317.148686400003,12.1,NA,"y"
43112,12,196,1,2018,2017,280.336785300002,12,NA,"y"
43113,13,197,1,2018,2017,248.055579720002,11.8,NA,"y"
43114,14,198,1,2018,2017,230.499134580002,11.5,NA,"y"
43115,15,199,1,2018,2017,220.021901190002,11.4,NA,"y"
43116,16,200,1,2018,2017,211.243678620002,11.4,NA,"y"
43117,17,201,1,2018,2017,204.447635340002,11.8,NA,"y"
43118,18,202,1,2018,2017,201.332782170002,11.9,NA,"y"
43119,19,203,1,2018,2017,201.049613700002,11.8,NA,"y"
43120,20,204,1,2018,2017,275.806089780002,11.5,NA,"y"
43121,21,205,1,2018,2017,291.663524100003,11,NA,"y"
43122,22,206,1,2018,2017,253.718949120002,10.1,NA,"y"
43123,23,207,1,2018,2017,259.099150050002,9.5,NA,"y"
43124,24,208,1,2018,2017,308.653632300003,9.6,NA,"y"
43125,25,209,1,2018,2017,273.540742020002,9.4,NA,"y"
43126,26,210,1,2018,2017,314.317001700003,9.4,NA,"y"
43127,27,211,1,2018,2017,336.970479300003,9.5,NA,"y"
43128,28,212,1,2018,2017,302.990262900003,9.8,NA,"y"
43129,29,213,1,2018,2017,265.895193330002,10.1,NA,"y"
43130,30,214,1,2018,2017,245.790231960002,10.4,NA,"y"
43131,31,215,1,2018,2017,235.029830100002,10.9,NA,"y"
43132,32,216,2,2018,2017,226.251607530002,11.4,NA,"n"
43133,33,217,2,2018,2017,217.190216490002,11.9,NA,"n"
43134,34,218,2,2018,2017,215.208037200002,12.7,NA,"n"
43135,35,219,2,2018,2017,212.376352500002,13.5,NA,"n"
43136,36,220,2,2018,2017,209.827836270002,14,NA,"n"
43137,37,221,2,2018,2017,206.996151570002,13.8,NA,"n"
43138,38,222,2,2018,2017,198.784265940002,13.6,NA,"n"
43139,39,223,2,2018,2017,191.138717250002,13.8,NA,"n"
43140,40,224,2,2018,2017,185.475347850002,13.8,NA,"n"
43141,41,225,2,2018,2017,182.077326210002,13.6,NA,"n"
43142,42,226,2,2018,2017,174.714945990002,12.9,NA,"n"
43143,43,227,2,2018,2017,167.918902710002,11.7,NA,"n"
43144,44,228,2,2018,2017,164.520881070001,11.2,NA,"n"
43145,45,229,2,2018,2017,161.122859430001,10.8,NA,"n"
43146,46,230,2,2018,2017,160.556522490001,10.7,NA,"n"
43147,47,231,2,2018,2017,154.609984620001,10.9,NA,"n"
43148,48,232,2,2018,2017,145.265425110001,NA,NA,"n"
43149,49,233,2,2018,2017,137.903044890001,11.8,NA,"n"
43150,50,234,2,2018,2017,137.619876420001,11.7,NA,"n"
43151,51,235,2,2018,2017,131.956507020001,11.4,NA,"n"
43152,52,236,2,2018,2017,128.275316910001,10.9,NA,"n"
43153,53,237,2,2018,2017,120.063431280001,10.6,NA,"n"
43154,54,238,2,2018,2017,115.815904230001,10.2,NA,"n"
43155,55,239,2,2018,2017,116.099072700001,9.9,NA,"n"
43156,56,240,2,2018,2017,118.081251990001,10.4,NA,"n"
43157,57,241,2,2018,2017,118.364420460001,10.6,NA,"n"
43158,58,242,2,2018,2017,118.647588930001,10.3,NA,"n"
43159,59,243,2,2018,2017,122.611947510001,10.1,NA,"n"
43160,60,244,3,2018,2017,133.655517840001,10.7,NA,"n"
43161,61,245,3,2018,2017,137.619876420001,10.5,NA,"n"
43162,62,246,3,2018,2017,153.194142270001,10.4,NA,"n"
43163,63,247,3,2018,2017,167.635734240001,10.6,NA,"n"
43164,64,248,3,2018,2017,165.087218010001,11.2,NA,"n"
43165,65,249,3,2018,2017,160.556522490001,12.1,NA,"n"
43166,66,250,3,2018,2017,152.061468390001,12.8,NA,"n"
43167,67,251,3,2018,2017,141.017898060001,13.9,NA,"n"
43168,68,252,3,2018,2017,140.168392650001,14.2,NA,"n"
43169,69,253,3,2018,2017,147.247604400001,14.3,NA,"n"
43170,70,254,3,2018,2017,147.813941340001,14.9,NA,"n"
43171,71,255,3,2018,2017,146.398098990001,15.6,NA,"n"
43172,72,256,3,2018,2017,150.645626040001,15.8,NA,"n"
43173,73,257,3,2018,2017,166.786228830001,15.7,NA,"n"
43174,74,258,3,2018,2017,275.522921310002,15.3,NA,"n"
43175,75,259,3,2018,2017,359.623956900003,13.2,NA,"n"
43176,76,260,3,2018,2017,356.792272200003,11.9,NA,"n"
43177,77,261,3,2018,2017,342.633848700003,12.1,NA,"n"
43178,78,262,3,2018,2017,288.831839400003,13.2,NA,"n"
43179,79,263,3,2018,2017,246.922905840002,13.8,NA,"n"
43180,80,264,3,2018,2017,227.384281410002,14,NA,"n"
43181,81,265,3,2018,2017,252.303106770002,15,NA,"n"
43182,82,266,3,2018,2017,489.881453100004,14.9,NA,"n"
43183,83,267,3,2018,2017,611.643895200005,14.3,NA,"n"
43184,84,268,3,2018,2017,501.208191900004,13.6,NA,"n"
43185,85,269,3,2018,2017,404.930912100004,NA,NA,"n"
43186,86,270,3,2018,2017,342.633848700003,NA,NA,"n"
43187,87,271,3,2018,2017,300.158578200003,NA,NA,"n"
43188,88,272,3,2018,2017,273.257573550002,NA,NA,"n"
43189,89,273,3,2018,2017,255.984296880002,NA,NA,"n"
43190,90,274,3,2018,2017,244.091221140002,NA,NA,"n"
43191,91,275,4,2018,2017,233.897156220002,NA,NA,"n"
43192,92,276,4,2018,2017,226.251607530002,NA,NA,"n"
43193,93,277,4,2018,2017,218.606058840002,NA,NA,"n"
43194,94,278,4,2018,2017,210.960510150002,17.9,NA,"n"
43195,95,279,4,2018,2017,208.411993920002,17.6,NA,"n"
43196,96,280,4,2018,2017,214.924868730002,16.8,NA,"n"
43197,97,281,4,2018,2017,264.479350980002,16.2,NA,"n"
43198,98,282,4,2018,2017,625.802318700006,15.7,NA,"n"
43199,99,283,4,2018,2017,685.267697400006,15,NA,"n"
43200,100,284,4,2018,2017,597.485471700005,15.4,NA,"n"
43201,101,285,4,2018,2017,487.049768400004,15.2,NA,"n"
43202,102,286,4,2018,2017,410.594281500004,14.9,NA,"n"
43203,103,287,4,2018,2017,365.287326300003,15,NA,"n"
43204,104,288,4,2018,2017,334.138794600003,15.5,NA,"n"
43205,105,289,4,2018,2017,300.158578200003,15.6,NA,"n"
43206,106,290,4,2018,2017,277.221932130002,15.3,NA,"n"
43207,107,291,4,2018,2017,268.443709560002,14.9,NA,"n"
43208,108,292,4,2018,2017,266.178361800002,14.8,NA,"n"
43209,109,293,4,2018,2017,250.604095950002,15.2,NA,"n"
43210,110,294,4,2018,2017,233.897156220002,16.3,NA,"n"
43211,111,295,4,2018,2017,219.172395780002,17.4,NA,"n"
43212,112,296,4,2018,2017,211.526847090002,18.7,NA,"n"
43213,113,297,4,2018,2017,205.013972280002,19.5,NA,"n"
43214,114,298,4,2018,2017,188.873369490002,20.4,NA,"n"
43215,115,299,4,2018,2017,180.378315390002,20.9,NA,"n"
43216,116,300,4,2018,2017,180.095146920002,20.9,NA,"n"
43217,117,301,4,2018,2017,170.184250470002,20.4,NA,"n"
43218,118,302,4,2018,2017,159.423848610001,19.6,NA,"n"
43219,119,303,4,2018,2017,151.778299920001,18.2,NA,"n"
43220,120,304,4,2018,2017,146.964435930001,18.3,NA,"n"
43221,121,305,5,2018,2017,153.760479210001,18.5,NA,"n"
43222,122,306,5,2018,2017,149.796120630001,18.8,NA,"n"
43223,123,307,5,2018,2017,137.336707950001,19.5,NA,"n"
43224,124,308,5,2018,2017,126.293137620001,20.2,NA,"n"
43225,125,309,5,2018,2017,120.063431280001,20.4,NA,"n"
43226,126,310,5,2018,2017,117.514915050001,20.2,NA,"n"
43227,127,311,5,2018,2017,125.443632210001,20.8,NA,"n"
43228,128,312,5,2018,2017,127.708979970001,21.1,NA,"n"
43229,129,313,5,2018,2017,126.293137620001,21,NA,"n"
43230,130,314,5,2018,2017,127.425811500001,21.3,NA,"n"
43231,131,315,5,2018,2017,125.160463740001,20.7,NA,"n"
43232,132,316,5,2018,2017,120.912936690001,20,NA,"n"
43233,133,317,5,2018,2017,115.249567290001,20.1,NA,"n"
43234,134,318,5,2018,2017,112.417882590001,20.5,NA,"n"
43235,135,319,5,2018,2017,109.586197890001,20.7,NA,"n"
43236,136,320,5,2018,2017,106.754513190001,20.2,NA,"n"
43237,137,321,5,2018,2017,107.320850130001,20.8,NA,"n"
43238,138,322,5,2018,2017,117.514915050001,21,NA,"n"
43239,139,323,5,2018,2017,127.142643030001,21,NA,"n"
43240,140,324,5,2018,2017,130.540664670001,20.6,NA,"n"
43241,141,325,5,2018,2017,136.204034070001,20.7,NA,"n"
43242,142,326,5,2018,2017,146.114930520001,20.9,NA,"n"
43243,143,327,5,2018,2017,154.609984620001,20.9,NA,"n"
43244,144,328,5,2018,2017,154.893153090001,20.9,NA,"n"
43245,145,329,5,2018,2017,157.441669320001,20.5,NA,"n"
43246,146,330,5,2018,2017,167.352565770001,19.1,NA,"n"
43247,147,331,5,2018,2017,181.510989270002,18.8,NA,"n"
43248,148,332,5,2018,2017,194.536738890002,19.5,NA,"n"
43249,149,333,5,2018,2017,191.988222660002,21.1,NA,"n"
43250,150,334,5,2018,2017,183.776337030002,21.1,NA,"n"
43251,151,335,5,2018,2017,171.883261290002,20.7,NA,"n"
43252,152,336,6,2018,2017,163.954544130001,20.4,NA,"n"
43253,153,337,6,2018,2017,155.459490030001,21.1,NA,"n"
43254,154,338,6,2018,2017,152.910973800001,22,NA,"n"
43255,155,339,6,2018,2017,150.928794510001,22.5,NA,"n"
43256,156,340,6,2018,2017,150.645626040001,22.4,NA,"n"
43257,157,341,6,2018,2017,151.495131450001,22.2,NA,"n"
43258,158,342,6,2018,2017,150.079289100001,21.7,NA,"n"
43259,159,343,6,2018,2017,151.778299920001,21.6,NA,"n"
43260,160,344,6,2018,2017,149.512952160001,21.3,NA,"n"
43261,161,345,6,2018,2017,143.283245820001,21,NA,"n"
43262,162,346,6,2018,2017,139.318887240001,21,NA,"n"
43263,163,347,6,2018,2017,138.186213360001,21.6,NA,"n"
43264,164,348,6,2018,2017,138.469381830001,22.4,NA,"n"
43265,165,349,6,2018,2017,131.107001610001,22.7,NA,"n"
43266,166,350,6,2018,2017,130.540664670001,22.7,NA,"n"
43267,167,351,6,2018,2017,133.089180900001,22.2,NA,"n"
43268,168,352,6,2018,2017,141.584235000001,21.5,NA,"n"
43269,169,353,6,2018,2017,144.415919700001,21.4,NA,"n"
43270,170,354,6,2018,2017,152.910973800001,21.6,NA,"n"
43271,171,355,6,2018,2017,167.635734240001,21.5,NA,"n"
43272,172,356,6,2018,2017,168.202071180001,21.6,NA,"n"
43273,173,357,6,2018,2017,160.839690960001,22,NA,"n"
43274,174,358,6,2018,2017,151.495131450001,22.2,NA,"n"
43275,175,359,6,2018,2017,143.849582760001,22.4,NA,"n"
43276,176,360,6,2018,2017,145.831762050001,22.2,NA,"n"
43277,177,361,6,2018,2017,141.867403470001,22.6,NA,"n"
43278,178,362,6,2018,2017,155.742658500001,22.3,NA,"n"
43279,179,363,6,2018,2017,158.291174730001,21.8,NA,"n"
43280,180,364,6,2018,2017,155.176321560001,22,NA,"n"
43281,181,365,6,2018,2017,153.477310740001,22,NA,"n"
43282,182,1,7,2018,2018,159.990185550001,22.3,NA,"n"
43283,183,2,7,2018,2018,163.671375660001,22.3,NA,"n"
43284,184,3,7,2018,2018,164.804049540001,22.2,NA,"n"
43285,185,4,7,2018,2018,167.069397300001,21.8,NA,"n"
43286,186,5,7,2018,2018,177.829799160002,21,NA,"n"
43287,187,6,7,2018,2018,181.227820800002,20.6,NA,"n"
43288,188,7,7,2018,2018,172.449598230002,20.1,NA,"n"
43289,189,8,7,2018,2018,173.865440580002,20.1,NA,"n"
43290,190,9,7,2018,2018,182.926831620002,20.1,NA,"n"
43291,191,10,7,2018,2018,189.722874900002,21,NA,"n"
43292,192,11,7,2018,2018,193.404065010002,NA,NA,"n"
43293,193,12,7,2018,2018,193.687233480002,NA,NA,"n"
43294,194,13,7,2018,2018,190.006043370002,21,NA,"n"
43295,195,14,7,2018,2018,189.722874900002,20.9,NA,"n"
43296,196,15,7,2018,2018,189.439706430002,21,NA,"n"
43297,197,16,7,2018,2018,192.837728070002,21.6,NA,"n"
43298,198,17,7,2018,2018,198.217929000002,NA,NA,"n"
43299,199,18,7,2018,2018,199.916939820002,22.3,NA,"n"
43300,200,19,7,2018,2018,197.085255120002,22.3,NA,"n"
43301,201,20,7,2018,2018,193.120896540002,NA,NA,"n"
43302,202,21,7,2018,2018,191.138717250002,21.9,NA,"n"
43303,203,22,7,2018,2018,189.722874900002,22.1,NA,"n"
43304,204,23,7,2018,2018,192.554559600002,22.1,NA,"n"
43305,205,24,7,2018,2018,194.253570420002,22.4,NA,"n"
43306,206,25,7,2018,2018,193.970401950002,22.6,NA,"n"
43307,207,26,7,2018,2018,195.103075830002,22.4,NA,"n"
43308,208,27,7,2018,2018,195.669412770002,21.8,NA,"n"
43309,209,28,7,2018,2018,190.572380310002,21.3,NA,"n"
43310,210,29,7,2018,2018,188.873369490002,20.8,NA,"n"
43311,211,30,7,2018,2018,200.766445230002,20.4,NA,"n"
43312,212,31,7,2018,2018,202.465456050002,NA,NA,"n"
43313,213,32,8,2018,2018,206.712983100002,19.8,NA,"y"
43314,214,33,8,2018,2018,210.960510150002,19,NA,"y"
43315,215,34,8,2018,2018,210.394173210002,18.3,NA,"y"
43316,216,35,8,2018,2018,208.128825450002,NA,NA,"y"
43317,217,36,8,2018,2018,211.243678620002,19.1,NA,"y"
43318,218,37,8,2018,2018,215.491205670002,19,NA,"y"
43319,219,38,8,2018,2018,211.810015560002,18.8,NA,"y"
43320,220,39,8,2018,2018,209.827836270002,19,NA,"y"
43321,221,40,8,2018,2018,207.279320040002,19.8,NA,"y"
43322,222,41,8,2018,2018,206.712983100002,NA,NA,"y"
43323,223,42,8,2018,2018,202.182287580002,NA,NA,"y"
43324,224,43,8,2018,2018,199.916939820002,20.3,NA,"y"
43325,225,44,8,2018,2018,197.651592060002,NA,NA,"y"
43326,226,45,8,2018,2018,194.819907360002,NA,NA,"y"
43327,227,46,8,2018,2018,192.554559600002,20.4,NA,"y"
43328,228,47,8,2018,2018,190.855548780002,20.7,NA,"y"
43329,229,48,8,2018,2018,186.608021730002,21,NA,"y"
43330,230,49,8,2018,2018,181.227820800002,21,NA,"y"
43331,231,50,8,2018,2018,178.679304570002,21,NA,"y"
43332,232,51,8,2018,2018,178.679304570002,NA,NA,"y"
43333,233,52,8,2018,2018,180.095146920002,20.1,NA,"y"
43334,234,53,8,2018,2018,186.891190200002,19.6,NA,"y"
43335,235,54,8,2018,2018,191.988222660002,19.4,NA,"y"
43336,236,55,8,2018,2018,190.855548780002,19.5,NA,"y"
43337,237,56,8,2018,2018,189.439706430002,19.5,NA,"y"
43338,238,57,8,2018,2018,189.156537960002,19.5,NA,"y"
43339,239,58,8,2018,2018,186.324853260002,19.3,NA,"y"
43340,240,59,8,2018,2018,193.970401950002,19.2,NA,"y"
43341,241,60,8,2018,2018,200.766445230002,19.4,NA,"y"
43342,242,61,8,2018,2018,205.297140750002,19.6,NA,"y"
43343,243,62,8,2018,2018,203.031792990002,19.9,NA,"y"
43344,244,63,9,2018,2018,197.651592060002,20.1,NA,"y"
43345,245,64,9,2018,2018,200.766445230002,20.3,NA,"y"
43346,246,65,9,2018,2018,204.164466870002,20.3,NA,"y"
43347,247,66,9,2018,2018,208.978330860002,20.1,NA,"y"
43348,248,67,9,2018,2018,212.659520970002,19.6,NA,"y"
43349,249,68,9,2018,2018,216.057542610002,19.4,NA,"y"
43350,250,69,9,2018,2018,214.075363320002,NA,NA,"y"
43351,251,70,9,2018,2018,210.394173210002,19.7,NA,"y"
43352,252,71,9,2018,2018,210.111004740002,19.7,NA,"y"
43353,253,72,9,2018,2018,211.810015560002,19.4,NA,"y"
43354,254,73,9,2018,2018,213.792194850002,NA,NA,"y"
43355,255,74,9,2018,2018,211.243678620002,18.5,NA,"y"
43356,256,75,9,2018,2018,210.677341680002,18,NA,"y"
43357,257,76,9,2018,2018,210.394173210002,18,NA,"y"
43358,258,77,9,2018,2018,207.845656980002,18,NA,"y"
43359,259,78,9,2018,2018,207.279320040002,17.9,NA,"y"
43360,260,79,9,2018,2018,208.695162390002,17.9,NA,"y"
43361,261,80,9,2018,2018,209.261499330002,17.8,NA,"y"
43362,262,81,9,2018,2018,209.261499330002,17.9,NA,"y"
43363,263,82,9,2018,2018,208.978330860002,17.8,NA,"y"
43364,264,83,9,2018,2018,203.314961460002,18,NA,"y"
43365,265,84,9,2018,2018,195.669412770002,18.3,NA,"y"
43366,266,85,9,2018,2018,190.855548780002,18.6,NA,"y"
43367,267,86,9,2018,2018,189.439706430002,18.9,NA,"y"
43368,268,87,9,2018,2018,189.722874900002,18.7,NA,"y"
43369,269,88,9,2018,2018,188.873369490002,NA,NA,"y"
43370,270,89,9,2018,2018,188.307032550002,18.7,NA,"y"
43371,271,90,9,2018,2018,188.590201020002,18.6,NA,"y"
43372,272,91,9,2018,2018,186.608021730002,18,NA,"y"
43373,273,92,9,2018,2018,187.457527140002,NA,NA,"y"
43374,274,93,10,2018,2018,188.307032550002,17.9,NA,"y"
43375,275,94,10,2018,2018,187.740695610002,18,NA,"y"
43376,276,95,10,2018,2018,189.722874900002,17.9,NA,"y"
43377,277,96,10,2018,2018,193.404065010002,17.6,NA,"y"
43378,278,97,10,2018,2018,199.633771350002,17.3,NA,"y"
43379,279,98,10,2018,2018,203.031792990002,17.5,NA,"y"
43380,280,99,10,2018,2018,203.031792990002,17.1,NA,"y"
43381,281,100,10,2018,2018,198.217929000002,17,NA,"y"
43382,282,101,10,2018,2018,194.819907360002,17.3,NA,"y"
43383,283,102,10,2018,2018,193.404065010002,17.4,NA,"y"
43384,284,103,10,2018,2018,189.722874900002,17.4,NA,"y"
43385,285,104,10,2018,2018,185.192179380002,17,NA,"y"
43386,286,105,10,2018,2018,178.396136100002,16.6,NA,"y"
43387,287,106,10,2018,2018,177.829799160002,16.1,NA,"y"
43388,288,107,10,2018,2018,176.697125280002,15.5,NA,"y"
43389,289,108,10,2018,2018,171.033755880002,15.4,NA,"y"
43390,290,109,10,2018,2018,168.768408120002,15.4,NA,"y"
43391,291,110,10,2018,2018,167.352565770001,15.5,NA,"y"
43392,292,111,10,2018,2018,165.653554950001,15.7,NA,"y"
43393,293,112,10,2018,2018,160.839690960001,16,NA,"y"
43394,294,113,10,2018,2018,158.008006260001,16,NA,"y"
43395,295,114,10,2018,2018,150.362457570001,16,NA,"y"
43396,296,115,10,2018,2018,147.247604400001,15.8,NA,"y"
43397,297,116,10,2018,2018,144.132751230001,15.8,NA,"y"
43398,298,117,10,2018,2018,123.178284450001,15.7,NA,"y"
43399,299,118,10,2018,2018,108.170355540001,15.9,NA,"y"
43400,300,119,10,2018,2018,103.922828490001,16,NA,"y"
43401,301,120,10,2018,2018,106.471344720001,16.2,NA,"y"
43402,302,121,10,2018,2018,109.586197890001,16.1,NA,"y"
43403,303,122,10,2018,2018,115.815904230001,15.5,NA,"y"
43404,304,123,10,2018,2018,120.346599750001,14.9,NA,"y"
43405,305,124,11,2018,2018,125.443632210001,15.2,NA,"y"
43406,306,125,11,2018,2018,131.390170080001,15.4,NA,"y"
43407,307,126,11,2018,2018,128.841653850001,15.3,NA,"y"
43408,308,127,11,2018,2018,122.895115980001,15.5,NA,"y"
43409,309,128,11,2018,2018,120.912936690001,15.3,NA,"y"
43410,310,129,11,2018,2018,115.815904230001,14.9,NA,"y"
43411,311,130,11,2018,2018,112.134714120001,14.3,NA,"y"
43412,312,131,11,2018,2018,108.736692480001,13.6,NA,"y"
43413,313,132,11,2018,2018,103.639660020001,12.4,NA,"y"
43414,314,133,11,2018,2018,100.807975320001,11.2,NA,"y"
43415,315,134,11,2018,2018,100.241638380001,10.4,NA,"y"
43416,316,135,11,2018,2018,100.241638380001,10.4,NA,"y"
43417,317,136,11,2018,2018,101.091143790001,10.5,NA,"y"
43418,318,137,11,2018,2018,105.055502370001,10.5,NA,"y"
43419,319,138,11,2018,2018,106.188176250001,10.3,NA,"y"
43420,320,139,11,2018,2018,107.887187070001,9.9,NA,"y"
43421,321,140,11,2018,2018,109.019860950001,10,NA,"y"
43422,322,141,11,2018,2018,113.550556470001,10,NA,"y"
43423,323,142,11,2018,2018,126.576306090001,10.1,NA,"y"
43424,324,143,11,2018,2018,132.806012430001,10.3,NA,"y"
43425,325,144,11,2018,2018,135.920865600001,10.4,NA,"y"
43426,326,145,11,2018,2018,142.433740410001,11.1,NA,"y"
43427,327,146,11,2018,2018,152.910973800001,11.8,NA,"y"
43428,328,147,11,2018,2018,168.485239650002,12.5,NA,"y"
43429,329,148,11,2018,2018,179.811978450002,12.9,NA,"y"
43430,330,149,11,2018,2018,184.625842440002,12.9,NA,"y"
43431,331,150,11,2018,2018,179.528809980002,12.8,NA,"y"
43432,332,151,11,2018,2018,171.883261290002,12.8,NA,"y"
43433,333,152,11,2018,2018,178.112967630002,12.8,NA,"y"
43434,334,153,11,2018,2018,207.562488510002,12.7,NA,"y"
43435,335,154,12,2018,2018,311.485317000003,12.2,NA,"y"
43436,336,155,12,2018,2018,256.833802290002,11.7,NA,"y"
43437,337,156,12,2018,2018,205.013972280002,11.3,NA,"y"
43438,338,157,12,2018,2018,186.324853260002,10.6,NA,"y"
43439,339,158,12,2018,2018,173.015935170002,10.4,NA,"y"
43440,340,159,12,2018,2018,162.821870250001,10.3,NA,"y"
43441,341,160,12,2018,2018,155.742658500001,10.3,NA,"y"
43442,342,161,12,2018,2018,146.114930520001,10.4,NA,"y"
43443,343,162,12,2018,2018,136.770371010001,10.3,NA,"y"
43444,344,163,12,2018,2018,135.071360190001,10.4,NA,"y"
43445,345,164,12,2018,2018,133.089180900001,10.5,NA,"y"
43446,346,165,12,2018,2018,127.992148440001,10.5,NA,"y"
43447,347,166,12,2018,2018,125.160463740001,10.6,NA,"y"
43448,348,167,12,2018,2018,124.310958330001,10.4,NA,"y"
43449,349,168,12,2018,2018,125.160463740001,10.5,NA,"y"
43450,350,169,12,2018,2018,127.992148440001,10.6,NA,"y"
43451,351,170,12,2018,2018,149.229783690001,11,NA,"y"
43452,352,171,12,2018,2018,413.425966200004,11.5,NA,"y"
43453,353,172,12,2018,2018,424.752705000004,11.4,NA,"y"
43454,354,173,12,2018,2018,288.831839400003,11.3,NA,"y"
43455,355,174,12,2018,2018,235.312998570002,11.7,NA,"y"
43456,356,175,12,2018,2018,217.473384960002,11.6,NA,"y"
43457,357,176,12,2018,2018,230.782303050002,11.2,NA,"y"
43458,358,177,12,2018,2018,213.509026380002,10.9,NA,"y"
43459,359,178,12,2018,2018,211.526847090002,10.7,NA,"y"
43460,360,179,12,2018,2018,385.109119200003,10.3,NA,"y"
43461,361,180,12,2018,2018,359.623956900003,9.8,NA,"y"
43462,362,181,12,2018,2018,276.089258250002,9,NA,"y"
43463,363,182,12,2018,2018,229.366460700002,8.7,NA,"y"
43464,364,183,12,2018,2018,204.447635340002,8.8,NA,"y"
43465,365,184,12,2018,2018,187.740695610002,8.6,NA,"y"
43466,1,185,1,2019,2018,176.413956810002,8.3,NA,"y"
43467,2,186,1,2019,2018,168.202071180001,8,NA,"y"
43468,3,187,1,2019,2018,164.520881070001,8.1,NA,"y"
43469,4,188,1,2019,2018,163.388207190001,8.2,NA,"y"
43470,5,189,1,2019,2018,162.255533310001,8.1,NA,"y"
43471,6,190,1,2019,2018,165.653554950001,8.1,NA,"y"
43472,7,191,1,2019,2018,235.312998570002,8.6,NA,"y"
43473,8,192,1,2019,2018,481.386399000004,8.6,NA,"y"
43474,9,193,1,2019,2018,447.406182600004,9.1,NA,"y"
43475,10,194,1,2019,2018,625.802318700006,10.7,NA,"y"
43476,11,195,1,2019,2018,651.287481000006,10.8,NA,"y"
43477,12,196,1,2019,2018,518.198300100005,10.8,NA,"y"
43478,13,197,1,2019,2018,399.267542700004,10.6,NA,"y"
43479,14,198,1,2019,2018,339.802164000003,10.4,NA,"y"
43480,15,199,1,2019,2018,302.990262900003,10.2,NA,"y"
43481,16,200,1,2019,2018,286.000154700003,10.2,NA,"y"
43482,17,201,1,2019,2018,501.208191900004,10.6,NA,"y"
43483,18,202,1,2019,2018,733.406337300006,10.6,NA,"y"
43484,19,203,1,2019,2018,739.069706700007,10.4,NA,"y"
43485,20,204,1,2019,2018,696.594436200006,10.4,NA,"y"
43486,21,205,1,2019,2018,690.931066800006,10.7,NA,"y"
43487,22,206,1,2019,2018,719.247913800006,10.7,NA,"y"
43488,23,207,1,2019,2018,685.267697400006,9.8,NA,"y"
43489,24,208,1,2019,2018,628.634003400006,9.6,NA,"y"
43490,25,209,1,2019,2018,563.505255300005,9.6,NA,"y"
43491,26,210,1,2019,2018,489.881453100004,9.8,NA,"y"
43492,27,211,1,2019,2018,427.584389700004,10.2,NA,"y"
43493,28,212,1,2019,2018,382.277434500003,10.6,NA,"y"
43494,29,213,1,2019,2018,348.297218100003,11,NA,"y"
43495,30,214,1,2019,2018,328.475425200003,11.5,NA,"y"
43496,31,215,1,2019,2018,311.485317000003,11.9,NA,"y"
43497,32,216,2,2019,2018,300.158578200003,12.1,NA,"n"
43498,33,217,2,2019,2018,297.326893500003,12.2,NA,"n"
43499,34,218,2,2019,2018,540.851777700005,12,NA,"n"
43500,35,219,2,2019,2018,716.416229100006,11.4,NA,"n"
43501,36,220,2,2019,2018,719.247913800006,10.6,NA,"n"
43502,37,221,2,2019,2018,705.089490300006,9.6,NA,"n"
43503,38,222,2,2019,2018,648.455796300006,9.1,NA,"n"
43504,39,223,2,2019,2018,591.822102300005,8.9,NA,"n"
43505,40,224,2,2019,2018,529.525038900005,8.9,NA,"n"
43506,41,225,2,2019,2018,487.049768400004,9.2,NA,"n"
43507,42,226,2,2019,2018,461.564606100004,9.1,NA,"n"
43508,43,227,2,2019,2018,444.574497900004,8.9,NA,"n"
43509,44,228,2,2019,2018,433.247759100004,8.8,NA,"n"
43510,45,229,2,2019,2018,659.782535100006,8.5,NA,"n"
43511,46,230,2,2019,2018,747.564760800007,7.2,NA,"n"
43512,47,231,2,2019,2018,767.386553700007,7.4,NA,"n"
43513,48,232,2,2019,2018,747.564760800007,8.2,NA,"n"
43514,49,233,2,2019,2018,710.752859700006,8.5,NA,"n"
43515,50,234,2,2019,2018,673.940958600006,8.5,NA,"n"
43516,51,235,2,2019,2018,639.960742200006,8.7,NA,"n"
43517,52,236,2,2019,2018,611.643895200005,9.1,NA,"n"
43518,53,237,2,2019,2018,569.168624700005,9.1,NA,"n"
43519,54,238,2,2019,2018,518.198300100005,9,NA,"n"
43520,55,239,2,2019,2018,472.891344900004,9.2,NA,"n"
43521,56,240,2,2019,2018,438.911128500004,9.4,NA,"n"
43522,57,241,2,2019,2018,441.742813200004,9.5,NA,"n"
43523,58,242,2,2019,2018,659.782535100006,9.6,NA,"n"
43524,59,243,2,2019,2018,756.059814900007,9.9,NA,"n"
43525,60,244,3,2019,2018,781.544977200007,10.2,NA,"n"
43526,61,245,3,2019,2018,775.881607800007,10.2,NA,"n"
43527,62,246,3,2019,2018,764.554869000007,10.1,NA,"n"
43528,63,247,3,2019,2018,764.554869000007,10.5,NA,"n"
43529,64,248,3,2019,2018,767.386553700007,10.6,NA,"n"
43530,65,249,3,2019,2018,764.554869000007,10.7,NA,"n"
43531,66,250,3,2019,2018,767.386553700007,11.1,NA,"n"
43532,67,251,3,2019,2018,778.713292500007,11.2,NA,"n"
43533,68,252,3,2019,2018,781.544977200007,11.1,NA,"n"
43534,69,253,3,2019,2018,778.713292500007,10.3,NA,"n"
43535,70,254,3,2019,2018,773.049923100007,10.2,NA,"n"
43536,71,255,3,2019,2018,770.218238400007,10.6,NA,"n"
43537,72,256,3,2019,2018,764.554869000007,10.6,NA,"n"
43538,73,257,3,2019,2018,756.059814900007,10.6,NA,"n"
43539,74,258,3,2019,2018,750.396445500007,10.7,NA,"n"
43540,75,259,3,2019,2018,744.733076100007,10.9,NA,"n"
43541,76,260,3,2019,2018,733.406337300006,11.4,NA,"n"
43542,77,261,3,2019,2018,722.079598500006,11.8,NA,"n"
43543,78,262,3,2019,2018,707.921175000006,12.2,NA,"n"
43544,79,263,3,2019,2018,693.762751500006,12.2,NA,"n"
43545,80,264,3,2019,2018,676.772643300006,12.2,NA,"n"
43546,81,265,3,2019,2018,671.109273900006,12.2,NA,"n"
43547,82,266,3,2019,2018,654.119165700006,11.9,NA,"n"
43548,83,267,3,2019,2018,642.792426900006,11.9,NA,"n"
43549,84,268,3,2019,2018,642.792426900006,11.9,NA,"n"
43550,85,269,3,2019,2018,637.129057500006,12.1,NA,"n"
43551,86,270,3,2019,2018,685.267697400006,12.1,NA,"n"
43552,87,271,3,2019,2018,722.079598500006,12.5,NA,"n"
43553,88,272,3,2019,2018,750.396445500007,12.4,NA,"n"
43554,89,273,3,2019,2018,741.901391400007,12.3,NA,"n"
43555,90,274,3,2019,2018,724.911283200006,12.9,NA,"n"
43556,91,275,4,2019,2018,710.752859700006,13.2,NA,"n"
43557,92,276,4,2019,2018,699.426120900006,13.4,NA,"n"
43558,93,277,4,2019,2018,699.426120900006,13.3,NA,"n"
43559,94,278,4,2019,2018,716.416229100006,12.9,NA,"n"
43560,95,279,4,2019,2018,719.247913800006,12.9,NA,"n"
43561,96,280,4,2019,2018,730.574652600007,12.6,NA,"n"
43562,97,281,4,2019,2018,739.069706700007,12.1,NA,"n"
43563,98,282,4,2019,2018,739.069706700007,12.5,NA,"n"
43564,99,283,4,2019,2018,739.069706700007,12.6,NA,"n"
43565,100,284,4,2019,2018,750.396445500007,12.8,NA,"n"
43566,101,285,4,2019,2018,756.059814900007,12.6,NA,"n"
43567,102,286,4,2019,2018,756.059814900007,12.1,NA,"n"
43568,103,287,4,2019,2018,753.228130200007,12.3,NA,"n"
43569,104,288,4,2019,2018,750.396445500007,12.8,NA,"n"
43570,105,289,4,2019,2018,747.564760800007,12.6,NA,"n"
43571,106,290,4,2019,2018,741.901391400007,12,NA,"n"
43572,107,291,4,2019,2018,727.742967900007,12.6,NA,"n"
43573,108,292,4,2019,2018,713.584544400006,13.7,NA,"n"
43574,109,293,4,2019,2018,693.762751500006,14.6,NA,"n"
43575,110,294,4,2019,2018,671.109273900006,15.3,NA,"n"
43576,111,295,4,2019,2018,654.119165700006,15.4,NA,"n"
43577,112,296,4,2019,2018,634.297372800006,15.5,NA,"n"
43578,113,297,4,2019,2018,605.980525800005,16,NA,"n"
43579,114,298,4,2019,2018,555.010201200005,17.3,NA,"n"
43580,115,299,4,2019,2018,501.208191900004,18.7,NA,"n"
43581,116,300,4,2019,2018,461.564606100004,19.6,NA,"n"
43582,117,301,4,2019,2018,427.584389700004,20,NA,"n"
43583,118,302,4,2019,2018,402.099227400004,19.8,NA,"n"
43584,119,303,4,2019,2018,373.782380400003,19.6,NA,"n"
43585,120,304,4,2019,2018,345.465533400003,19.2,NA,"n"
43586,121,305,5,2019,2018,319.980371100003,18.9,NA,"n"
43587,122,306,5,2019,2018,291.663524100003,18.6,NA,"n"
43588,123,307,5,2019,2018,262.497171690002,18.7,NA,"n"
43589,124,308,5,2019,2018,242.109041850002,19.1,NA,"n"
43590,125,309,5,2019,2018,240.410031030002,19.3,NA,"n"
43591,126,310,5,2019,2018,256.267465350002,19,NA,"n"
43592,127,311,5,2019,2018,260.231823930002,19,NA,"n"
43593,128,312,5,2019,2018,255.701128410002,19.4,NA,"n"
43594,129,313,5,2019,2018,249.188253600002,20,NA,"n"
43595,130,314,5,2019,2018,239.560525620002,20.4,NA,"n"
43596,131,315,5,2019,2018,232.481313870002,20.3,NA,"n"
43597,132,316,5,2019,2018,223.419922830002,20.4,NA,"n"
43598,133,317,5,2019,2018,221.154575070002,20.2,NA,"n"
43599,134,318,5,2019,2018,217.756553430002,19.9,NA,"n"
43600,135,319,5,2019,2018,219.738732720002,19.1,NA,"n"
43601,136,320,5,2019,2018,237.012009390002,18,NA,"n"
43602,137,321,5,2019,2018,288.831839400003,16.4,NA,"n"
43603,138,322,5,2019,2018,336.970479300003,15.9,NA,"n"
43604,139,323,5,2019,2018,345.465533400003,14.6,NA,"n"
43605,140,324,5,2019,2018,373.782380400003,14.7,NA,"n"
43606,141,325,5,2019,2018,396.435858000004,15.4,NA,"n"
43607,142,326,5,2019,2018,379.445749800003,16.9,NA,"n"
43608,143,327,5,2019,2018,379.445749800003,17.3,NA,"n"
43609,144,328,5,2019,2018,368.119011000003,18.4,NA,"n"
43610,145,329,5,2019,2018,356.792272200003,19.2,NA,"n"
43611,146,330,5,2019,2018,348.297218100003,18.8,NA,"n"
43612,147,331,5,2019,2018,438.911128500004,18.4,NA,"n"
43613,148,332,5,2019,2018,464.396290800004,17.7,NA,"n"
43614,149,333,5,2019,2018,404.930912100004,19,NA,"n"
43615,150,334,5,2019,2018,362.455641600003,20.2,NA,"n"
43616,151,335,5,2019,2018,362.455641600003,20.7,NA,"n"
43617,152,336,6,2019,2018,433.247759100004,20.2,NA,"n"
43618,153,337,6,2019,2018,441.742813200004,19.5,NA,"n"
43619,154,338,6,2019,2018,436.079443800004,20.3,NA,"n"
43620,155,339,6,2019,2018,430.416074400004,20.6,NA,"n"
43621,156,340,6,2019,2018,419.089335600004,21,NA,"n"
43622,157,341,6,2019,2018,402.099227400004,21,NA,"n"
43623,158,342,6,2019,2018,385.109119200003,20.4,NA,"n"
43624,159,343,6,2019,2018,368.119011000003,18.7,NA,"n"
43625,160,344,6,2019,2018,356.792272200003,18.2,NA,"n"
43626,161,345,6,2019,2018,339.802164000003,19,NA,"n"
43627,162,346,6,2019,2018,325.643740500003,20,NA,"n"
43628,163,347,6,2019,2018,308.653632300003,20.5,NA,"n"
43629,164,348,6,2019,2018,274.107078960002,21.2,NA,"n"
43630,165,349,6,2019,2018,243.241715730002,21.4,NA,"n"
43631,166,350,6,2019,2018,237.578346330002,NA,NA,"n"
43632,167,351,6,2019,2018,239.560525620002,22,NA,"n"
43633,168,352,6,2019,2018,237.578346330002,22.5,NA,"n"
43634,169,353,6,2019,2018,234.463493160002,22.8,NA,"n"
43635,170,354,6,2019,2018,223.136754360002,23.3,NA,"n"
43636,171,355,6,2019,2018,214.924868730002,23.1,NA,"n"
43637,172,356,6,2019,2018,208.128825450002,22.9,NA,"n"
43638,173,357,6,2019,2018,200.766445230002,21.8,NA,"n"
43639,174,358,6,2019,2018,193.687233480002,21.3,NA,"n"
43640,175,359,6,2019,2018,193.120896540002,21.6,NA,"n"
43641,176,360,6,2019,2018,188.023864080002,21.9,NA,"n"
43642,177,361,6,2019,2018,180.661483860002,21.7,NA,"n"
43643,178,362,6,2019,2018,177.546630690002,21.1,NA,"n"
43644,179,363,6,2019,2018,173.865440580002,21.1,NA,"n"
43645,180,364,6,2019,2018,171.316924350002,21.1,NA,"n"
43646,181,365,6,2019,2018,171.600092820002,21.2,NA,"n"
43647,182,1,7,2019,2019,185.758516320002,21.3,NA,"n"
43648,183,2,7,2019,2019,190.006043370002,21.3,NA,"n"
43649,184,3,7,2019,2019,185.475347850002,21.5,NA,"n"
43650,185,4,7,2019,2019,184.625842440002,21.6,NA,"n"
43651,186,5,7,2019,2019,187.174358670002,22,NA,"n"
43652,187,6,7,2019,2019,186.608021730002,22.2,NA,"n"
43653,188,7,7,2019,2019,189.722874900002,NA,NA,"n"
43654,189,8,7,2019,2019,191.138717250002,21.7,NA,"n"
43655,190,9,7,2019,2019,190.572380310002,21.7,NA,"n"
43656,191,10,7,2019,2019,184.342673970002,21.8,NA,"n"
43657,192,11,7,2019,2019,184.059505500002,NA,NA,"n"
43658,193,12,7,2019,2019,187.457527140002,22.3,NA,"n"
43659,194,13,7,2019,2019,190.572380310002,22.5,NA,"n"
43660,195,14,7,2019,2019,190.855548780002,22.7,NA,"n"
43661,196,15,7,2019,2019,189.722874900002,22.9,NA,"n"
43662,197,16,7,2019,2019,184.625842440002,22.9,NA,"n"
43663,198,17,7,2019,2019,182.360494680002,22.7,NA,"n"
43664,199,18,7,2019,2019,180.944652330002,22.6,NA,"n"
43665,200,19,7,2019,2019,179.811978450002,22.6,NA,"n"
43666,201,20,7,2019,2019,182.643663150002,22.4,NA,"n"
43667,202,21,7,2019,2019,181.794157740002,22.4,NA,"n"
43668,203,22,7,2019,2019,180.944652330002,22.5,NA,"n"
43669,204,23,7,2019,2019,182.360494680002,22.4,NA,"n"
43670,205,24,7,2019,2019,180.944652330002,22.4,NA,"n"
43671,206,25,7,2019,2019,180.095146920002,22.3,NA,"n"
43672,207,26,7,2019,2019,177.829799160002,22.2,NA,"n"
43673,208,27,7,2019,2019,176.413956810002,22.2,NA,"n"
43674,209,28,7,2019,2019,178.962473040002,22.2,NA,"n"
43675,210,29,7,2019,2019,179.245641510002,22,NA,"n"
43676,211,30,7,2019,2019,180.661483860002,NA,NA,"n"
43677,212,31,7,2019,2019,181.510989270002,NA,NA,"n"
43678,213,32,8,2019,2019,182.077326210002,21.8,NA,"y"
43679,214,33,8,2019,2019,182.926831620002,21.8,NA,"y"
43680,215,34,8,2019,2019,184.909010910002,21.9,NA,"y"
43681,216,35,8,2019,2019,183.493168560002,22.1,NA,"y"
43682,217,36,8,2019,2019,183.210000090002,22,NA,"y"
43683,218,37,8,2019,2019,185.192179380002,22.1,NA,"y"
43684,219,38,8,2019,2019,183.210000090002,21.8,NA,"y"
43685,220,39,8,2019,2019,186.891190200002,21.5,NA,"y"
43686,221,40,8,2019,2019,191.705054190002,NA,NA,"y"
43687,222,41,8,2019,2019,192.837728070002,20.6,NA,"y"
43688,223,42,8,2019,2019,198.501097470002,20.6,NA,"y"
43689,224,43,8,2019,2019,200.766445230002,20.2,NA,"y"
43690,225,44,8,2019,2019,199.350602880002,20.5,NA,"y"
43691,226,45,8,2019,2019,198.501097470002,21.1,NA,"y"
43692,227,46,8,2019,2019,198.501097470002,21.5,NA,"y"
43693,228,47,8,2019,2019,200.483276760002,21.8,NA,"y"
43694,229,48,8,2019,2019,202.182287580002,21.8,NA,"y"
43695,230,49,8,2019,2019,205.297140750002,21.6,NA,"y"
43696,231,50,8,2019,2019,208.695162390002,21.2,NA,"y"
43697,232,51,8,2019,2019,213.509026380002,20.8,NA,"y"
43698,233,52,8,2019,2019,215.208037200002,20.6,NA,"y"
43699,234,53,8,2019,2019,218.039721900002,20.8,NA,"y"
43700,235,54,8,2019,2019,218.606058840002,20.9,NA,"y"
43701,236,55,8,2019,2019,215.491205670002,21.1,NA,"y"
43702,237,56,8,2019,2019,215.208037200002,21.4,NA,"y"
43703,238,57,8,2019,2019,215.774374140002,21.4,NA,"y"
43704,239,58,8,2019,2019,216.623879550002,21.4,NA,"y"
43705,240,59,8,2019,2019,217.190216490002,21.3,NA,"y"
43706,241,60,8,2019,2019,214.075363320002,21.2,NA,"y"
43707,242,61,8,2019,2019,214.075363320002,21,NA,"y"
43708,243,62,8,2019,2019,219.738732720002,20.9,NA,"y"
43709,244,63,9,2019,2019,217.190216490002,20.8,NA,"y"
43710,245,64,9,2019,2019,218.039721900002,20.6,NA,"y"
43711,246,65,9,2019,2019,218.322890370002,20.4,NA,"y"
43712,247,66,9,2019,2019,218.889227310002,20.4,NA,"y"
43713,248,67,9,2019,2019,219.738732720002,20.1,NA,"y"
43714,249,68,9,2019,2019,216.057542610002,19.8,NA,"y"
43715,250,69,9,2019,2019,217.473384960002,19.5,NA,"y"
43716,251,70,9,2019,2019,213.509026380002,19.4,NA,"y"
43717,252,71,9,2019,2019,212.942689440002,19.4,NA,"y"
43718,253,72,9,2019,2019,215.774374140002,19.3,NA,"y"
43719,254,73,9,2019,2019,219.738732720002,19.2,NA,"y"
43720,255,74,9,2019,2019,221.437743540002,19.1,NA,"y"
43721,256,75,9,2019,2019,223.136754360002,19.1,NA,"y"
43722,257,76,9,2019,2019,223.986259770002,19.2,NA,"y"
43723,258,77,9,2019,2019,224.269428240002,NA,NA,"y"
43724,259,78,9,2019,2019,226.251607530002,18.8,NA,"y"
43725,260,79,9,2019,2019,227.950618350002,18.6,NA,"y"
43726,261,80,9,2019,2019,227.384281410002,18.3,NA,"y"
43727,262,81,9,2019,2019,226.534776000002,18,NA,"y"
43728,263,82,9,2019,2019,228.516955290002,17.6,NA,"y"
43729,264,83,9,2019,2019,224.269428240002,17.8,NA,"y"
43730,265,84,9,2019,2019,221.437743540002,17.8,NA,"y"
43731,266,85,9,2019,2019,221.720912010002,18.1,NA,"y"
43732,267,86,9,2019,2019,222.287248950002,18.3,NA,"y"
43733,268,87,9,2019,2019,222.004080480002,19,NA,"y"
43734,269,88,9,2019,2019,220.305069660002,19.6,NA,"y"
43735,270,89,9,2019,2019,213.792194850002,19.8,NA,"y"
43736,271,90,9,2019,2019,207.279320040002,19.2,NA,"y"
43737,272,91,9,2019,2019,203.598129930002,18.2,NA,"y"
43738,273,92,9,2019,2019,203.314961460002,17,NA,"y"
43739,274,93,10,2019,2019,208.128825450002,15.9,NA,"y"
43740,275,94,10,2019,2019,211.243678620002,15.2,NA,"y"
43741,276,95,10,2019,2019,212.376352500002,15.1,NA,"y"
43742,277,96,10,2019,2019,198.217929000002,15.4,NA,"y"
43743,278,97,10,2019,2019,188.023864080002,15.8,NA,"y"
43744,279,98,10,2019,2019,182.926831620002,16.3,NA,"y"
43745,280,99,10,2019,2019,177.263462220002,16.7,NA,"y"
43746,281,100,10,2019,2019,175.281282930002,17,NA,"y"
43747,282,101,10,2019,2019,175.281282930002,16.6,NA,"y"
43748,283,102,10,2019,2019,174.431777520002,15.8,NA,"y"
43749,284,103,10,2019,2019,174.714945990002,14.4,NA,"y"
43750,285,104,10,2019,2019,173.865440580002,14.4,NA,"y"
43751,286,105,10,2019,2019,168.768408120002,14.6,NA,"y"
43752,287,106,10,2019,2019,163.388207190001,15,NA,"y"
43753,288,107,10,2019,2019,161.689196370001,15.2,NA,"y"
43754,289,108,10,2019,2019,185.758516320002,14.9,NA,"y"
43755,290,109,10,2019,2019,198.217929000002,14.6,NA,"y"
43756,291,110,10,2019,2019,186.324853260002,14.5,NA,"y"
43757,292,111,10,2019,2019,173.299103640002,14.7,NA,"y"
43758,293,112,10,2019,2019,194.819907360002,14.9,NA,"y"
43759,294,113,10,2019,2019,206.146646160002,14.7,NA,"y"
43760,295,114,10,2019,2019,188.873369490002,15,NA,"y"
43761,296,115,10,2019,2019,168.202071180001,15.4,NA,"y"
43762,297,116,10,2019,2019,179.245641510002,15.5,NA,"y"
43763,298,117,10,2019,2019,183.493168560002,15.1,NA,"y"
43764,299,118,10,2019,2019,170.750587410002,14.9,NA,"y"
43765,300,119,10,2019,2019,155.742658500001,14.4,NA,"y"
43766,301,120,10,2019,2019,179.528809980002,13.1,NA,"y"
43767,302,121,10,2019,2019,188.023864080002,12.4,NA,"y"
43768,303,122,10,2019,2019,165.370386480001,11.6,NA,"y"
43769,304,123,10,2019,2019,145.265425110001,11.4,NA,"y"
43770,305,124,11,2019,2019,159.990185550001,11.4,NA,"y"
43771,306,125,11,2019,2019,150.079289100001,11.6,NA,"y"
43772,307,126,11,2019,2019,129.974327730001,12.2,NA,"y"
43773,308,127,11,2019,2019,120.063431280001,12.7,NA,"y"
43774,309,128,11,2019,2019,117.231746580001,13,NA,"y"
43775,310,129,11,2019,2019,118.081251990001,13.2,NA,"y"
43776,311,130,11,2019,2019,116.099072700001,13.4,NA,"y"
43777,312,131,11,2019,2019,114.966398820001,13.5,NA,"y"
43778,313,132,11,2019,2019,116.948578110001,13.6,NA,"y"
43779,314,133,11,2019,2019,114.966398820001,13.6,NA,"y"
43780,315,134,11,2019,2019,114.966398820001,13.6,NA,"y"
43781,316,135,11,2019,2019,115.532735760001,13.5,NA,"y"
43782,317,136,11,2019,2019,115.815904230001,13.5,NA,"y"
43783,318,137,11,2019,2019,117.231746580001,13.5,NA,"y"
43784,319,138,11,2019,2019,118.364420460001,13.8,NA,"y"
43785,320,139,11,2019,2019,119.780262810001,13.8,NA,"y"
43786,321,140,11,2019,2019,120.063431280001,13.8,NA,"y"
43787,322,141,11,2019,2019,124.877295270001,13.9,NA,"y"
43788,323,142,11,2019,2019,126.009969150001,13.8,NA,"y"
43789,324,143,11,2019,2019,126.576306090001,13.6,NA,"y"
43790,325,144,11,2019,2019,124.310958330001,12.9,NA,"y"
43791,326,145,11,2019,2019,126.576306090001,12.4,NA,"y"
43792,327,146,11,2019,2019,126.009969150001,12.2,NA,"y"
43793,328,147,11,2019,2019,126.293137620001,12,NA,"y"
43794,329,148,11,2019,2019,125.443632210001,11.7,NA,"y"
43795,330,149,11,2019,2019,125.726800680001,11,NA,"y"
43796,331,150,11,2019,2019,127.708979970001,9.8,NA,"y"
43797,332,151,11,2019,2019,135.637697130001,9.2,NA,"y"
43798,333,152,11,2019,2019,146.964435930001,8.9,NA,"y"
43799,334,153,11,2019,2019,149.796120630001,8.6,NA,"y"
43800,335,154,12,2019,2019,159.423848610001,8.6,NA,"y"
43801,336,155,12,2019,2019,172.166429760002,9,NA,"y"
43802,337,156,12,2019,2019,211.526847090002,9.7,NA,"y"
43803,338,157,12,2019,2019,237.295177860002,10.5,NA,"y"
43804,339,158,12,2019,2019,213.225857910002,11.2,NA,"y"
43805,340,159,12,2019,2019,201.049613700002,12,NA,"y"
43806,341,160,12,2019,2019,199.633771350002,12.7,NA,"y"
43807,342,161,12,2019,2019,220.871406600002,12.8,NA,"y"
43808,343,162,12,2019,2019,393.604173300004,12.6,NA,"y"
43809,344,163,12,2019,2019,362.455641600003,12.1,NA,"y"
43810,345,164,12,2019,2019,282.602133060003,11.7,NA,"y"
43811,346,165,12,2019,2019,242.675378790002,11.5,NA,"y"
43812,347,166,12,2019,2019,247.206074310002,11.7,NA,"y"
43813,348,167,12,2019,2019,291.663524100003,11.7,NA,"y"
43814,349,168,12,2019,2019,291.663524100003,11.5,NA,"y"
43815,350,169,12,2019,2019,288.831839400003,11.2,NA,"y"
43816,351,170,12,2019,2019,261.930834750002,10.6,NA,"y"
43817,352,171,12,2019,2019,238.994188680002,9.8,NA,"y"
43818,353,172,12,2019,2019,224.552596710002,9.3,NA,"y"
43819,354,173,12,2019,2019,218.606058840002,9.6,NA,"y"
43820,355,174,12,2019,2019,233.897156220002,9.9,NA,"y"
43821,356,175,12,2019,2019,239.277357150002,10,NA,"y"
43822,357,176,12,2019,2019,263.913014040002,9.9,NA,"y"
43823,358,177,12,2019,2019,322.812055800003,9.8,NA,"y"
43824,359,178,12,2019,2019,322.812055800003,9.7,NA,"y"
43825,360,179,12,2019,2019,297.326893500003,9.6,NA,"y"
43826,361,180,12,2019,2019,283.168470000003,9.1,NA,"y"
43827,362,181,12,2019,2019,274.107078960002,9.1,NA,"y"
43828,363,182,12,2019,2019,265.045687920002,9.2,NA,"y"
43829,364,183,12,2019,2019,259.099150050002,9.4,NA,"y"
43830,365,184,12,2019,2019,245.790231960002,9.8,NA,"y"
43831,1,185,1,2020,2019,231.065471520002,10.3,NA,"y"
43832,2,186,1,2020,2019,221.154575070002,10.4,NA,"y"
43833,3,187,1,2020,2019,211.810015560002,10.5,NA,"y"
43834,4,188,1,2020,2019,202.182287580002,10.5,NA,"y"
43835,5,189,1,2020,2019,197.651592060002,10.5,NA,"y"
43836,6,190,1,2020,2019,195.386244300002,10.3,NA,"y"
43837,7,191,1,2020,2019,193.404065010002,10,NA,"y"
43838,8,192,1,2020,2019,199.067434410002,9.9,NA,"y"
43839,9,193,1,2020,2019,202.748624520002,9.8,NA,"y"
43840,10,194,1,2020,2019,203.598129930002,9.9,NA,"y"
43841,11,195,1,2020,2019,210.394173210002,9.9,NA,"y"
43842,12,196,1,2020,2019,210.677341680002,9.8,NA,"y"
43843,13,197,1,2020,2019,209.827836270002,9.8,NA,"y"
43844,14,198,1,2020,2019,206.712983100002,9.8,NA,"y"
43845,15,199,1,2020,2019,205.580309220002,9.5,NA,"y"
43846,16,200,1,2020,2019,209.827836270002,9.2,NA,"y"
43847,17,201,1,2020,2019,212.093184030002,8.9,NA,"y"
43848,18,202,1,2020,2019,273.823910490002,8.8,NA,"y"
43849,19,203,1,2020,2019,283.168470000003,8.8,NA,"y"
43850,20,204,1,2020,2019,253.152612180002,8.5,NA,"y"
43851,21,205,1,2020,2019,237.861514800002,9.2,NA,"y"
43852,22,206,1,2020,2019,231.348639990002,9.9,NA,"y"
43853,23,207,1,2020,2019,256.833802290002,10.3,NA,"y"
43854,24,208,1,2020,2019,300.158578200003,10.4,NA,"y"
43855,25,209,1,2020,2019,286.000154700003,10.6,NA,"y"
43856,26,210,1,2020,2019,286.000154700003,11.4,NA,"y"
43857,27,211,1,2020,2019,396.435858000004,11.8,NA,"y"
43858,28,212,1,2020,2019,529.525038900005,11.7,NA,"y"
43859,29,213,1,2020,2019,441.742813200004,11.9,NA,"y"
43860,30,214,1,2020,2019,373.782380400003,11.7,NA,"y"
43861,31,215,1,2020,2019,331.307109900003,12.1,NA,"y"
43862,32,216,2,2020,2019,308.653632300003,12.2,NA,"n"
43863,33,217,2,2020,2019,294.495208800003,12.1,NA,"n"
43864,34,218,2,2020,2019,283.168470000003,11.7,NA,"n"
43865,35,219,2,2020,2019,270.992225790002,10.5,NA,"n"
43866,36,220,2,2020,2019,256.550633820002,9.2,NA,"n"
43867,37,221,2,2020,2019,242.392210320002,9.4,NA,"n"
43868,38,222,2,2020,2019,231.065471520002,10,NA,"n"
43869,39,223,2,2020,2019,220.305069660002,10.5,NA,"n"
43870,40,224,2,2020,2019,210.960510150002,10.4,NA,"n"
43871,41,225,2,2020,2019,203.031792990002,10.4,NA,"n"
43872,42,226,2,2020,2019,197.934760530002,10.8,NA,"n"
43873,43,227,2,2020,2019,191.988222660002,11.4,NA,"n"
43874,44,228,2,2020,2019,187.174358670002,11.8,NA,"n"
43875,45,229,2,2020,2019,192.554559600002,12.2,NA,"n"
43876,46,230,2,2020,2019,189.722874900002,12.5,NA,"n"
43877,47,231,2,2020,2019,185.475347850002,12.8,NA,"n"
43878,48,232,2,2020,2019,181.227820800002,12.8,NA,"n"
43879,49,233,2,2020,2019,174.714945990002,12.5,NA,"n"
43880,50,234,2,2020,2019,170.184250470002,12.4,NA,"n"
43881,51,235,2,2020,2019,167.352565770001,12.5,NA,"n"
43882,52,236,2,2020,2019,163.388207190001,12.5,NA,"n"
43883,53,237,2,2020,2019,158.008006260001,12.6,NA,"n"
43884,54,238,2,2020,2019,161.689196370001,12.8,NA,"n"
43885,55,239,2,2020,2019,168.202071180001,13,NA,"n"
43886,56,240,2,2020,2019,179.811978450002,13.2,NA,"n"
43887,57,241,2,2020,2019,183.210000090002,13.4,NA,"n"
43888,58,242,2,2020,2019,179.245641510002,13.6,NA,"n"
43889,59,243,2,2020,2019,174.431777520002,14,NA,"n"
43890,60,244,2,2020,2019,170.184250470002,14.2,NA,"n"
43891,61,245,3,2020,2019,169.617913530002,13.9,NA,"n"
43892,62,246,3,2020,2019,171.883261290002,13.1,NA,"n"
43893,63,247,3,2020,2019,177.263462220002,12.9,NA,"n"
43894,64,248,3,2020,2019,184.059505500002,13.6,NA,"n"
43895,65,249,3,2020,2019,186.041684790002,14.2,NA,"n"
43896,66,250,3,2020,2019,186.041684790002,14.4,NA,"n"
43897,67,251,3,2020,2019,185.192179380002,14.1,NA,"n"
43898,68,252,3,2020,2019,184.059505500002,13.7,NA,"n"
43899,69,253,3,2020,2019,180.378315390002,13.5,NA,"n"
43900,70,254,3,2020,2019,173.299103640002,13.9,NA,"n"
43901,71,255,3,2020,2019,171.316924350002,14.6,NA,"n"
43902,72,256,3,2020,2019,167.918902710002,15.2,NA,"n"
43903,73,257,3,2020,2019,166.219891890001,15.3,NA,"n"
43904,74,258,3,2020,2019,163.671375660001,14.9,NA,"n"
43905,75,259,3,2020,2019,162.538701780001,14.2,NA,"n"
43906,76,260,3,2020,2019,160.556522490001,13.4,NA,"n"
43907,77,261,3,2020,2019,161.689196370001,12.5,NA,"n"
43908,78,262,3,2020,2019,168.768408120002,11.5,NA,"n"
43909,79,263,3,2020,2019,219.455564250002,10.9,NA,"n"
43910,80,264,3,2020,2019,240.126862560002,11.5,NA,"n"
43911,81,265,3,2020,2019,212.659520970002,12.2,NA,"n"
43912,82,266,3,2020,2019,195.103075830002,13.7,NA,"n"
43913,83,267,3,2020,2019,186.324853260002,14.8,NA,"n"
43914,84,268,3,2020,2019,180.378315390002,14.4,NA,"n"
43915,85,269,3,2020,2019,179.245641510002,14,NA,"n"
43916,86,270,3,2020,2019,188.023864080002,13.7,NA,"n"
43917,87,271,3,2020,2019,190.289211840002,13.6,NA,"n"
43918,88,272,3,2020,2019,181.794157740002,13.5,NA,"n"
43919,89,273,3,2020,2019,182.077326210002,13.6,NA,"n"
43920,90,274,3,2020,2019,183.493168560002,13.8,NA,"n"
43921,91,275,3,2020,2019,203.598129930002,14.5,NA,"n"
43922,92,276,4,2020,2019,206.146646160002,14.5,NA,"n"
43923,93,277,4,2020,2019,210.111004740002,14.2,NA,"n"
43924,94,278,4,2020,2019,207.279320040002,14.2,NA,"n"
43925,95,279,4,2020,2019,199.350602880002,14,NA,"n"
43926,96,280,4,2020,2019,199.067434410002,13.3,NA,"n"
43927,97,281,4,2020,2019,221.437743540002,13.2,NA,"n"
43928,98,282,4,2020,2019,265.612024860002,13.5,NA,"n"
43929,99,283,4,2020,2019,257.683307700002,14.3,NA,"n"
43930,100,284,4,2020,2019,231.348639990002,14.6,NA,"n"
43931,101,285,4,2020,2019,212.942689440002,15.6,NA,"n"
43932,102,286,4,2020,2019,202.748624520002,16.9,NA,"n"
43933,103,287,4,2020,2019,196.802086650002,17.9,NA,"n"
43934,104,288,4,2020,2019,193.687233480002,18.4,NA,"n"
43935,105,289,4,2020,2019,188.023864080002,18.6,NA,"n"
43936,106,290,4,2020,2019,175.847619870002,18.8,NA,"n"
43937,107,291,4,2020,2019,166.786228830001,19,NA,"n"
43938,108,292,4,2020,2019,161.689196370001,19,NA,"n"
43939,109,293,4,2020,2019,152.344636860001,19,NA,"n"
43940,110,294,4,2020,2019,143.283245820001,18.7,NA,"n"
43941,111,295,4,2020,2019,135.071360190001,18.4,NA,"n"
43942,112,296,4,2020,2019,134.505023250001,18.4,NA,"n"
43943,113,297,4,2020,2019,132.522843960001,18.8,NA,"n"
43944,114,298,4,2020,2019,133.089180900001,19.6,NA,"n"
43945,115,299,4,2020,2019,139.035718770001,20,NA,"n"
43946,116,300,4,2020,2019,147.813941340001,20.1,NA,"n"
43947,117,301,4,2020,2019,147.247604400001,20.1,NA,"n"
43948,118,302,4,2020,2019,145.548593580001,20,NA,"n"
43949,119,303,4,2020,2019,146.398098990001,20.6,NA,"n"
43950,120,304,4,2020,2019,149.512952160001,20.7,NA,"n"
43951,121,305,4,2020,2019,151.778299920001,20.5,NA,"n"
43952,122,306,5,2020,2019,152.061468390001,20.1,NA,"n"
43953,123,307,5,2020,2019,145.548593580001,19.7,NA,"n"
43954,124,308,5,2020,2019,144.982256640001,19,NA,"n"
43955,125,309,5,2020,2019,151.495131450001,18.8,NA,"n"
43956,126,310,5,2020,2019,158.008006260001,19,NA,"n"
43957,127,311,5,2020,2019,161.689196370001,19,NA,"n"
43958,128,312,5,2020,2019,159.423848610001,19,NA,"n"
43959,129,313,5,2020,2019,158.574343200001,19.5,NA,"n"
43960,130,314,5,2020,2019,156.875332380001,20.3,NA,"n"
43961,131,315,5,2020,2019,156.592163910001,20.2,NA,"n"
43962,132,316,5,2020,2019,170.750587410002,19.9,NA,"n"
43963,133,317,5,2020,2019,184.059505500002,18.7,NA,"n"
43964,134,318,5,2020,2019,195.386244300002,17.4,NA,"n"
43965,135,319,5,2020,2019,208.411993920002,16.5,NA,"n"
43966,136,320,5,2020,2019,220.305069660002,17.1,NA,"n"
43967,137,321,5,2020,2019,229.649629170002,18.1,NA,"n"
43968,138,322,5,2020,2019,228.800123760002,18.3,NA,"n"
43969,139,323,5,2020,2019,235.029830100002,18.3,NA,"n"
43970,140,324,5,2020,2019,260.514992400002,18.2,NA,"n"
43971,141,325,5,2020,2019,325.643740500003,17.7,NA,"n"
43972,142,326,5,2020,2019,300.158578200003,NA,NA,"n"
43973,143,327,5,2020,2019,261.364497810002,19.5,NA,"n"
43974,144,328,5,2020,2019,229.083292230002,19.4,NA,"n"
43975,145,329,5,2020,2019,202.465456050002,20,NA,"n"
43976,146,330,5,2020,2019,186.608021730002,21.1,NA,"n"
43977,147,331,5,2020,2019,172.449598230002,22.3,NA,"n"
43978,148,332,5,2020,2019,160.556522490001,23.1,NA,"n"
43979,149,333,5,2020,2019,152.910973800001,23.8,NA,"n"
43980,150,334,5,2020,2019,163.105038720001,23.6,NA,"n"
43981,151,335,5,2020,2019,178.396136100002,22.6,NA,"n"
43982,152,336,5,2020,2019,191.138717250002,21.6,NA,"n"
43983,153,337,6,2020,2019,205.580309220002,20.6,NA,"n"
43984,154,338,6,2020,2019,217.473384960002,20.3,NA,"n"
43985,155,339,6,2020,2019,217.756553430002,21.3,NA,"n"
43986,156,340,6,2020,2019,211.810015560002,22,NA,"n"
43987,157,341,6,2020,2019,197.368423590002,21.8,NA,"n"
43988,158,342,6,2020,2019,190.572380310002,21.3,NA,"n"
43989,159,343,6,2020,2019,185.475347850002,20.6,NA,"n"
43990,160,344,6,2020,2019,181.794157740002,19.8,NA,"n"
43991,161,345,6,2020,2019,184.342673970002,19.5,NA,"n"
43992,162,346,6,2020,2019,176.413956810002,20.4,NA,"n"
43993,163,347,6,2020,2019,168.202071180001,20.9,NA,"n"
43994,164,348,6,2020,2019,164.804049540001,20.7,NA,"n"
43995,165,349,6,2020,2019,171.600092820002,20.2,NA,"n"
43996,166,350,6,2020,2019,184.909010910002,20.1,NA,"n"
43997,167,351,6,2020,2019,197.085255120002,19.9,NA,"n"
43998,168,352,6,2020,2019,200.200108290002,19.3,NA,"n"
43999,169,353,6,2020,2019,198.501097470002,18.9,NA,"n"
44000,170,354,6,2020,2019,201.615950640002,19.3,NA,"n"
44001,171,355,6,2020,2019,198.784265940002,20.4,NA,"n"
44002,172,356,6,2020,2019,197.085255120002,21.1,NA,"n"
44003,173,357,6,2020,2019,197.368423590002,21.7,NA,"n"
44004,174,358,6,2020,2019,198.217929000002,21.8,NA,"n"
44005,175,359,6,2020,2019,194.819907360002,22.2,NA,"n"
44006,176,360,6,2020,2019,189.439706430002,22.6,NA,"n"
44007,177,361,6,2020,2019,184.625842440002,23.1,NA,"n"
44008,178,362,6,2020,2019,180.944652330002,23.2,NA,"n"
44009,179,363,6,2020,2019,179.528809980002,22.8,NA,"n"
44010,180,364,6,2020,2019,184.625842440002,NA,NA,"n"
44011,181,365,6,2020,2019,187.174358670002,21.9,NA,"n"
44012,182,1,6,2020,2019,191.138717250002,21.2,NA,"n"
44013,183,2,7,2020,2020,199.633771350002,21,NA,"n"
44014,184,3,7,2020,2020,195.669412770002,21.3,NA,"n"
44015,185,4,7,2020,2020,193.120896540002,21.1,NA,"n"
44016,186,5,7,2020,2020,191.988222660002,21.4,NA,"n"
44017,187,6,7,2020,2020,196.802086650002,21.7,NA,"n"
44018,188,7,7,2020,2020,199.067434410002,21.6,NA,"n"
44019,189,8,7,2020,2020,197.934760530002,21.3,NA,"n"
44020,190,9,7,2020,2020,196.235749710002,21.5,NA,"n"
44021,191,10,7,2020,2020,194.536738890002,21.6,NA,"n"
44022,192,11,7,2020,2020,195.103075830002,21.8,NA,"n"
44023,193,12,7,2020,2020,194.819907360002,22,NA,"n"
44024,194,13,7,2020,2020,194.253570420002,22.1,NA,"n"
44025,195,14,7,2020,2020,193.970401950002,22,NA,"n"
44026,196,15,7,2020,2020,197.085255120002,22.1,NA,"n"
44027,197,16,7,2020,2020,197.368423590002,22.1,NA,"n"
44028,198,17,7,2020,2020,199.633771350002,22.1,NA,"n"
44029,199,18,7,2020,2020,197.934760530002,22.2,NA,"n"
44030,200,19,7,2020,2020,199.633771350002,22.4,NA,"n"
44031,201,20,7,2020,2020,199.350602880002,22.4,NA,"n"
44032,202,21,7,2020,2020,199.067434410002,22.2,NA,"n"
44033,203,22,7,2020,2020,198.217929000002,21.9,NA,"n"
44034,204,23,7,2020,2020,199.633771350002,21.8,NA,"n"
44035,205,24,7,2020,2020,200.200108290002,21.6,NA,"n"
44036,206,25,7,2020,2020,194.253570420002,21.7,NA,"n"
44037,207,26,7,2020,2020,187.457527140002,NA,NA,"n"
44038,208,27,7,2020,2020,182.926831620002,21.9,NA,"n"
44039,209,28,7,2020,2020,180.944652330002,22.2,NA,"n"
44040,210,29,7,2020,2020,181.227820800002,22.2,NA,"n"
44041,211,30,7,2020,2020,182.926831620002,22.2,NA,"n"
44042,212,31,7,2020,2020,179.811978450002,22.2,NA,"n"
44043,213,32,7,2020,2020,173.015935170002,22,NA,"n"
44044,214,33,8,2020,2020,168.768408120002,22,NA,"y"
44045,215,34,8,2020,2020,166.219891890001,NA,NA,"y"
44046,216,35,8,2020,2020,167.069397300001,21.9,NA,"y"
44047,217,36,8,2020,2020,171.883261290002,21.9,NA,"y"
44048,218,37,8,2020,2020,173.865440580002,NA,NA,"y"
44049,219,38,8,2020,2020,174.431777520002,21.6,NA,"y"
44050,220,39,8,2020,2020,175.564451400002,NA,NA,"y"
44051,221,40,8,2020,2020,176.980293750002,NA,NA,"y"
44052,222,41,8,2020,2020,177.546630690002,22.3,NA,"y"
44053,223,42,8,2020,2020,173.865440580002,22.6,NA,"y"
44054,224,43,8,2020,2020,175.281282930002,22.4,NA,"y"
44055,225,44,8,2020,2020,179.811978450002,NA,NA,"y"
44056,226,45,8,2020,2020,180.378315390002,22,NA,"y"
44057,227,46,8,2020,2020,182.360494680002,22.2,NA,"y"
44058,228,47,8,2020,2020,183.210000090002,22.2,NA,"y"
44059,229,48,8,2020,2020,185.192179380002,22,NA,"y"
44060,230,49,8,2020,2020,188.590201020002,21.4,NA,"y"
44061,231,50,8,2020,2020,190.855548780002,20.7,NA,"y"
44062,232,51,8,2020,2020,194.253570420002,20.9,NA,"y"
44063,233,52,8,2020,2020,204.164466870002,20.7,NA,"y"
44064,234,53,8,2020,2020,209.827836270002,19.3,NA,"y"
44065,235,54,8,2020,2020,207.562488510002,18.7,NA,"y"
44066,236,55,8,2020,2020,203.031792990002,19.2,NA,"y"
44067,237,56,8,2020,2020,201.899119110002,19.4,NA,"y"
44068,238,57,8,2020,2020,203.881298400002,20,NA,"y"
44069,239,58,8,2020,2020,204.164466870002,20.2,NA,"y"
44070,240,59,8,2020,2020,200.483276760002,20.6,NA,"y"
44071,241,60,8,2020,2020,193.120896540002,20.6,NA,"y"
44072,242,61,8,2020,2020,188.873369490002,20.7,NA,"y"
44073,243,62,8,2020,2020,186.324853260002,NA,NA,"y"
44074,244,63,8,2020,2020,188.023864080002,21.2,NA,"y"
44075,245,64,9,2020,2020,187.740695610002,20.4,NA,"y"
44076,246,65,9,2020,2020,181.510989270002,20.8,NA,"y"
44077,247,66,9,2020,2020,178.679304570002,21.4,NA,"y"
44078,248,67,9,2020,2020,176.697125280002,21.2,NA,"y"
44079,249,68,9,2020,2020,176.980293750002,21.8,NA,"y"
44080,250,69,9,2020,2020,178.112967630002,21.9,NA,"y"
44081,251,70,9,2020,2020,179.528809980002,21.7,NA,"y"
44082,252,71,9,2020,2020,182.360494680002,NA,NA,"y"
44083,253,72,9,2020,2020,181.227820800002,NA,NA,"y"
44084,254,73,9,2020,2020,175.281282930002,18.5,NA,"y"
44085,255,74,9,2020,2020,173.865440580002,17.3,NA,"y"
44086,256,75,9,2020,2020,175.564451400002,17.1,NA,"y"
44087,257,76,9,2020,2020,177.829799160002,17,NA,"y"
44088,258,77,9,2020,2020,180.661483860002,17.9,NA,"y"
44089,259,78,9,2020,2020,182.926831620002,18.2,NA,"y"
44090,260,79,9,2020,2020,183.210000090002,18.7,NA,"y"
44091,261,80,9,2020,2020,183.210000090002,19,NA,"y"
44092,262,81,9,2020,2020,182.360494680002,18.9,NA,"y"
44093,263,82,9,2020,2020,180.661483860002,19.2,NA,"y"
44094,264,83,9,2020,2020,173.299103640002,19.4,NA,"y"
44095,265,84,9,2020,2020,170.467418940002,19.6,NA,"y"
44096,266,85,9,2020,2020,169.901082000002,19.5,NA,"y"
44097,267,86,9,2020,2020,168.202071180001,19.6,NA,"y"
44098,268,87,9,2020,2020,167.069397300001,19.7,NA,"y"
44099,269,88,9,2020,2020,168.485239650002,19.6,NA,"y"
44100,270,89,9,2020,2020,168.202071180001,19.7,NA,"y"
44101,271,90,9,2020,2020,169.901082000002,19.5,NA,"y"
44102,272,91,9,2020,2020,169.617913530002,19.3,NA,"y"
44103,273,92,9,2020,2020,171.033755880002,NA,NA,"y"
44104,274,93,9,2020,2020,169.901082000002,19.6,NA,"y"
44105,275,94,10,2020,2020,166.219891890001,19.5,NA,"y"
44106,276,95,10,2020,2020,162.538701780001,19,NA,"y"
44107,277,96,10,2020,2020,156.875332380001,18.6,NA,"y"
44108,278,97,10,2020,2020,152.627805330001,18.9,NA,"y"
44109,279,98,10,2020,2020,152.344636860001,18.6,NA,"y"
44110,280,99,10,2020,2020,154.893153090001,18.4,NA,"y"
44111,281,100,10,2020,2020,150.362457570001,NA,NA,"y"
44112,282,101,10,2020,2020,145.831762050001,17.8,NA,"y"
44113,283,102,10,2020,2020,141.584235000001,17.4,NA,"y"
44114,284,103,10,2020,2020,139.318887240001,17.3,NA,"y"
44115,285,104,10,2020,2020,134.505023250001,17.1,NA,"y"
44116,286,105,10,2020,2020,125.726800680001,17.3,NA,"y"
44117,287,106,10,2020,2020,126.859474560001,NA,NA,"y"
44118,288,107,10,2020,2020,127.425811500001,NA,NA,"y"
44119,289,108,10,2020,2020,123.744621390001,NA,NA,"y"
44120,290,109,10,2020,2020,118.930757400001,17.8,NA,"y"
44121,291,110,10,2020,2020,113.267388000001,NA,NA,"y"
44122,292,111,10,2020,2020,111.285208710001,NA,NA,"y"
44123,293,112,10,2020,2020,107.604018600001,NA,NA,"y"
44124,294,113,10,2020,2020,105.905007780001,18.4,NA,"y"
44125,295,114,10,2020,2020,104.489165430001,18.4,NA,"y"
44126,296,115,10,2020,2020,101.657480730001,18.3,NA,"y"
44127,297,116,10,2020,2020,100.524806850001,17,NA,"y"
44128,298,117,10,2020,2020,103.073323080001,16.2,NA,"y"
44129,299,118,10,2020,2020,102.790154610001,15.8,NA,"y"
44130,300,119,10,2020,2020,101.374312260001,14.7,NA,"y"
44131,301,120,10,2020,2020,104.772333900001,13.3,NA,"y"
44132,302,121,10,2020,2020,109.303029420001,13.8,NA,"y"
44133,303,122,10,2020,2020,107.604018600001,13.8,NA,"y"
44134,304,123,10,2020,2020,107.037681660001,13.9,NA,"y"
44135,305,124,10,2020,2020,109.019860950001,14.3,NA,"y"
44136,306,125,11,2020,2020,106.754513190001,14.5,NA,"y"
44137,307,126,11,2020,2020,107.887187070001,14.6,NA,"y"
44138,308,127,11,2020,2020,112.417882590001,14.7,NA,"y"
44139,309,128,11,2020,2020,117.514915050001,14.8,NA,"y"
44140,310,129,11,2020,2020,117.231746580001,14.9,NA,"y"
44141,311,130,11,2020,2020,115.815904230001,14.7,NA,"y"
44142,312,131,11,2020,2020,112.701051060001,14.4,NA,"y"
44143,313,132,11,2020,2020,110.718871770001,14,NA,"y"
44144,314,133,11,2020,2020,109.303029420001,12.9,NA,"y"
44145,315,134,11,2020,2020,110.152534830001,11.7,NA,"y"
44146,316,135,11,2020,2020,113.550556470001,11.3,NA,"y"
44147,317,136,11,2020,2020,114.683230350001,11,NA,"y"
44148,318,137,11,2020,2020,117.514915050001,10.6,NA,"y"
44149,319,138,11,2020,2020,118.930757400001,11.1,NA,"y"
44150,320,139,11,2020,2020,119.497094340001,11.5,NA,"y"
44151,321,140,11,2020,2020,119.780262810001,11.8,NA,"y"
44152,322,141,11,2020,2020,121.196105160001,12.1,NA,"y"
44153,323,142,11,2020,2020,127.992148440001,12.8,NA,"y"
44154,324,143,11,2020,2020,130.257496200001,12.9,NA,"y"
44155,325,144,11,2020,2020,134.221854780001,12.6,NA,"y"
44156,326,145,11,2020,2020,133.089180900001,12.4,NA,"y"
44157,327,146,11,2020,2020,128.841653850001,11.9,NA,"y"
44158,328,147,11,2020,2020,123.178284450001,11.6,NA,"y"
44159,329,148,11,2020,2020,128.275316910001,11.5,NA,"y"
44160,330,149,11,2020,2020,128.275316910001,11.4,NA,"y"
44161,331,150,11,2020,2020,127.708979970001,11.3,NA,"y"
44162,332,151,11,2020,2020,127.425811500001,10.8,NA,"y"
44163,333,152,11,2020,2020,124.877295270001,10.6,NA,"y"
44164,334,153,11,2020,2020,122.328779040001,10.5,NA,"y"
44165,335,154,11,2020,2020,118.930757400001,10.3,NA,"y"
44166,336,155,12,2020,2020,118.930757400001,10.3,NA,"y"
44167,337,156,12,2020,2020,118.930757400001,10.3,NA,"y"
44168,338,157,12,2020,2020,118.081251990001,10.4,NA,"y"
44169,339,158,12,2020,2020,117.231746580001,10.4,NA,"y"
44170,340,159,12,2020,2020,118.930757400001,10.3,NA,"y"
44171,341,160,12,2020,2020,115.815904230001,10.2,NA,"y"
44172,342,161,12,2020,2020,113.833724940001,10.4,NA,"y"
44173,343,162,12,2020,2020,114.966398820001,10.3,NA,"y"
44174,344,163,12,2020,2020,117.514915050001,10.3,NA,"y"
44175,345,164,12,2020,2020,121.196105160001,10.3,NA,"y"
44176,346,165,12,2020,2020,118.930757400001,10.2,NA,"y"
44177,347,166,12,2020,2020,114.966398820001,10.2,NA,"y"
44178,348,167,12,2020,2020,118.930757400001,10.2,NA,"y"
44179,349,168,12,2020,2020,127.708979970001,10.5,NA,"y"
44180,350,169,12,2020,2020,133.938686310001,10.4,NA,"y"
44181,351,170,12,2020,2020,139.035718770001,10.2,NA,"y"
44182,352,171,12,2020,2020,141.301066530001,10.3,NA,"y"
44183,353,172,12,2020,2020,141.017898060001,10.2,NA,"y"
44184,354,173,12,2020,2020,146.964435930001,10,NA,"y"
44185,355,174,12,2020,2020,145.265425110001,9.8,NA,"y"
44186,356,175,12,2020,2020,138.469381830001,9.7,NA,"y"
44187,357,176,12,2020,2020,135.920865600001,9.6,NA,"y"
44188,358,177,12,2020,2020,133.938686310001,9.4,NA,"y"
44189,359,178,12,2020,2020,131.107001610001,9.1,NA,"y"
44190,360,179,12,2020,2020,128.275316910001,8.8,NA,"y"
44191,361,180,12,2020,2020,127.708979970001,9.2,NA,"y"
44192,362,181,12,2020,2020,129.407990790001,9.4,NA,"y"
44193,363,182,12,2020,2020,139.035718770001,9.6,NA,"y"
44194,364,183,12,2020,2020,136.487202540001,9.6,NA,"y"
44195,365,184,12,2020,2020,130.823833140001,9.4,NA,"y"
44196,366,185,12,2020,2020,129.974327730001,9.2,NA,"y"
44197,1,185,1,2021,2020,128.841653850001,9.2,NA,"y"
44198,2,186,1,2021,2020,127.992148440001,9.4,NA,"y"
44199,3,187,1,2021,2020,126.859474560001,9.8,NA,"y"
44200,4,188,1,2021,2020,127.708979970001,10.4,NA,"y"
44201,5,189,1,2021,2020,130.823833140001,10.7,NA,"y"
44202,6,190,1,2021,2020,148.663446750001,10.6,NA,"y"
44203,7,191,1,2021,2020,166.219891890001,10.4,NA,"y"
44204,8,192,1,2021,2020,152.061468390001,10,NA,"y"
44205,9,193,1,2021,2020,143.849582760001,9.6,NA,"y"
44206,10,194,1,2021,2020,141.301066530001,9.6,NA,"y"
44207,11,195,1,2021,2020,140.168392650001,9.8,NA,"y"
44208,12,196,1,2021,2020,135.637697130001,10,NA,"y"
44209,13,197,1,2021,2020,132.239675490001,10.4,NA,"y"
44210,14,198,1,2021,2020,126.859474560001,10.9,NA,"y"
44211,15,199,1,2021,2020,135.637697130001,11.1,NA,"y"
44212,16,200,1,2021,2020,141.017898060001,11.6,NA,"y"
44213,17,201,1,2021,2020,136.770371010001,12,NA,"y"
44214,18,202,1,2021,2020,132.806012430001,12,NA,"y"
44215,19,203,1,2021,2020,128.558485380001,11.6,NA,"y"
44216,20,204,1,2021,2020,126.576306090001,10.9,NA,"y"
44217,21,205,1,2021,2020,125.726800680001,10.5,NA,"y"
44218,22,206,1,2021,2020,125.160463740001,10.4,NA,"y"
44219,23,207,1,2021,2020,125.160463740001,10.4,NA,"y"
44220,24,208,1,2021,2020,125.443632210001,10.2,NA,"y"
44221,25,209,1,2021,2020,125.443632210001,9.6,NA,"y"
44222,26,210,1,2021,2020,126.009969150001,9.4,NA,"y"
44223,27,211,1,2021,2020,136.487202540001,8.5,NA,"y"
44224,28,212,1,2021,2020,155.742658500001,8.5,NA,"y"
44225,29,213,1,2021,2020,237.578346330002,8.9,NA,"y"
44226,30,214,1,2021,2020,328.475425200003,8.6,NA,"y"
44227,31,215,1,2021,2020,302.990262900003,9.3,NA,"y"
44228,32,216,2,2021,2020,239.277357150002,9.8,NA,"n"
44229,33,217,2,2021,2020,208.695162390002,10.9,NA,"n"
44230,34,218,2,2021,2020,213.509026380002,11.2,NA,"n"
44231,35,219,2,2021,2020,300.158578200003,10.9,NA,"n"
44232,36,220,2,2021,2020,281.469459180003,10.2,NA,"n"
44233,37,221,2,2021,2020,230.215966110002,10.2,NA,"n"
44234,38,222,2,2021,2020,203.031792990002,10.8,NA,"n"
44235,39,223,2,2021,2020,190.855548780002,11,NA,"n"
44236,40,224,2,2021,2020,184.625842440002,11.7,NA,"n"
44237,41,225,2,2021,2020,180.944652330002,12.2,NA,"n"
44238,42,226,2,2021,2020,178.962473040002,12.1,NA,"n"
44239,43,227,2,2021,2020,178.396136100002,12.2,NA,"n"
44240,44,228,2,2021,2020,192.837728070002,12.7,NA,"n"
44241,45,229,2,2021,2020,245.223895020002,12.5,NA,"n"
44242,46,230,2,2021,2020,262.214003220002,11.6,NA,"n"
44243,47,231,2,2021,2020,240.410031030002,11.4,NA,"n"
44244,48,232,2,2021,2020,244.940726550002,11.4,NA,"n"
44245,49,233,2,2021,2020,235.879335510002,11,NA,"n"
44246,50,234,2,2021,2020,213.509026380002,11,NA,"n"
44247,51,235,2,2021,2020,195.952581240002,11.2,NA,"n"
44248,52,236,2,2021,2020,187.457527140002,11.2,NA,"n"
44249,53,237,2,2021,2020,182.926831620002,11.7,NA,"n"
44250,54,238,2,2021,2020,171.883261290002,12.4,NA,"n"
44251,55,239,2,2021,2020,163.954544130001,12.3,NA,"n"
44252,56,240,2,2021,2020,158.008006260001,12.1,NA,"n"
44253,57,241,2,2021,2020,150.928794510001,12.1,NA,"n"
44254,58,242,2,2021,2020,145.265425110001,12,NA,"n"
44255,59,243,2,2021,2020,139.602055710001,11.8,NA,"n"
44256,60,244,3,2021,2020,134.221854780001,12.2,NA,"n"
44257,61,245,3,2021,2020,133.938686310001,12.6,NA,"n"
44258,62,246,3,2021,2020,129.407990790001,12.9,NA,"n"
44259,63,247,3,2021,2020,128.558485380001,13,NA,"n"
44260,64,248,3,2021,2020,131.673338550001,13.3,NA,"n"
44261,65,249,3,2021,2020,136.770371010001,13.5,NA,"n"
44262,66,250,3,2021,2020,138.752550300001,13.9,NA,"n"
44263,67,251,3,2021,2020,141.867403470001,13.8,NA,"n"
44264,68,252,3,2021,2020,139.318887240001,13.3,NA,"n"
44265,69,253,3,2021,2020,137.053539480001,12.4,NA,"n"
44266,70,254,3,2021,2020,139.318887240001,12.1,NA,"n"
44267,71,255,3,2021,2020,151.495131450001,12.5,NA,"n"
44268,72,256,3,2021,2020,155.459490030001,12.9,NA,"n"
44269,73,257,3,2021,2020,147.813941340001,12.7,NA,"n"
44270,74,258,3,2021,2020,144.699088170001,12.5,NA,"n"
44271,75,259,3,2021,2020,156.308995440001,12.9,NA,"n"
44272,76,260,3,2021,2020,219.172395780002,12.7,NA,"n"
44273,77,261,3,2021,2020,201.615950640002,12.2,NA,"n"
44274,78,262,3,2021,2020,181.510989270002,12.8,NA,"n"
44275,79,263,3,2021,2020,214.075363320002,13.4,NA,"n"
44276,80,264,3,2021,2020,246.922905840002,13.4,NA,"n"
44277,81,265,3,2021,2020,228.233786820002,13.5,NA,"n"
44278,82,266,3,2021,2020,203.598129930002,14,NA,"n"
44279,83,267,3,2021,2020,187.174358670002,14.2,NA,"n"
44280,84,268,3,2021,2020,172.732766700002,14.7,NA,"n"
44281,85,269,3,2021,2020,158.857511670001,14.9,NA,"n"
44282,86,270,3,2021,2020,152.061468390001,15.4,NA,"n"
44283,87,271,3,2021,2020,149.229783690001,16.3,NA,"n"
44284,88,272,3,2021,2020,143.566414290001,16.4,NA,"n"
44285,89,273,3,2021,2020,141.867403470001,16.2,NA,"n"
44286,90,274,3,2021,2020,137.053539480001,16,NA,"n"
44287,91,275,4,2021,2020,134.221854780001,16.7,NA,"n"
44288,92,276,4,2021,2020,132.522843960001,17.3,NA,"n"
44289,93,277,4,2021,2020,128.841653850001,17.3,NA,"n"
44290,94,278,4,2021,2020,133.372349370001,17.4,NA,"n"
44291,95,279,4,2021,2020,143.283245820001,17.8,NA,"n"
44292,96,280,4,2021,2020,148.380278280001,18.2,NA,"n"
44293,97,281,4,2021,2020,147.247604400001,18,NA,"n"
44294,98,282,4,2021,2020,144.982256640001,18.4,NA,"n"
44295,99,283,4,2021,2020,143.283245820001,18.6,NA,"n"
44296,100,284,4,2021,2020,148.946615220001,18.7,NA,"n"
44297,101,285,4,2021,2020,150.928794510001,18.9,NA,"n"
44298,102,286,4,2021,2020,150.645626040001,18.8,NA,"n"
44299,103,287,4,2021,2020,145.548593580001,18.7,NA,"n"
44300,104,288,4,2021,2020,139.035718770001,18.5,NA,"n"
44301,105,289,4,2021,2020,132.806012430001,18.5,NA,"n"
44302,106,290,4,2021,2020,128.841653850001,18.7,NA,"n"
44303,107,291,4,2021,2020,123.744621390001,19.1,NA,"n"
44304,108,292,4,2021,2020,116.948578110001,19.4,NA,"n"
44305,109,293,4,2021,2020,112.417882590001,19.8,NA,"n"
44306,110,294,4,2021,2020,114.116893410001,20,NA,"n"
44307,111,295,4,2021,2020,114.400061880001,20.2,NA,"n"
44308,112,296,4,2021,2020,109.869366360001,19.9,NA,"n"
44309,113,297,4,2021,2020,111.851545650001,19.6,NA,"n"
44310,114,298,4,2021,2020,113.267388000001,19.2,NA,"n"
44311,115,299,4,2021,2020,115.249567290001,18.1,NA,"n"
44312,116,300,4,2021,2020,116.948578110001,17.3,NA,"n"
44313,117,301,4,2021,2020,122.895115980001,17.8,NA,"n"
44314,118,302,4,2021,2020,122.895115980001,18.4,NA,"n"
44315,119,303,4,2021,2020,115.532735760001,19.6,NA,"n"
44316,120,304,4,2021,2020,109.869366360001,20.6,NA,"n"
44317,121,305,5,2021,2020,106.754513190001,21,NA,"n"
44318,122,306,5,2021,2020,110.152534830001,21.5,NA,"n"
44319,123,307,5,2021,2020,113.267388000001,21,NA,"n"
44320,124,308,5,2021,2020,113.833724940001,21.4,NA,"n"
44321,125,309,5,2021,2020,111.851545650001,22.2,NA,"n"
44322,126,310,5,2021,2020,111.568377180001,22,NA,"n"
44323,127,311,5,2021,2020,115.249567290001,22.3,NA,"n"
44324,128,312,5,2021,2020,127.425811500001,21.6,NA,"n"
44325,129,313,5,2021,2020,137.053539480001,20.7,NA,"n"
44326,130,314,5,2021,2020,140.451561120001,20.4,NA,"n"
44327,131,315,5,2021,2020,142.150571940001,20.8,NA,"n"
44328,132,316,5,2021,2020,141.867403470001,21.7,NA,"n"
44329,133,317,5,2021,2020,147.247604400001,22.3,NA,"n"
44330,134,318,5,2021,2020,147.813941340001,22.4,NA,"n"
44331,135,319,5,2021,2020,141.301066530001,22.2,NA,"n"
44332,136,320,5,2021,2020,140.168392650001,22.1,NA,"n"
44333,137,321,5,2021,2020,145.548593580001,21.5,NA,"n"
44334,138,322,5,2021,2020,148.946615220001,21.8,NA,"n"
44335,139,323,5,2021,2020,152.061468390001,21.4,NA,"n"
44336,140,324,5,2021,2020,154.326816150001,20.8,NA,"n"
44337,141,325,5,2021,2020,150.928794510001,19.8,NA,"n"
44338,142,326,5,2021,2020,152.627805330001,19.2,NA,"n"
44339,143,327,5,2021,2020,160.273354020001,19.5,NA,"n"
44340,144,328,5,2021,2020,157.441669320001,20.3,NA,"n"
44341,145,329,5,2021,2020,154.609984620001,21.6,NA,"n"
44342,146,330,5,2021,2020,151.495131450001,21.8,NA,"n"
44343,147,331,5,2021,2020,146.681267460001,21.9,NA,"n"
44344,148,332,5,2021,2020,133.372349370001,22.7,NA,"n"
44345,149,333,5,2021,2020,119.213925870001,23.4,NA,"n"
44346,150,334,5,2021,2020,112.134714120001,24.1,NA,"n"
44347,151,335,5,2021,2020,109.303029420001,25.3,NA,"n"
44348,152,336,6,2021,2020,104.772333900001,26,NA,"n"
44349,153,337,6,2021,2020,101.091143790001,25.8,NA,"n"
44350,154,338,6,2021,2020,101.374312260001,26,NA,"n"
44351,155,339,6,2021,2020,102.790154610001,26,NA,"n"
44352,156,340,6,2021,2020,103.073323080001,25.9,NA,"n"
44353,157,341,6,2021,2020,103.073323080001,26,NA,"n"
44354,158,342,6,2021,2020,100.524806850001,25.5,NA,"n"
44355,159,343,6,2021,2020,98.8257960300009,24.3,NA,"n"
44356,160,344,6,2021,2020,96.8436167400009,22.5,NA,"n"
44357,161,345,6,2021,2020,94.2951005100008,21.9,NA,"n"
44358,162,346,6,2021,2020,93.7287635700008,21.8,NA,"n"
44359,163,347,6,2021,2020,93.1624266300008,22.8,NA,"n"
44360,164,348,6,2021,2020,93.1624266300008,23.5,NA,"n"
44361,165,349,6,2021,2020,93.1624266300008,23.8,NA,"n"
44362,166,350,6,2021,2020,95.4277743900008,23.8,NA,"n"
44363,167,351,6,2021,2020,95.4277743900008,24.3,NA,"n"
44364,168,352,6,2021,2020,93.1624266300008,25.2,NA,"n"
44365,169,353,6,2021,2020,96.8436167400009,25.7,NA,"n"
44366,170,354,6,2021,2020,99.3921329700009,26,NA,"n"
44367,171,355,6,2021,2020,100.524806850001,25.6,NA,"n"
44368,172,356,6,2021,2020,104.205996960001,25.1,NA,"n"
44369,173,357,6,2021,2020,105.621839310001,24.6,NA,"n"
44370,174,358,6,2021,2020,105.905007780001,24.5,NA,"n"
44371,175,359,6,2021,2020,107.320850130001,24.3,NA,"n"
44372,176,360,6,2021,2020,106.754513190001,24.5,NA,"n"
44373,177,361,6,2021,2020,101.940649200001,24.8,NA,"n"
44374,178,362,6,2021,2020,97.4099536800009,25.4,NA,"n"
44375,179,363,6,2021,2020,98.5426275600009,25.8,NA,"n"
44376,180,364,6,2021,2020,104.205996960001,26,NA,"n"
44377,181,365,6,2021,2020,108.170355540001,25.8,NA,"n"
44378,182,1,7,2021,2021,106.188176250001,25.4,NA,"n"
44379,183,2,7,2021,2021,103.922828490001,25.5,NA,"n"
44380,184,3,7,2021,2021,105.621839310001,25.6,NA,"n"
44381,185,4,7,2021,2021,111.568377180001,25.4,NA,"n"
44382,186,5,7,2021,2021,114.116893410001,25,NA,"n"
44383,187,6,7,2021,2021,124.877295270001,24.6,NA,"n"
44384,188,7,7,2021,2021,131.673338550001,24.2,NA,"n"
44385,189,8,7,2021,2021,133.938686310001,24.1,NA,"n"
44386,190,9,7,2021,2021,133.938686310001,24.5,NA,"n"
44387,191,10,7,2021,2021,132.806012430001,24.7,NA,"n"
44388,192,11,7,2021,2021,129.974327730001,24.7,NA,"n"
44389,193,12,7,2021,2021,129.407990790001,24.6,NA,"n"
44390,194,13,7,2021,2021,129.974327730001,24.1,NA,"n"
44391,195,14,7,2021,2021,130.257496200001,23.9,NA,"n"
44392,196,15,7,2021,2021,131.107001610001,23.6,NA,"n"
44393,197,16,7,2021,2021,131.107001610001,23.4,NA,"n"
44394,198,17,7,2021,2021,132.522843960001,23.6,NA,"n"
44395,199,18,7,2021,2021,135.637697130001,23.6,NA,"n"
44396,200,19,7,2021,2021,135.071360190001,23.4,NA,"n"
44397,201,20,7,2021,2021,135.354528660001,23.5,NA,"n"
44398,202,21,7,2021,2021,NA,23.5,NA,"n"
44399,203,22,7,2021,2021,NA,23.3,NA,"n"
44400,204,23,7,2021,2021,NA,23.5,NA,"n"
44401,205,24,7,2021,2021,135.637697130001,23.5,NA,"n"
44402,206,25,7,2021,2021,137.336707950001,23.1,NA,"n"
44403,207,26,7,2021,2021,138.752550300001,23,NA,"n"
44404,208,27,7,2021,2021,143.000077350001,23.8,NA,"n"
